Country,Rank,PowerIndex,Total Population,Total Military Personnel,Active Personnel,Reserve Personnel,Total Aircraft Strength,Total Helicopter Strength,Total Tank Strength,Total Naval Assets,Defense Budget
United States,1,0.0741,"341,963,408","150,463,900","1,333,030","799,500","13,032","5,913","4,666",465,"$                        							831,500,000,000"
Russia,2,0.0791,"140,820,810","69,002,197","1,320,000","2,000,000","4,237","1,643","5,630",747,"$                        							212,638,272,000"
China,3,0.0919,"1,415,043,270","764,123,366","2,035,000","510,000","3,529","1,007","5,870",841,"$                        							303,000,000,000"
India,4,0.1346,"1,409,128,296","662,290,299","1,431,000","1,000,000","2,183",594,"3,913",343,"$                        							109,000,000,000"
South Korea,5,0.1642,"52,081,799","26,040,900","450,000","3,100,000","1,540",827,"1,831",215,"$                        							44,800,000,000"
France,6,0.1798,"68,374,591","30,084,820","264,000","43,444",974,452,427,166,"$                        							67,232,395,000"
Japan,7,0.1876,"123,201,945","52,976,836","251,500","56,000","1,429",583,734,158,"$                        							58,000,000,000"
United Kingdom,8,0.1881,"68,459,055","31,491,165","141,330","31,940",625,262,288,116,"$                        							88,526,529,585"
Turkiye,9,0.1975,"84,119,531","42,985,080","481,000","380,000","1,101",509,"2,284",192,"$                        							51,400,000,000"
Italy,10,0.2211,"60,964,931","27,434,219","165,500","18,300",714,352,203,285,"$                        							37,325,165,000"
Brazil,11,0.2374,"220,051,512","112,226,271","376,000","1,340,000",495,186,294,69,"$                        							26,400,000,000"
Germany,12,0.2463,"84,119,100","38,694,786","184,324","860,000",569,292,296,96,"$                        							127,400,090,000"
Indonesia,13,0.2582,"281,562,465","137,965,608","404,500","401,000",460,212,331,338,"$                        							11,155,297,716"
Pakistan,14,0.2626,"252,363,571","108,516,336","660,000","550,000","1,397",379,"2,677",120,"$                        							9,102,115,350"
Israel,15,0.2707,"9,402,617","3,949,099","169,500","465,000",597,127,"1,300",82,"$                        							34,600,000,000"
Iran,16,0.3199,"88,386,937","49,496,685","610,000","350,000",551,129,"2,675",109,"$                        							9,230,000,000"
Australia,17,0.3208,"26,768,598","11,242,811","58,910","33,270",348,72,46,45,"$                        							57,350,000,000"
Spain,18,0.3247,"47,280,433","21,748,999","121,802","24,033",440,169,298,175,"$                        							39,000,676,350"
Egypt,19,0.3651,"111,247,248","45,611,372","438,500","479,000","1,088",348,"3,620",149,"$                        							5,193,500,000"
Ukraine,20,0.3691,"35,661,826","18,187,531","900,000","4,000,000",347,140,"1,121",169,"$                        							45,000,000,000"
Poland,21,0.3891,"38,746,310","18,985,692","250,000","350,000",457,224,798,63,"$                        							55,865,141,600"
Taiwan,22,0.3927,"23,595,274","12,269,542","230,000","1,657,000",720,239,"1,090",91,"$                        							31,180,000,000"
Vietnam,23,0.4066,"105,758,975","54,994,667","450,000","5,000,000",265,101,"1,999",116,"$                        							10,200,000,000"
Thailand,24,0.4458,"69,920,998","36,358,919","360,850","200,000",496,258,744,304,"$                        							6,006,660,000"
Saudi Arabia,25,0.4473,"36,544,431","19,003,104","247,000",0,917,264,"1,085",32,"$                        							63,988,055,520"
Sweden,26,0.4834,"10,589,835","4,235,934","25,600","34,000",172,53,110,279,"$                        							15,900,000,000"
Algeria,27,0.4849,"47,022,473","22,570,787","130,000","150,000",620,300,"1,485",111,"$                        							25,000,000,000"
Canada,28,0.5269,"38,794,813","16,681,770","63,500","23,000",354,146,74,67,"$                        							45,824,959,620"
Singapore,29,0.5272,"6,028,459","3,918,498","51,000","252,500",235,75,170,101,"$                        							18,000,000,000"
Greece,30,0.5484,"10,461,091","4,916,713","142,700","221,350",560,285,"1,344",186,"$                        							8,242,150,000"
North Korea,31,0.5933,"26,298,666","9,467,520","1,320,000","560,000",837,205,"4,895",332,"$                        							4,750,000,000"
Argentina,32,0.5983,"46,994,384","20,677,529","108,000","12,370",241,96,362,42,"$                        							993,919,790"
Nigeria,33,0.6097,"236,747,130","125,475,979","230,000",0,159,69,330,152,"$                        							3,900,000,000"
Netherlands,34,0.6142,"17,772,378","7,997,570","44,245","8,510",130,67,18,140,"$                        							31,791,150,000"
Myanmar,35,0.6265,"57,527,139","30,489,384","228,000","19,000",331,86,"1,040",239,"$                        							2,815,031,361"
Mexico,36,0.6401,"130,739,927","61,447,766","387,000","98,653",424,173,0,164,"$                        							9,100,000,000"
Bangladesh,37,0.6517,"168,697,184","82,661,620","204,000",0,212,67,320,121,"$                        							3,340,000,000"
Portugal,38,0.6659,"10,639,726","5,319,863","25,000","23,500",128,36,34,128,"$                        							6,760,000,000"
Norway,39,0.6679,"5,509,733","2,203,893","33,440","20,100",109,34,36,48,"$                        							11,189,483,200"
South Africa,40,0.6843,"60,442,647","27,803,618","68,731","29,350",181,87,248,63,"$                        							2,877,000,000"
Philippines,41,0.6993,"118,277,063","50,859,137","160,000","1,500,000",204,130,18,127,"$                        							6,571,641,011"
Malaysia,42,0.7379,"34,564,810","16,245,461","113,000","51,600",132,45,48,100,"$                        							5,100,000,000"
Colombia,43,0.7551,"49,588,357","24,298,295","429,000","998,000",430,255,0,213,"$                        							15,800,000,000"
Iraq,44,0.8115,"42,083,436","17,675,043","193,000",0,360,183,"1,188",67,"$                        							8,000,000,000"
Denmark,45,0.8198,"5,973,136","2,628,180","21,000","12,000",122,34,44,50,"$                        							14,250,000,000"
Switzerland,46,0.8396,"8,860,574","3,898,653","147,178",0,141,39,134,0,"$                        							8,372,658,426"
Ethiopia,47,0.8525,"118,550,298","56,904,143","503,000","138,000",104,33,338,0,"$                        							3,720,968,976"
Finland,48,0.8673,"5,626,414","2,306,830","24,000","870,000",162,27,200,165,"$                        							8,890,000,000"
Chile,49,0.8704,"18,664,652","8,959,033","80,000","40,000",274,86,386,130,"$                        							6,800,000,000"
Peru,50,0.8827,"32,600,249","15,648,120","120,000","386,000",252,112,355,78,"$                        							2,552,000,000"
Venezuela,51,0.9106,"31,250,306","15,625,153","109,000","8,000",224,85,282,41,"$                        							6,060,000,000"
Romania,52,0.9558,"18,148,155","9,437,041","90,000","55,000",148,66,451,18,"$                        							10,230,630,000"
Uzbekistan,53,0.9908,"36,520,593","18,990,708","120,000",0,159,101,470,0,"$                        							6,210,000,000"
United Arab Emirates,54,1.0188,"10,032,213","5,818,684","65,000","130,000",581,250,354,84,"$                        							23,480,000,000"
Czechia,55,1.0313,"10,837,890","5,093,808","30,334","4,900",103,42,20,0,"$                        							9,174,000,000"
Morocco,56,1.0368,"37,387,585","17,946,041","400,000","250,000",271,73,"1,346",100,"$                        							16,100,000,000"
Hungary,57,1.0429,"9,855,745","4,632,200","41,600","20,000",80,50,220,0,"$                        							5,887,250,000"
Kazakhstan,58,1.0433,"20,260,006","9,117,003","110,000","135,000",168,72,353,26,"$                        							5,836,386,000"
Angola,59,1.1045,"37,202,061","7,440,412","107,000",0,278,115,319,32,"$                        							31,200,000,000"
Azerbaijan,60,1.1991,"10,650,239","5,218,617","128,000","306,000",159,87,"1,354",32,"$                        							5,100,000,000"
Belgium,61,1.2201,"11,977,634","4,910,830","26,390","6,600",104,14,0,9,"$                        							14,900,000,000"
Bulgaria,62,1.2522,"6,782,659","3,187,850","36,950","3,000",71,23,334,45,"$                        							2,485,350,000"
Serbia,63,1.2938,"6,652,212","3,259,584","22,500","2,000",115,51,242,30,"$                        							2,770,000,000"
Democratic Republic of the Congo,64,1.3051,"115,403,027","39,237,029","166,580","30,800",56,38,212,16,"$                        							960,000,000"
Cuba,65,1.3345,"10,966,038","5,921,661","50,000","40,000",20,13,194,19,"$                        							3,301,500,000"
Sudan,66,1.3563,"50,467,278","26,747,657","300,000","200,000",183,64,"1,055",10,"$                        							394,700,000"
Austria,67,1.3759,"8,967,982","4,035,592","25,000","125,600",90,41,56,0,"$                        							6,103,900,800"
Sri Lanka,68,1.3822,"21,982,608","10,551,652","346,000","90,000",90,49,87,275,"$                        							1,500,000,000"
Slovakia,69,1.3911,"5,563,649","2,837,461","20,982",0,48,22,45,0,"$                        							2,900,000,000"
Belarus,70,1.4072,"9,501,451","5,035,769","63,000","365,400",194,70,577,0,"$                        							1,034,784,000"
Qatar,71,1.4096,"2,552,088","638,022","26,550","4,000",263,85,62,125,"$                        							11,950,000,000"
Ecuador,72,1.4479,"18,309,984","8,422,593","41,250","118,000",99,43,202,30,"$                        							2,963,400,000"
Croatia,73,1.5432,"4,150,116","2,033,557","14,325","20,100",67,37,55,30,"$                        							2,744,000,000"
Jordan,74,1.5581,"11,174,024","3,463,947","114,500","100,000",279,159,"1,508",27,"$                        							2,668,500,000"
Bahrain,75,1.6731,"1,566,888","846,120","18,400","110,000",137,66,150,64,"$                        							997,015,509"
Kuwait,76,1.7161,"3,138,355","1,726,095","78,000","24,000",133,68,367,123,"$                        							7,987,000,000"
Albania,77,1.7258,"3,107,100","1,522,479","7,500",0,20,19,0,33,"$                        							720,037,190"
Turkmenistan,78,1.7459,"5,744,151","2,768,681","36,500",0,91,26,654,16,"$                        							1,463,000,000"
Tunisia,79,1.7823,"12,048,847","6,024,424","89,800",0,155,101,145,37,"$                        							2,172,751,250"
Libya,80,1.7872,"7,361,263","3,827,857","32,000",0,83,22,55,5,"$                        							1,474,800,000"
Paraguay,81,1.7974,"7,522,549","3,535,598","15,650","168,500",49,18,10,73,"$                        							416,800,000"
Bolivia,82,1.8301,"12,311,974","5,417,269","40,000","40,000",67,29,54,67,"$                        							467,670,000"
Cambodia,83,1.8434,"17,063,669","8,190,561","124,300",0,24,20,520,20,"$                        							750,000,000"
Kenya,84,1.8588,"58,246,378","21,551,160","50,000",0,154,84,188,27,"$                        							1,651,803,025"
Chad,85,1.8594,"19,093,595","6,873,694","37,750",0,40,16,90,0,"$                        							706,800,000"
Oman,86,1.8823,"3,901,992","1,482,757","100,000",0,128,31,264,17,"$                        							8,364,000,000"
Syria,87,1.8861,"23,865,423","15,273,871","100,000",0,104,39,168,12,"$                        							145,925,000"
Lithuania,88,1.8949,"2,628,186","1,708,321","23,000","104,000",9,4,0,13,"$                        							5,651,760,000"
Tanzania,89,1.9111,"67,462,121","12,143,182","25,000",0,38,15,200,12,"$                        							1,476,113,361"
New Zealand,90,1.9258,"5,161,211","2,219,321","10,050","3,300",47,21,0,8,"$                        							2,455,949,332"
Slovenia,91,1.9404,"2,097,893","1,006,989","7,000","26,000",40,16,54,3,"$                        							1,782,000,000"
Mozambique,92,1.9769,"33,350,954","14,674,420","11,200",0,23,7,60,36,"$                        							480,000,000"
Mongolia,93,1.9987,"3,281,676","1,870,555","35,000","230,000",8,3,420,0,"$                        							1,590,000,000"
Ireland,94,2.0661,"5,233,461","2,407,392","7,557","1,720",23,8,0,8,"$                        							1,754,400,500"
Georgia,95,2.0779,"4,900,961","2,744,538","37,000","205,500",61,44,132,19,"$                        							680,000,000"
Guatemala,96,2.1277,"18,255,216","7,484,639","106,114","90,000",35,20,0,25,"$                        							616,000,000"
Uruguay,97,2.1537,"3,425,330","1,575,652","24,000",0,43,12,62,16,"$                        							1,903,440,000"
Yemen,98,2.1617,"32,140,443","12,213,368","33,350",0,160,59,0,26,"$                        							405,187,500"
Cameroon,99,2.1689,"30,966,105","10,528,476","38,000",0,35,21,0,19,"$                        							835,694,942"
Tajikistan,100,2.1749,"10,394,063","4,781,269","150,000","600,000",25,20,38,0,"$                        							450,460,000"
Armenia,101,2.2016,"2,976,765","1,666,988","65,000","210,000",69,36,109,0,"$                        							1,480,000,000"
Latvia,102,2.2316,"1,801,246","810,561","17,870","38,000",3,3,0,18,"$                        							42,000,000"
Honduras,103,2.2575,"9,529,188","4,192,843","52,225",0,45,11,22,98,"$                        							612,300,000"
Mali,104,2.2598,"21,990,607","6,817,088","40,000",0,44,10,0,0,"$                        							1,110,000,000"
Zimbabwe,105,2.2801,"17,150,352","6,517,134","29,000",0,80,28,60,0,"$                        							1,976,800,000"
Estonia,106,2.3201,"1,193,791","584,958","7,700","230,000",2,0,0,8,"$                        							2,375,000,000"
Uganda,107,2.3252,"49,283,041","16,756,234","45,000",0,51,30,259,0,"$                        							1,510,000,000"
Ivory Coast,108,2.3884,"29,981,758","12,292,521","22,000",0,22,14,0,8,"$                        							18,200,000"
Kyrgyzstan,109,2.3969,"6,172,101","3,147,772","23,000",0,7,7,215,0,"$                        							654,000,000"
Luxembourg,110,2.4429,"671,254","154,388","1,200",0,1,0,0,0,"$                        							1,530,685,000"
Zambia,111,2.4461,"20,799,116","7,279,691","15,150",0,78,33,75,0,"$                        							385,321,000"
Ghana,112,2.4566,"34,589,092","14,873,310","15,500",0,18,9,0,20,"$                        							954,423,756"
South Sudan,113,2.4645,"12,703,714","6,351,857","185,000",0,19,15,122,0,"$                        							30,700,000"
North Macedonia,114,2.4956,"2,135,622","948,216","10,010","60,000",20,10,0,0,"$                        							421,527,100"
Dominican Republic,115,2.5853,"10,815,857","4,975,294","89,000","189,000",80,49,6,34,"$                        							903,000,000"
Nicaragua,116,2.5894,"6,676,948","3,271,705","45,000",0,17,12,186,23,"$                        							1,311,600,000"
Republic of the Congo,117,2.6259,"6,097,665","2,256,136","10,000",0,14,8,61,4,"$                        							933,360,000"
Lebanon,118,2.6521,"5,364,482","2,092,148","80,000","15,000",80,68,334,48,"$                        							800,000,000"
Eritrea,119,2.6841,"6,343,956","2,220,385","350,000","680,000",20,13,148,23,"$                        							219,000,000"
Niger,120,2.6867,"26,342,784","7,902,835","25,000",0,26,13,0,0,"$                        							488,400,000"
Afghanistan,121,2.7342,"40,121,552","15,647,405","75,000",0,5,3,0,0,"$                        							145,000,000"
Namibia,122,2.7414,"2,803,660","616,805","17,567",0,36,7,7,15,"$                        							450,498,000"
Mauritania,123,2.7919,"4,328,040","1,687,936","31,540","66,000",23,4,51,6,"$                        							270,625,000"
Nepal,124,2.8037,"31,122,387","15,249,970","98,500","82,000",17,10,0,0,"$                        							431,355,326"
Laos,125,2.8672,"7,953,556","3,499,565","100,000","30,000",29,20,160,51,"$                        							355,600,000"
Senegal,126,2.8925,"18,847,519","7,162,057","17,000",0,39,19,0,4,"$                        							777,800,000"
Burkina Faso,127,2.9213,"23,042,199","8,525,614","7,500",0,26,19,0,0,"$                        							4,590,000,000"
Montenegro,128,2.9782,"599,849","143,964","2,350",0,10,10,0,20,"$                        							204,000,000"
El Salvador,129,2.9973,"6,628,702","3,181,777","25,000",0,51,28,0,13,"$                        							1,037,200,000"
Botswana,130,2.9993,"2,450,668","1,029,281","12,000",0,45,16,45,0,"$                        							581,000,000"
Madagascar,131,3.0381,"29,452,714","11,192,031","13,500",0,6,5,12,7,"$                        							147,630,000"
Gabon,132,3.0432,"2,455,105","932,940","5,000",0,25,16,0,5,"$                        							340,950,000"
Bosnia and Herzegovina,133,3.1291,"3,798,671","2,355,176","18,000","8,000",15,15,45,0,"$                        							289,920,000"
Iceland,134,3.4013,"364,036","83,728",0,0,0,0,0,0,"$                        							500,000,000"
Panama,135,3.5011,"4,470,241","2,011,608","16,300",0,38,23,0,22,"$                        							1,069,750,000"
Moldova,136,3.6225,"3,599,528","2,159,717","6,500","2,000",3,2,0,0,"$                        							114,114,000"
Somalia,137,3.7393,"13,017,273","2,993,973","30,000",0,6,6,0,19,"$                        							870,000,000"
Benin,138,3.8963,"14,697,052","5,584,880","4,750",0,7,5,0,2,"$                        							137,690,000"
Kosovo,139,3.8041,"1,977,093","917,371","4,000","5,000",0,0,0,0,"$                        							1,177,450,000"
Sierra Leone,140,3.9201,"9,121,049","2,006,631","13,000",0,1,1,0,10,"$                        							450,000,000"
Liberia,141,3.9275,"5,437,249","2,392,390","2,100",0,0,0,0,6,"$                        							20,700,000"
Suriname,142,4.0538,"646,758","142,287","2,500",0,3,3,0,17,"$                        							58,440,000"
Central African Republic,143,4.2381,"5,650,957","2,203,873","30,000",0,8,0,0,0,"$                        							300,000,000"
Beliz,144,4.3602,"415,789","158,000","2,000",850,3,1,0,15,"$                        							34,400,000"
Bhutan,145,5.7991,"884,546","203,446","16,000","50,000",2,2,0,0,"$                        							26,600,000"
