global_rank,country_name,active-reserve-military-manpower,aircraft-helicopters-attack,aircraft-helicopters-total,aircraft-total,aircraft-total-fighters,aircraft-total-transports,armor-apc-total,armor-tanks-total,border-coverage,coal-consumption-by-country,coal-production-by-country,coastline-coverage,external-debt-by-country,labor-force-by-country,major-serviceable-airports-by-country,manpower-fit-for-military-service,manpower-paramilitary,manpower-reaching-military-age-annually,natural-gas-production-by-country,navy-aircraft-carriers,navy-force-by-tonnage,navy-frigates,navy-helo-carriers,navy-mine-warfare-craft,navy-ships,navy-submarines,oil-consumption-by-country,oil-production-by-country,proven-coal-reserves-by-country,proven-natural-gas-reserves-by-country,proven-oil-reserves-by-country,purchasing-power-parity,railway-coverage,reserves-of-foreign-exchange-and-gold,roadway-coverage,total-population-by-country,waterway-coverage
1,United States,799500,1002,5843,13043,1790,918,391963,4640,12002,476044000,548849000.0,19924,22303546100000,170549000,15873,124816644,0,4445524,1029000000000.0,11,4168037.0,0,9,8,440,70,20245000,20879000,248941000000.0,13402000000000.0,38212000000,24662000000000,293564,773426000000,6586610,341963408,41009
2,China,510000,281,913,3309,1212,289,144017,6800,22457,5313000000,4827000000.0,14500,1218458500000,779246000,531,626864169,625000,19810606,225341000000.0,3,2857143.0,47,4,36,754,61,15148000,4984000,143197000000.0,6654000000000.0,26023000000,31227000000000,150000,3450000000000,5200000,1415043270,27700
3,Russia,2000000,557,1651,4292,833,456,131527,5750,22407,310958000,508190000.0,37653,317650500000,72408000,904,46189226,250000,1267387,617830000000.0,1,1260447.0,12,0,47,419,63,3684000,10727000,162166000000.0,47805000000000.0,80000000000,5816000000000,85494,597217000000,1283387,140820810,102000
4,India,1155000,80,899,2229,513,270,148594,4201,13888,1200000000,985671000.0,7000,371020500000,593729000,311,522786598,2527000,23955181,33170000000.0,2,593603.0,14,0,0,293,18,5049000,795000,111052000000.0,1381000000000.0,4605000000,13104000000000,65554,627793000000,6371847,1409128296,14500
5,Japan,56000,119,596,1443,217,55,31964,521,0,216332000,29141000.0,29751,4679698100000,69349000,279,42874277,25000,1108818,2220000000.0,0,769882.0,6,4,22,159,24,3289000,8000,350000000.0,20898000000.0,44115000,5761000000000,27311,1295000000000,1218772,123201945,1770
6,Brazil,340000,0,191,513,43,109,22464,294,16145,32787000,15644000.0,7491,432224000000,108695000,4919,88680759,200000,3520824,22670000000.0,0,135737.0,6,1,3,64,4,3027000,4221000,6596000000.0,363985000000.0,12715000000,4016000000000,29850,355021000000,2000000,220051512,50000
7,Iran,350000,13,128,551,188,87,65825,1713,5894,3531000,2791000.0,2440,4134926000,29159000,173,41541860,220000,1414191,263280000000.0,0,223395.0,7,0,1,107,25,2136000,3985000,1203000000.0,33987000000000.0,208600000000,1440000000000,8484,120600000000,223485,88386937,850
8,South Korea,3100000,111,807,1592,315,41,58880,2236,237,136413000,15595000.0,2413,503519500000,29611000,89,21353538,120000,416654,55127000.0,0,344786.0,17,2,14,227,22,2452000,38000,326000000.0,7079000000.0,0,2615000000000,3979,420930000000,100428,52081799,1600
9,Canada,27000,0,145,351,66,28,21704,74,8893,17138000,43024000.0,202080,2337375700000,22110000,1425,13500595,5500,426743,187686000000.0,0,119637.0,12,0,0,73,4,2454000,5692000,6582000000.0,2067126000000.0,170300000000,2238000000000,4942,117551000000,1042300,38794813,636
10,Indonesia,400000,15,214,459,41,70,20440,331,2958,202283000,659357000.0,54716,440000000000,140931000,513,114595923,250000,4786562,57410000000.0,0,304168.0,7,0,12,331,4,1728000,865000,34869000000.0,1408000000000.0,2480000000,3906000000000,8159,146359000000,496607,281562465,21579
11,France,26000,68,448,976,226,119,110932,215,4072,12985000,2419000.0,4853,6992104900000,31825000,689,23794358,150000,752121,20132000.0,1,428765.0,11,3,17,129,9,1554000,80000,160000000.0,7787000000.0,61719000,3764000000000,27860,240792000000,1053215,68374591,8501
12,Saudi Arabia,0,34,264,917,283,49,19040,840,4272,164000,0.0,2640,225610000000,16934000,86,17468238,150000,621255,121870000000.0,0,49727.0,7,0,3,32,0,3649000,11113000,0.0,9423000000000.0,258600000000,1831000000000,5410,457949000000,221372,36544431,0
13,Vietnam,5000000,0,101,246,41,9,11912,1374,4616,83116000,43614000.0,3444,110000000000,56149000,42,45053323,250000,1797903,7676000000.0,0,107813.0,9,0,8,110,9,494000,187000,3360000000.0,699426000000.0,4400000000,1354000000000,2600,97955500000,195468,105758975,47130
14,Egypt,480000,100,348,1093,238,61,41012,3620,2612,3083000,289000.0,2450,103750000000,33431000,73,38269053,300000,1668709,64817000000.0,0,235989.0,13,2,17,150,8,851000,667000,182000000.0,1784000000000.0,3300000000,1912000000000,5085,33070000000,65050,111247248,3500
15,Turkiye,378700,111,508,1083,201,84,61173,2238,2816,123976000,88746000.0,7200,294441000000,35071000,115,36087279,150000,1430032,379701000.0,0,325729.0,17,1,11,182,13,1077000,83000,11525000000.0,3794000000.0,366000000,2936000000000,11497,140858000000,67333,84119531,1200
16,Germany,34000,54,309,584,129,50,83260,296,3694,186725000,138981000.0,2389,6238609300000,44784000,838,30955829,0,841191,4824000000.0,0,228552.0,11,0,12,61,6,2052000,131000,35900000000.0,23390000000.0,115200000,5230000000000,39379,322700000000,830000,84119100,7300
17,Pakistan,550000,57,373,1399,328,64,17516,2627,7257,34027000,12712000.0,1046,92426000000,80990000,116,85803614,500000,4794908,36937000000.0,0,111715.0,9,0,3,121,8,473000,101000,3064000000.0,592219000000.0,540000000,1347000000000,11881,13730000000,264175,252363571,0
18,Australia,32050,22,69,327,24,38,15648,59,0,107624000,465865000.0,25760,3427504300000,14501000,2180,9208398,0,294455,153783000000.0,0,185648.0,7,2,3,44,6,1123000,386000,150227000000.0,3228000000000.0,2446000000,1584000000000,36064,61703000000,873573,26768598,2000
19,United Kingdom,924000,37,266,631,113,29,38200,227,443,8568000,1891000.0,12429,9593749000000,35275000,1043,25192932,0,753050,37758000000.0,2,394043.0,8,0,7,109,9,1397000,753000,26000000.0,180661000000.0,2500000000,3700000000000,16390,177915000000,394428,68459055,3200
20,Bangladesh,0,0,65,214,42,17,11584,320,4413,7514000,754000.0,580,51965000000,74914000,17,66129296,6800000,3205246,24620000000.0,0,75280.0,7,0,5,118,2,160000,13000,3260000000.0,126293000000.0,28000000,1413000000000,2460,21860000000,369105,168697184,8370
21,Italy,18500,37,392,729,89,30,73480,200,1836,13127000,1618000.0,7600,2750000000000,25669000,636,22191235,105000,548684,3117000000.0,2,359417.0,10,0,10,196,8,1246000,116000,609999000.0,45750000000.0,497934000,3097000000000,18475,247396000000,487700,60964931,2400
22,Taiwan,2310000,91,236,761,285,19,19921,888,0,66855000,5608000.0,1566,209000000000,11498000,53,1061787,55000,306739,63747000.0,0,250414.0,22,0,14,97,4,1022000,800,1000000.0,6230000000.0,2380000,1257300000000,1613,492635000000,43206,23595274,0
23,North Korea,560000,20,205,861,368,1,18288,4344,1607,21747000,21747000.0,2495,5500000000,15837000,83,5312331,100000,420779,0.0,0,143304.0,2,0,1,207,13,17000,0,10600000000.0,0.0,0,72000000000,7435,5500000000,25554,26298666,2250
24,Thailand,200000,7,258,493,72,54,16935,635,5673,36030000,13642000.0,3219,102694000000,40814000,108,27968399,25000,1118736,30797000000.0,0,130988.0,7,1,5,293,0,1248000,386000,1063000000.0,138243000000.0,252750000,1516000000000,4127,224470000000,180053,69920998,4000
25,Venezuela,8000,10,88,229,30,49,8802,172,5267,82000,197000.0,2800,110330000000,11548000,502,12812625,220000,625006,17696000000.0,0,124962.0,1,0,0,34,1,367000,761000,730999000.0,5674000000000.0,303806000000,295974800000,447,10095500000,96189,31250306,7100
26,Algeria,135000,74,299,608,102,63,26000,1485,6734,167000,0.0,998,3335624000,13425000,85,19185169,150000,752360,100726000000.0,0,82880.0,8,0,2,110,6,428000,1443000,233000000.0,4504000000000.0,12200000000,699947000000,4020,81217000000,104000,47022473,0
27,Kazakhstan,135000,12,65,198,63,19,7736,350,13364,84852000,118195000.0,26,91321500000,9587000,132,6928922,55000,283640,27011000000.0,0,124962.0,0,0,2,26,0,288000,1955000,25605000000.0,2407000000000.0,30000000000,705520000000,16636,35965000000,96167,20260006,43983
28,Poland,350000,29,216,479,59,49,23138,614,2845,123782000,116682000.0,440,386947000000,18387000,288,15576017,50000,464956,5551000000.0,0,124962.0,2,0,26,62,1,722000,24000,28531000000.0,91492000000.0,113000000,1616000000000,19461,193783000000,420000,38746310,3997
29,Greece,221350,29,293,558,178,15,61888,1344,1110,13988000,13703000.0,13676,550000000000,4645000,81,3985676,55000,104611,3284000.0,0,216348.0,13,0,7,192,10,303000,5000,2876000000.0,991090000.0,10000000,375780000000,2345,13608000000,117000,10461091,6
30,Nigeria,0,15,66,163,14,23,8962,330,4477,3044000,3043000.0,853,32455500000,75721000,47,90437404,50000,4261448,39951000000.0,0,124962.0,1,0,2,133,0,515000,1541000,2144000000.0,5761000000000.0,36890000000,1275000000000,3798,41349000000,195000,236747130,8600
31,Mexico,98655,0,178,433,3,41,19658,0,4389,18423000,7453000.0,9330,371359000000,60042000,1485,49811912,120000,2222579,31422000000.0,0,124962.0,1,0,0,167,0,1737000,2101000,1211000000.0,180322000000.0,5786000000,2873000000000,23389,214317000000,704884,130739927,2900
32,Spain,15150,17,153,461,137,51,17626,317,1953,8255000,1293000.0,4964,2572738300000,24108000,363,17635602,78470,330963,41009000.0,1,215346.0,11,0,6,152,2,1269000,47000,1187000000.0,2549000000.0,150000000,2242000000000,15489,103089000000,683175,47280433,1000
33,Iraq,0,39,197,391,26,15,37288,1025,3809,0,0.0,58,45032500000,11812000,71,14308368,100000,715418,9860000000.0,0,124962.0,0,0,0,68,0,918000,4437000,0.0,3729000000000.0,145019000000,572939000000,2272,112233000000,59623,42083436,5279
34,Colombia,35000,0,257,436,16,86,3460,0,6672,7880000,58747000.0,3208,116779500000,26003000,662,19190694,150000,843002,11290000000.0,0,31090.0,7,0,0,233,4,320000,800000,4554000000.0,87782000000.0,2036000000,978024000000,2141,59041000000,205379,49588357,24725
35,Ukraine,1200000,39,136,324,70,24,18920,1114,5581,10953000,4248000.0,2782,132000000000,20312000,148,12731272,100000,392280,18725000000.0,0,28138.0,0,0,3,89,0,248000,3000,34375000000.0,1104000000000.0,395000000,559981000000,21733,40510000000,169694,35661826,1672
36,Argentina,0,0,94,239,23,52,21724,342,11968,3391000,1318000.0,4989,178940000000,21906000,756,17575900,20000,704916,43280000000.0,0,122128.0,0,0,0,44,2,706000,807000,799999000.0,396464000000.0,2483000000,1235000000000,17866,23081000000,281290,46994384,11000
37,Myanmar,20000,9,83,317,58,30,5980,445,6522,1453000,1268000.0,1930,7253400000,22884000,73,21975367,55000,1035489,16780000000.0,0,89240.0,6,0,2,232,3,148000,7000,252000000.0,637129000000.0,139000000,290507000000,5031,8590400000,157000,57527139,12800
38,United Arab Emirates,130000,30,247,551,99,37,8707,354,1066,3273000,0.0,1318,264000000000,6668000,42,4945881,12000,80258,56683000000.0,0,44188.0,0,0,2,181,0,939000,4146000,0.0,6091000000.0,97800000000,719733000000,0,189491000000,4080,10032213,0
39,Finland,870000,0,27,163,54,11,11704,200,2563,4141000,808000.0,1250,660000000000,2880000,98,1912981,53800,56264,0.0,0,19434.0,0,0,18,264,0,175000,8000,0.0,0.0,0,321126000000,5918,16929000000,454000,5626414,8000
40,Chile,40000,0,87,277,45,32,8832,386,7801,8637000,499000.0,6435,214500000000,9848000,374,7521855,50000,298634,1200000000.0,0,176065.0,8,0,0,130,4,405000,11000,1181000000.0,97976000000.0,150000000,579201000000,7282,46377000000,77801,18664652,12290
41,Philippines,1200000,2,122,202,0,26,11878,10,0,37130000,14483000.0,36289,90200000000,49477000,246,41751803,35000,2128987,2251000000.0,0,76313.0,2,0,0,113,0,453000,10000,361000000.0,98543000000.0,138500000,1138000000000,77,103742000000,216387,118277063,3219
42,South Africa,29350,10,87,182,2,12,18692,252,5244,176148000,245467000.0,2798,58773000000,25158000,575,14989776,50000,1027525,59128000.0,0,40186.0,4,0,2,49,3,601000,95000,9893000000.0,0.0,15000000,862981000000,20986,62492000000,750000,60442647,0
43,Peru,385000,16,111,256,15,38,6560,240,7062,712000,153000.0,2414,59400000000,18529000,166,12681497,60000,619405,12270000000.0,0,170344.0,7,0,0,71,4,210000,118000,1567000000.0,300159000000.0,858890000,517644000000,1855,71394000000,18699,32600249,8808
44,Sweden,32900,0,53,169,71,6,6795,110,2211,3396000,1115000.0,3218,1002448700000,5825000,203,3558185,25000,105898,0.0,0,31673.0,0,0,8,308,4,283000,11000,5000000.0,0.0,0,676353000000,10910,60863000000,573134,10589835,2052
45,Qatar,15000,24,80,251,102,12,5024,99,87,0,0.0,563,187000000000,2035000,8,490001,5500,12760,169595000000.0,0,124962.0,0,0,0,115,0,297000,1815000,0.0,23861000000000.0,25244000,304973000000,0,51539000000,7039,2552088,0
46,Norway,0,0,33,97,0,4,6552,44,2566,1201000,117000.0,25148,716144000000,3009000,145,1807192,40000,71627,123727000000.0,0,65692.0,4,0,5,43,6,229000,2020000,2000000.0,1544455000000.0,8122200000,499528000000,3848,80459000000,94902,5509733,1577
47,Democratic Republic of the Congo,31000,8,32,46,1,6,916,105,10481,23000,0.0,37,4994000000,35983000,272,31389623,10000,2538867,380000.0,0,124962.0,0,0,0,16,0,26000,19000,987999000.0,991090000.0,180000000,154012000000,4007,3898125000,152373,115403027,15000
48,Malaysia,51600,0,45,135,26,16,13506,48,2742,35050000,3731000.0,4675,247500000000,17308000,102,13480276,100000,553037,75456000000.0,0,67735.0,2,0,4,100,2,717000,582000,226000000.0,1189000000000.0,3600000000,1152000000000,1851,113438000000,144403,34564810,7200
49,Israel,465000,48,147,611,240,13,35985,1300,1068,6476000,0.0,273,148500000000,4554000,37,3281513,35000,131637,22886000000.0,0,38238.0,0,0,0,62,5,230000,15000,0.0,176018000000.0,12730000,471030000000,1497,204661000000,20391,9402617,0
50,Netherlands,6765,12,63,120,32,4,2755,18,1053,10610000,1825000.0,451,4779954300000,9999000,45,6486918,5000,195496,17774000000.0,0,124962.0,6,0,4,64,3,872000,70000,3247000000.0,132608000000.0,137747000,1240000000000,3055,69830000000,139124,17772378,6237
51,Kuwait,24000,16,67,128,43,2,5636,367,475,145000,0.0,499,55000000000,2463000,6,1449920,7500,37660,19285000000.0,0,124962.0,0,0,0,123,0,372000,2910000,0.0,1784000000000.0,101500000000,219060000000,0,52619000000,5749,3138355,0
52,Singapore,252500,18,70,230,100,9,8998,170,0,784000,0.0,193,1713410600000,3619000,9,2628408,12000,66313,0.0,0,81340.0,6,0,4,50,6,1470000,0,0.0,0.0,0,754758000000,0,359835000000,3500,6028459,0
53,Morocco,150000,0,78,260,83,31,7877,903,2363,11940000,0.0,1835,45645000000,12284000,49,15254135,50000,635589,82595000.0,0,124962.0,6,0,0,111,0,318000,25,96000000.0,1444000000.0,684000,337480000000,2067,36328000000,57300,37387585,0
54,Turkmenistan,0,10,26,91,24,5,5016,654,4158,0,0.0,1768,2134500000,2163000,23,2245963,3500,109139,86472000000.0,0,124962.0,0,0,0,16,0,152000,272000,800000000.0,11327000000000.0,600000000,94790000000,5113,23415400000,58592,5744151,1300
55,Ethiopia,0,7,33,103,25,8,7256,338,5925,660000,8000.0,0,25761000000,61664000,57,35327989,0,2726657,0.0,0,124962.0,0,0,0,0,0,110000,0,0.0,24919000000.0,428000,354604000000,659,3131288000,120171,118550298,0
56,Uzbekistan,0,34,101,192,58,13,2970,340,6893,7396000,5356000.0,420,19652500000,14270000,74,15959499,20000,730412,47500000000.0,0,124962.0,0,0,0,0,0,91000,64000,1375000000.0,1841000000000.0,594000000,319174000000,4642,34558000000,86496,36520593,1100
57,Portugal,211700,0,31,115,28,19,10828,34,1224,0,0.0,1793,399395000000,5140900,136,4096295,24700,127677,0.0,0,38657.0,5,0,0,194,2,191000,12932,40000000.0,72000000000.0,22440000,529901000000,3622,53710000000,136635,10639726,764
58,Sudan,85000,35,64,165,37,13,2900,224,6819,0,0.0,853,37846000000,13590000,41,17108407,17500,1312149,0.0,0,124962.0,0,0,0,6,0,127000,68000,0.0,84951000000.0,1250000000,136039000000,7251,206763700,31000,50467278,4068
59,Angola,0,15,116,298,71,31,5500,309,5369,0,0.0,1600,45774500000,15223000,106,3720206,10000,372021,5514000000.0,0,124962.0,0,0,0,31,0,127000,1175000,0.0,343002000000.0,7783000000,265868000000,2761,13942000000,26000,37202061,1300
60,Azerbaijan,300000,16,86,154,12,3,7642,497,2468,60000,0.0,713,16159500000,5473000,32,3908638,15000,159754,34175000000.0,0,124962.0,0,0,4,38,4,105000,618000,0.0,1699000000000.0,7000000000,215896000000,2944,13749000000,24981,10650239,0
61,Romania,55000,0,65,140,21,14,10774,328,2844,19404000,18160000.0,225,132000000000,8282000,82,7731114,15000,199630,9501000000.0,0,124962.0,3,0,5,20,0,221000,67000,291000000.0,105480000000.0,600000000,772107000000,10628,73000000000,84185,18148155,1731
62,Bolivia,40000,0,33,64,0,15,890,54,7252,9000,0.0,0,11431000000,6114000,200,4112199,0,233928,13760000000.0,0,124962.0,0,0,0,67,0,87000,58000,1000000.0,302990000000.0,240900000,119785000000,3690,1800000000,90568,12311974,10000
63,Sri Lanka,90000,9,55,85,5,14,3190,44,0,2084000,0.0,1340,46409500000,8707000,18,8551235,0,307757,0.0,0,27136.0,5,0,0,270,0,121000,0,0.0,0.0,0,287132000000,1562,3450700000,114093,21982608,160
64,Denmark,12000,0,34,117,31,4,3856,44,140,1788000,0.0,7314,555500000000,3180000,99,2126436,51000,77651,1879000000.0,0,121180.0,9,0,6,50,0,152000,63000,0.0,29534000000.0,441000000,428385000000,2682,109371000000,74558,5973136,400
65,Switzerland,49715,0,40,146,43,16,6996,205,1770,161000,0.0,0,2200000000000,4991000,62,3163225,5000,97466,0.0,0,124962.0,0,0,0,0,0,193000,300,0.0,0.0,0,733779000000,5296,863892000000,71557,8860574,1292
66,Libya,0,4,16,143,10,6,1816,43,4339,0,0.0,1770,3322000000,2398000,66,3290485,100000,125141,11832000000.0,0,124962.0,0,0,1,5,0,230000,1245000,0.0,1505000000000.0,48363000000,121951000000,2000,92427000000,37000,7361263,0
67,Bulgaria,3000,4,27,65,10,6,4914,90,1806,35970000,35516000.0,354,27138500000,3103000,111,2611324,0,61044,20837000.0,0,124962.0,4,0,10,36,0,101000,4000,2366000000.0,5663000000.0,15000000,214061000000,4029,46334000000,19512,6782659,470
68,Syria,50000,14,77,207,104,3,11148,365,2363,47000,0.0,193,4309500000,6315000,39,13245310,50000,668232,3085000000.0,0,124962.0,0,0,4,27,0,138000,75000,0.0,240693000000.0,2500000000,55935900000,2052,341962500,69873,23865423,900
69,Jordan,65000,44,155,274,44,13,16624,1458,1744,479000,0.0,26,25646500000,3063000,17,2983464,35000,145262,187262000.0,0,124962.0,0,0,0,27,0,97000,20,0.0,6031000000.0,1000000,106806000000,509,15715600000,7203,11174024,0
70,Mongolia,135000,0,2,7,0,3,2560,420,8082,6393000,28276000.0,0,19542500000,1403000,35,1552233,50000,62352,0.0,0,124962.0,0,0,0,0,0,36000,15000,2520000000.0,0.0,0,56264000000,1815,4782000000,113200,3281676,580
71,Serbia,2000,4,46,110,11,3,3683,262,2322,38297000,35129000.0,0,35200000000,3333000,43,2574406,600000,79827,353376000.0,0,124962.0,0,0,5,20,0,82000,13000,7514000000.0,48139000000.0,77500000,162213000000,3333,27569000000,44248,6652212,587
72,Chad,0,3,16,40,0,7,3316,90,6406,0,0.0,0,2038000000,5806000,42,3856906,5000,381872,0.0,0,124962.0,0,0,0,0,0,15000,124000,0.0,0.0,1500000000,32446000000,0,211591000,40000,19093595,12400
73,Belgium,6400,0,20,108,43,7,4606,0,1297,4869000,1270000.0,67,1449264300000,5432000,49,3880753,0,119776,13436000.0,0,10190.0,2,0,5,9,0,585000,11000,4100000000.0,0.0,0,751592000000,3602,40813000000,118414,11977634,2043
74,Kenya,0,2,85,156,17,21,4128,188,3457,1168000,0.0,536,30514500000,25502000,370,14037377,25000,931942,0.0,0,124962.0,0,0,0,23,0,119000,0,0.0,0.0,0,314063000000,3819,7342000000,161452,58246378,0
75,Cuba,40000,4,13,31,11,4,6864,113,29,2000,0.0,3735,33066000000,5317000,123,4737328,1145000,142558,659434000.0,0,124962.0,1,0,4,19,0,165000,34000,0.0,70792000000.0,124000000,141400000000,8367,10442000000,60000,10966038,240
76,Mozambique,0,2,8,22,8,4,872,30,4783,11000,9015000.0,2470,12100000000,15191000,92,7770772,3000,533615,5388000000.0,0,124962.0,0,0,0,33,0,40000,0,1792000000.0,2832000000000.0,0,50631000000,4787,3515000000,31083,33350954,460
77,Mali,0,8,10,43,9,7,570,10,7908,0,0.0,0,4057500000,8277000,30,4288168,4800,351850,0.0,0,124962.0,0,0,0,0,0,46000,0,0.0,0.0,0,57235000000,593,647800000,139107,21990607,1800
78,Belarus,145000,29,68,185,36,4,6916,507,3599,778000,0.0,0,44000000000,4956000,46,3724569,55000,104516,73929000.0,0,124962.0,0,0,0,0,0,131000,30000,0.0,2832000000.0,198000000,254407000000,5528,8118000000,86600,9501451,2500
79,Ecuador,118000,0,46,102,0,20,5204,54,2237,21000,0.0,2237,44898000000,8893000,310,6738074,1500,329580,309778000.0,0,124962.0,2,0,0,30,2,225000,480000,24000000.0,10902000000.0,8273000000,260213000000,965,4442000000,43950,18309984,1500
80,Kyrgyzstan,300000,2,7,7,0,0,2686,215,4573,3352000,3637000.0,0,6728500000,3069000,28,2487357,55000,117270,31026000.0,0,124962.0,0,0,0,0,0,31000,6000,28499000000.0,5663000000.0,40000000,45461000000,424,3237000000,34000,6172101,576
81,Tanzania,80000,0,12,39,14,6,1072,62,4161,802000,2511000.0,1424,18983500000,31219000,206,6678750,6500,607159,1808000000.0,0,124962.0,0,0,0,12,0,58000,0,1410000000.0,6513000000.0,0,234050000000,4097,5693050000,145203,67462121,0
82,Paraguay,168500,0,14,39,0,11,1108,0,4655,1000,0.0,0,14370000000,3469000,83,3001497,15000,150451,0.0,0,124962.0,0,0,0,72,0,57000,2000,0.0,0.0,0,108022000000,30,9886000000,78811,7522549,3100
83,Laos,30000,0,23,33,0,2,4380,160,5274,13691000,14845000.0,0,16500000000,3174000,18,2521277,120000,159071,0.0,0,124962.0,0,0,0,36,0,24000,0,62000000.0,0.0,0,64173000000,422,1770000000,39568,7953556,4600
84,Afghanistan,0,1,6,9,0,3,5202,0,5987,1545000,4885000.0,0,1142500000,8921000,67,8826741,80000,842553,80200000.0,0,124962.0,0,0,0,0,0,2700,0,66000000.0,49554000000.0,0,54772700000,0,8852092000,34903,40121552,1200
85,Cameroon,0,0,21,35,0,6,430,0,5018,0,0.0,400,9506000000,11965000,37,6224187,12500,495458,2595000000.0,0,124962.0,0,0,0,51,0,40000,54000,0.0,135071000000.0,200000000,138925000000,987,5754093000,77589,30966105,0
86,Zambia,0,0,32,77,0,13,424,35,6043,823000,831000.0,0,13200000000,7051000,119,4139024,1200,374384,0.0,0,124962.0,0,0,0,0,0,34000,0,944999000.0,0.0,0,76493000000,3126,2861000000,67671,20799116,0
87,Tajikistan,600000,6,20,25,0,1,1240,38,4130,2245000,2175000.0,0,7150000000,2677000,19,3773045,20000,176699,18476000.0,0,124962.0,0,0,0,0,0,28000,300,4075000000.0,5663000000.0,12000000,46467000000,680,2748900000,30000,10394063,200
88,Oman,100000,0,31,128,29,9,4084,150,1561,31000,0.0,2092,50897000000,2316000,36,1291559,10000,50726,40754000000.0,0,124962.0,0,0,0,22,0,211000,1056000,0.0,651287000000.0,5375000000,185960000000,0,17455000000,60230,3901992,0
89,South Sudan,0,6,15,20,0,5,1950,30,6018,0,0.0,0,2475000000,4471000,82,4065188,0,330297,0.0,0,124962.0,0,0,0,0,0,14000,146000,0.0,0.0,3750000000,20010000000,248,183615000,90200,12703714,0
90,Cambodia,0,0,21,25,0,4,3627,644,2530,2215000,113000.0,443,13200000000,9175000,13,5733393,10000,307146,0.0,0,124962.0,0,0,0,20,0,73000,0,0.0,0.0,0,85900000000,642,17801000000,47263,17063669,3700
91,Czechia,4200,4,42,99,12,10,6340,43,2046,40239000,37423000.0,0,211200000000,5502000,243,4129236,0,97541,224725000.0,0,124962.0,0,0,0,0,0,211000,4000,3595000000.0,3964000000.0,15000000,519007000000,9548,148379000000,55744,10837890,664
92,Niger,0,1,13,26,0,7,456,0,5834,457000,457000.0,0,3844000000,10237000,26,5294900,5000,447827,29509000.0,0,124962.0,0,0,0,0,0,13000,6000,90000000.0,0.0,150000000,44561000000,0,1442772000,18949,26342784,300
93,Hungary,20000,8,44,69,12,3,7797,209,2106,6180000,5450000.0,0,137500000000,5006000,109,3794462,15000,118269,1523000000.0,0,124962.0,0,0,0,0,0,175000,36000,2909000000.0,3738000000.0,12100000,388906000000,7687,45719000000,203601,9855745,1622
94,Austria,125600,0,41,85,15,11,7322,56,2524,5026000,1271000.0,0,630000000000,4825000,61,3632033,0,98648,618209000.0,0,124962.0,0,0,0,0,0,245000,18000,0.0,5040000000.0,35200000,590354000000,6123,31212000000,137039,8967982,358
95,Uganda,0,6,30,51,6,0,3862,259,2729,0,0.0,0,11818000000,18881000,39,9905891,10000,985661,0.0,0,124962.0,0,0,0,0,0,43000,0,800000000.0,14158000000.0,2500000000,135668000000,1244,3506500000,20544,49283041,0
96,Central African Republic,0,0,0,6,0,0,228,0,5920,0,0.0,0,666293000,2114000,43,1254512,1000,101717,0.0,0,124962.0,0,0,0,0,0,2000,0,3000000.0,0.0,0,5849000000,0,374405000,24000,5650957,2800
97,Croatia,20100,0,37,67,10,0,2848,45,2237,702000,0.0,5835,55000000000,1744000,40,1564594,2000,53952,741456000.0,0,124962.0,0,0,1,30,0,70000,11000,0.0,24919000000.0,71000000,159305000000,2617,3176000000,26958,4150116,4714
98,Republic of the Congo,0,1,7,13,2,4,644,30,5008,0,0.0,169,5741000000,2461000,56,1353682,2500,115856,423000000.0,0,124962.0,0,0,0,4,0,12000,267000,0.0,283990000000.0,2885000000,38163000000,510,715391000,23324,6097665,1120
99,Georgia,152500,11,44,61,0,2,3392,123,1814,516000,256000.0,310,13488000000,1853000,19,2225036,0,93118,8760000.0,0,124962.0,0,0,4,19,0,32000,300,900999000.0,8495000000.0,35000000,83656000000,1363,5002000000,20295,4900961,0
100,Ghana,0,0,10,19,0,2,1824,0,2420,85000,0.0,539,22550000000,14887000,11,9961658,0,622604,3192000000.0,0,124962.0,0,0,0,28,0,110000,174000,0.0,22653000000.0,660000000,229639000000,947,3624000000,65725,34589092,1293
101,Bahrain,110000,34,80,132,24,3,2764,150,0,0,0.0,161,49500000000,855000,3,720768,1500,17236,18005000000.0,0,124962.0,2,0,0,64,0,72000,189000,0.0,81382000000.0,186500000,85491000000,0,5118000000,4122,1566888,0
102,Yemen,0,7,30,84,27,2,550,0,1601,165000,0.0,1906,6343500000,6883000,36,9031464,20000,610668,189432000.0,0,124962.0,0,0,1,33,0,60000,15000,0.0,478555000000.0,3000000000,67003300000,0,923361750,71300,32140443,0
103,Mauritania,66000,0,4,24,0,7,628,25,5002,0,0.0,754,3661000000,1179000,25,1181555,5000,82233,0.0,0,124962.0,0,0,0,6,0,29000,0,0.0,28317000000.0,20000000,30395000000,728,2629290500,12253,4328040,1086
104,Tunisia,0,0,101,154,10,11,7913,90,1495,2000,0.0,1148,27084500000,4445000,14,5181004,12000,204830,1323000000.0,0,124962.0,0,0,0,58,0,108000,35000,0.0,65129000000.0,425000000,153637000000,2173,9240000000,20000,12048847,0
105,Ivory Coast,0,3,10,19,0,4,656,5,3458,0,0.0,515,19311500000,10954000,29,7855221,5500,569653,2635000000.0,0,124962.0,0,0,0,3,0,60000,29000,0.0,28317000000.0,100000000,202758000000,660,7583484000,81996,29981758,980
106,Honduras,60000,0,8,40,4,10,614,11,1575,190000,0.0,832,8805500000,4676000,129,3144632,23000,95292,0.0,0,124962.0,0,0,0,98,0,67000,20,0.0,0.0,0,68854000000,699,7543000000,14742,9529188,465
107,Namibia,0,2,7,34,11,3,2094,4,4220,32000,0.0,1572,8800000000,989000,255,400923,5000,30840,0.0,0,124962.0,0,0,0,15,0,25000,0,350000000.0,62297000000.0,0,29944000000,2628,2956000000,48875,2803660,0
108,Ireland,1700,0,8,22,0,4,1712,0,443,1322000,0.0,1448,3300000000000,2766000,100,1999182,0,57568,1447000000.0,0,124962.0,0,0,0,8,0,156000,600,40000000.0,9911000000.0,0,608463000000,1688,12905000000,99830,5233461,956
109,Zimbabwe,0,6,28,95,13,14,828,15,3229,4479000,3877000.0,0,11000000000,6561000,144,3721626,21800,360157,0.0,0,124962.0,0,0,0,0,0,29000,800,502000000.0,0.0,0,58583000000,3427,115530000,97267,17150352,0
110,New Zealand,3250,0,21,48,0,8,2114,0,0,2441000,3036000.0,15134,209683100000,3068000,202,1775457,300,61935,3770000000.0,0,124962.0,2,0,0,8,0,154000,12000,7575000000.0,31149000000.0,40993000,254770000000,4128,15487000000,94000,5161211,0
111,Latvia,36000,0,7,7,0,0,1848,0,1370,20000,0.0,498,44180400000,978000,56,648449,12500,16211,0.0,0,124962.0,0,0,6,18,0,35000,2000,0.0,0.0,0,71154000000,2216,4957000000,70244,1801246,300
112,Nepal,0,0,10,15,0,5,1108,0,3159,1095000,15000.0,0,5838500000,8937000,51,11733140,15000,778060,0.0,0,124962.0,0,0,0,0,0,62000,0,8000000.0,0.0,0,144310000000,59,12456000000,27990,31122387,0
113,Botswana,0,0,16,45,11,9,1224,45,4347,2291000,2634000.0,0,1853500000,1170000,122,617568,0,24507,0.0,0,124962.0,0,0,0,0,0,21000,0,1660000000.0,0.0,0,46742000000,888,4756000000,31747,2450668,0
114,Lithuania,104000,0,4,9,0,5,1263,0,1545,263000,0.0,90,44000000000,1510000,65,1332490,14150,36795,0.0,0,124962.0,0,0,4,14,0,68000,4000,0.0,0.0,12000000,132712000000,1911,6168000000,84166,2628186,441
115,Burkina Faso,0,5,18,25,0,2,491,0,3611,0,0.0,0,3145000000,8577000,49,6060098,4500,368675,0.0,0,124962.0,0,0,0,0,0,36000,0,0.0,0.0,0,57152000000,622,47138000,15304,23042199,0
116,Luxembourg,0,0,0,1,0,1,182,0,327,62000,0.0,0,4730000000000,352000,3,92633,0,3356,0.0,0,124962.0,0,0,0,0,0,51000,0,0.0,0.0,0,88533000000,271,2977000000,2875,671254,37
117,Guatemala,90000,0,21,36,0,10,688,5,1667,1296000,0.0,400,27500000000,7258000,58,6279794,35000,182552,3276000.0,0,124962.0,0,0,0,25,0,115000,6000,0.0,0.0,86110000,223183000000,800,21311000000,17440,18255216,990
118,Uruguay,0,0,12,43,0,6,3042,31,1591,18000,0.0,660,49500000000,1775000,64,1322177,5000,54805,0.0,0,124962.0,0,0,2,14,0,52000,400,0.0,0.0,0,105096000000,1673,16257000000,77732,3425330,1600
119,Gabon,0,0,15,24,6,3,424,0,3261,0,0.0,885,6280000000,763000,40,532758,2500,46647,463000000.0,0,124962.0,0,0,0,5,0,16000,204000,0.0,25995000000.0,2000000000,48201000000,649,1568196000,14300,2455105,1600
120,Senegal,0,5,20,40,0,5,1740,0,2684,502000,0.0,531,11326000000,5257000,19,4089912,0,395798,54646000.0,0,124962.0,0,0,0,4,0,55000,9000,0.0,0.0,0,77382000000,906,889295000,16665,18847519,1000
121,Lebanon,35000,0,68,80,0,0,4538,116,484,207000,0.0,225,36928000000,1771000,8,1775644,65000,69738,0.0,0,124962.0,0,0,0,64,0,174000,0,0.0,0.0,0,65818000000,401,26498095000,21705,5364482,0
122,Panama,0,0,23,38,0,13,262,0,687,837000,0.0,2490,1115532300000,2096000,76,1206965,80000,53643,0.0,0,124962.0,0,0,0,30,0,146000,0,0.0,0.0,0,159867000000,77,6757000000,11978,4470241,800
123,Estonia,78800,0,3,5,0,2,1685,0,657,3000,0.0,3794,26400000000,752000,26,456028,10000,13132,0.0,0,124962.0,0,0,4,8,0,28000,24000,0.0,0.0,0,57377000000,1441,2593000000,58412,1193791,335
124,Eritrea,130000,6,13,20,1,5,860,65,1840,0,0.0,2234,635504500,1800000,10,1598677,0,76127,0.0,0,124962.0,0,0,0,23,0,4000,0,0.0,0.0,0,9702000000,306,225014976,16000,6343956,0
125,Armenia,210000,20,36,71,4,3,1306,109,1570,23000,60.0,0,9014000000,1356000,11,1366335,5000,44651,0.0,0,124962.0,0,0,0,0,0,14000,0,317000000.0,0.0,0,57728000000,686,3607000000,7700,2976765,0
126,Nicaragua,0,0,11,17,0,5,1869,89,1253,0,0.0,910,9053000000,3264000,39,2777610,5500,146893,0.0,0,124962.0,0,0,0,23,0,36000,200,0.0,0.0,0,51088000000,0,5447000000,23897,6676948,2220
127,Slovakia,0,0,22,41,2,7,3074,45,1587,5794000,2343000.0,0,127600000000,2823000,114,2353424,0,61200,52556000.0,0,124962.0,0,0,0,0,0,94000,7000,19000000.0,14158000000.0,9000000,213053000000,3627,11288000000,56926,5563649,172
128,Somalia,0,0,0,0,0,0,682,0,2385,0,0.0,3025,5830000000,3277000,38,1796384,2000,130173,0.0,0,124962.0,0,0,0,10,0,6000,0,0.0,5663000000.0,0,26351000000,0,16747500,15000,13017273,0
129,Dominican Republic,0,0,50,79,0,11,540,5,376,2188000,0.0,1288,27500000000,5302000,32,4034315,30000,97343,0.0,0,124962.0,0,0,0,34,0,134000,0,0.0,0.0,0,261616000000,496,15547000000,19705,10815857,0
130,Benin,0,0,5,5,0,0,92,0,2123,45000,0.0,121,4066500000,4964000,10,3189260,0,308638,0.0,0,124962.0,0,0,0,2,0,46000,0,0.0,1133000000.0,8000000,52510000000,438,698900000,16000,14697052,150
131,Madagascar,0,0,5,5,0,0,158,6,0,511000,0.0,4828,3028500000,15830000,91,7952233,8100,559602,0.0,0,124962.0,0,0,0,6,0,19000,0,150000000.0,0.0,0,51255000000,836,2632000000,31640,29452714,600
132,Bosnia and Herzegovina,6000,0,22,22,0,0,720,45,1543,14766000,14114000.0,20,7760500000,1369000,13,1956316,0,49383,0.0,0,124962.0,0,0,0,0,0,36000,0,2264000000.0,0.0,0,63769000000,965,9205000000,22926,3798671,990
133,Suriname,0,0,3,3,0,0,650,0,1907,0,0.0,386,2200000000,250000,55,84079,200,3234,7109000.0,0,124962.0,0,0,0,17,0,15000,14000,0.0,0.0,89000000,11824000000,0,1346000000,4304,646758,1200
134,Moldova,67000,0,2,3,0,1,500,0,1885,120000,0.0,0,4565500000,1464000,11,1792565,2000,71991,10000.0,0,124962.0,0,0,0,0,0,22000,0,0.0,0.0,0,38969000000,1171,5453000000,9352,3599528,558
135,Slovenia,26000,0,16,39,0,4,1428,54,1211,2553000,2358000.0,47,55000000000,1055000,42,826570,5000,22867,3863000.0,0,124962.0,0,0,0,2,0,45000,0,95000000.0,0.0,0,102036000000,1207,2370000000,38985,2097893,710
136,Liberia,0,0,0,0,0,0,300,0,1667,0,0.0,579,830923000,2499000,99,1913912,5500,65247,0.0,0,124962.0,0,0,0,4,0,4000,0,0.0,0.0,0,8884000000,429,599660000,10600,5437249,0
137,El Salvador,10000,0,30,52,0,4,1844,0,590,500,0.0,307,14258000000,2870000,27,2512278,15000,145831,0.0,0,124962.0,0,0,0,14,0,58000,3,0.0,0.0,0,71957000000,13,3799434000,9012,6628702,422
138,Albania,2000,0,19,19,0,0,1796,46,691,389000,379000.0,362,7312000000,1388000,3,1292554,500,62142,50623000.0,0,124962.0,0,0,0,19,0,2600,1400,522000000.0,5692000000.0,150000000,49592000000,424,6455000000,3945,3107100,41
139,Sierra Leone,0,0,1,1,0,0,150,0,1093,0,0.0,402,2687000000,2913000,8,1203978,0,45605,0.0,0,124962.0,0,0,0,7,0,9000,0,0.0,0.0,0,14633000000,0,495699000,11701,9121049,800
140,North Macedonia,60000,4,10,20,0,0,1108,20,838,5776000,5075000.0,0,11000000000,801000,13,783773,3500,27763,0.0,0,124962.0,0,0,0,0,0,22000,0,332000000.0,0.0,0,42444000000,699,5015000000,14182,2135622,0
141,Montenegro,0,0,11,11,0,0,471,0,680,1517000,1734000.0,294,2958500000,286000,5,85179,5500,3599,0.0,0,124962.0,0,0,0,14,0,8000,0,337000000.0,0.0,0,17115000000,250,1574000000,7762,599849,0
142,Bhutan,0,0,2,2,0,0,84,0,1136,325000,177000.0,0,2757000000,430000,4,122067,0,4423,0.0,0,124962.0,0,0,0,0,0,3000,0,0.0,0.0,0,10981000000,0,976260000,12205,884546,0
143,Kosovo,5000,0,0,0,0,0,737,0,714,8927000,9074000.0,0,2750000000,500300,4,743387,500,17794,0.0,0,124962.0,0,0,0,0,0,15000,0,1564000000.0,0.0,0,23794000000,437,1245000000,2012,1977093,0
144,Beliz,850,0,1,3,0,1,130,0,542,0,0.0,386,1248000000,190000,27,90226,0,8732,0.0,0,124962.0,0,0,0,8,0,5000,800,0.0,0.0,6700000,5257000000,0,473729000,3281,415789,825
145,Iceland,0,0,0,0,0,0,150,0,0,188000,0.0,4970,22000000000,239000,83,50237,0,1820,0.0,0,124962.0,0,0,0,0,0,18000,0,0.0,0.0,0,26155000000,0,5809000000,12898,364036,0
