country,population,total_military_manpower_x,active_personnel,defense_budget_inr_crore,fighter_aircraft,tanks,submarines,total_serviceable_airports,total_military_manpower_y,continent,oil_production_bbl,oil_production_million_bbl
China,1415043270,764123366,2035000,41.37,1212,6800,61,531,764123366.0,Asia,4984000.0,4.984
India,1409128296,662290299,1455550,6.6,513,4201,18,311,662290299.0,Asia,795000.0,0.795
United States,341963408,150463900,1328000,173.3,1790,4640,70,15873,150463900.0,North America,20879000.0,20.879
Indonesia,281562465,137965608,400000,7.18,41,331,4,513,137965608.0,Asia,865000.0,0.865
Pakistan,252363571,108516336,654000,0.84,328,2627,8,116,108516336.0,Asia,101000.0,0.101
Nigeria,236747130,125475979,230000,12.79,14,330,0,47,125475979.0,Africa,1541000.0,1.541
Brazil,220051512,112226271,360000,35.03,43,294,4,4919,112226271.0,South America,4221000.0,4.221
Bangladesh,168697184,82661620,163000,0.11,42,320,2,17,82661620.0,Asia,13000.0,0.013
Russia,140820810,69002197,1320000,89.03,833,5750,63,904,69002197.0,Europe,10727000.0,10.727
Mexico,130739927,61447766,412000,17.44,3,0,0,1485,61447766.0,North America,2101000.0,2.101
Japan,123201945,52976836,247150,0.07,217,521,24,279,52976836.0,Asia,8000.0,0.008
Ethiopia,118550298,56904143,162000,0.0,25,338,0,57,56904143.0,Africa,0.0,0.0
Philippines,118277063,50859137,150000,0.08,0,10,0,246,50859137.0,Asia,10000.0,0.01
Democratic Republic of the Congo,115403027,39237029,166580,0.16,1,105,0,272,39237029.0,Africa,19000.0,0.019
Egypt,111247248,45611372,440000,5.54,238,3620,8,73,45611372.0,Africa,667000.0,0.667
Vietnam,105758975,54994667,600000,1.55,41,1374,9,42,54994667.0,Asia,187000.0,0.187
Iran,88386937,49496685,610000,33.08,188,1713,25,173,49496685.0,Asia,3985000.0,3.985
Turkiye,84119531,42985080,355200,0.69,201,2238,13,115,42985080.0,Asia,83000.0,0.083
Germany,84119100,38694786,181600,1.09,129,296,6,838,38694786.0,Europe,131000.0,0.131
Thailand,69920998,36358919,360850,3.2,72,635,0,108,36358919.0,Asia,386000.0,0.386
United Kingdom,68459055,31491165,184860,6.25,113,227,9,1043,31491165.0,Europe,753000.0,0.753
France,68374591,30084820,200000,0.66,226,215,9,689,30084820.0,Europe,80000.0,0.08
Tanzania,67462121,12143182,27000,0.0,14,62,0,206,12143182.0,Africa,0.0,0.0
Italy,60964931,27434219,165500,0.96,89,200,8,636,27434219.0,Europe,116000.0,0.116
South Africa,60442647,27803618,71235,0.79,2,252,3,575,27803618.0,Africa,95000.0,0.095
Kenya,58246378,21551160,50000,0.0,17,188,0,370,21551160.0,Africa,0.0,0.0
Myanmar,57527139,30489384,150000,0.06,58,445,3,73,30489384.0,Asia,7000.0,0.007
South Korea,52081799,26040900,600000,0.32,315,2236,22,89,26040900.0,Asia,38000.0,0.038
Sudan,50467278,26747657,92000,0.56,37,224,0,41,26747657.0,Africa,68000.0,0.068
Colombia,49588357,24298295,293200,6.64,16,0,4,662,24298295.0,South America,800000.0,0.8
Uganda,49283041,16756234,45000,0.0,6,259,0,39,16756234.0,Africa,0.0,0.0
Spain,47280433,21748999,133282,0.39,137,317,2,363,21748999.0,Europe,47000.0,0.047
Algeria,47022473,22570787,325000,11.98,102,1485,6,85,22570787.0,Africa,1443000.0,1.443
Argentina,46994384,20677529,108000,6.7,23,342,2,756,20677529.0,South America,807000.0,0.807
Iraq,42083436,17675043,193000,36.83,26,1025,0,71,17675043.0,Asia,4437000.0,4.437
Afghanistan,40121552,15647405,0,0.0,0,0,0,67,15647405.0,Asia,0.0,0.0
Canada,38794813,16681770,68000,47.24,66,74,4,1425,16681770.0,North America,5692000.0,5.692
Poland,38746310,18985692,202100,0.2,59,614,1,288,18985692.0,Europe,24000.0,0.024
Morocco,37387585,17946041,195800,0.0,83,903,0,49,17946041.0,Africa,25.0,2.5e-05
Angola,37202061,7440412,107000,9.75,71,309,0,106,7440412.0,Africa,1175000.0,1.175
Saudi Arabia,36544431,19003104,257000,92.24,283,840,0,86,19003104.0,Asia,11113000.0,11.113
Uzbekistan,36520593,18990708,48000,0.53,58,340,0,74,18990708.0,Asia,64000.0,0.064
Ukraine,35661826,18187531,900000,0.02,70,1114,0,148,18187531.0,Europe,3000.0,0.003
Ghana,34589092,14873310,15500,1.44,0,0,0,11,14873310.0,Africa,174000.0,0.174
Malaysia,34564810,16245461,113000,4.83,26,48,2,102,16245461.0,Asia,582000.0,0.582
Mozambique,33350954,14674420,11200,0.0,8,30,0,92,14674420.0,Africa,0.0,0.0
Peru,32600249,15648120,120000,0.98,15,240,4,166,15648120.0,South America,118000.0,0.118
Yemen,32140443,12213368,66700,0.12,27,0,0,36,12213368.0,Asia,15000.0,0.015
Venezuela,31250306,15625153,109000,6.32,30,172,1,502,15625153.0,South America,761000.0,0.761
Nepal,31122387,15249970,95000,0.0,0,0,0,51,15249970.0,Asia,0.0,0.0
Cameroon,30966105,10528476,40000,0.45,0,0,0,37,10528476.0,Africa,54000.0,0.054
Ivory Coast,29981758,12292521,22000,0.24,0,5,0,29,12292521.0,Africa,29000.0,0.029
Madagascar,29452714,11192031,13500,0.0,0,6,0,91,11192031.0,Africa,0.0,0.0
Australia,26768598,11242811,57350,3.2,24,59,6,2180,11242811.0,Oceania,386000.0,0.386
Niger,26342784,7902835,25000,0.05,0,0,0,26,7902835.0,Africa,6000.0,0.006
North Korea,26298666,9467520,1320000,0.0,368,4344,13,83,9467520.0,Asia,0.0,0.0
Syria,23865423,15273871,170000,0.62,104,365,0,39,15273871.0,Asia,75000.0,0.075
Taiwan,23595274,12269542,215000,0.01,285,888,4,53,12269542.0,Asia,800.0,0.0008
Burkina Faso,23042199,8525614,12000,0.0,0,0,0,49,8525614.0,Africa,0.0,0.0
Mali,21990607,6817088,40000,0.0,9,10,0,30,6817088.0,Africa,0.0,0.0
Sri Lanka,21982608,10551652,346000,0.0,5,44,0,18,10551652.0,Asia,0.0,0.0
Zambia,20799116,7279691,15150,0.0,0,35,0,119,7279691.0,Africa,0.0,0.0
Kazakhstan,20260006,9117003,110000,16.23,63,350,0,132,9117003.0,Asia,1955000.0,1.955
Chad,19093595,6873694,33250,1.03,0,90,0,42,6873694.0,Africa,124000.0,0.124
Senegal,18847519,7162057,17000,0.07,0,0,0,19,7162057.0,Africa,9000.0,0.009
Chile,18664652,8959033,80000,0.09,45,386,4,374,8959033.0,South America,11000.0,0.011
Ecuador,18309984,8422593,41250,3.98,0,54,2,310,8422593.0,South America,480000.0,0.48
Guatemala,18255216,7484639,106114,0.05,0,5,0,58,7484639.0,North America,6000.0,0.006
Romania,18148155,9437041,81300,0.56,21,328,0,82,9437041.0,Europe,67000.0,0.067
Netherlands,17772378,7997570,41380,0.58,32,18,3,45,7997570.0,Europe,70000.0,0.07
Zimbabwe,17150352,6517134,29000,0.01,13,15,0,144,6517134.0,Africa,800.0,0.0008
Cambodia,17063669,8190561,221000,0.0,0,644,0,13,8190561.0,Asia,0.0,0.0
Benin,14697052,5584880,4750,0.0,0,0,0,10,5584880.0,Africa,0.0,0.0
Somalia,13017273,2993973,15000,0.0,0,0,0,38,2993973.0,Africa,0.0,0.0
South Sudan,12703714,6351857,185000,1.21,0,30,0,82,6351857.0,Africa,146000.0,0.146
Bolivia,12311974,5417269,40000,0.48,0,54,0,200,5417269.0,South America,58000.0,0.058
Tunisia,12048847,6024424,89800,0.29,10,90,0,14,6024424.0,Africa,35000.0,0.035
Belgium,11977634,4910830,25000,0.09,43,0,0,49,4910830.0,Europe,11000.0,0.011
Jordan,11174024,3463947,100500,0.0,44,1458,0,17,3463947.0,Asia,20.0,2e-05
Cuba,10966038,5921661,45500,0.28,11,113,0,123,5921661.0,North America,34000.0,0.034
Czechia,10837890,5093808,28000,0.03,12,43,0,243,5093808.0,Europe,4000.0,0.004
Dominican Republic,10815857,4975294,50000,0.0,0,5,0,32,4975294.0,North America,0.0,0.0
Azerbaijan,10650239,5218617,126400,5.13,12,497,4,32,5218617.0,Asia,618000.0,0.618
Portugal,10639726,5319863,24000,0.11,28,34,2,136,5319863.0,Europe,12932.0,0.012932
Sweden,10589835,4235934,24400,0.09,71,110,4,203,4235934.0,Europe,11000.0,0.011
Greece,10461091,4916713,142700,0.04,178,1344,10,81,4916713.0,Europe,5000.0,0.005
Tajikistan,10394063,4781269,9500,0.0,0,38,0,19,4781269.0,Asia,300.0,0.0003
United Arab Emirates,10032213,5818684,65000,34.41,99,354,0,42,5818684.0,Asia,4146000.0,4.146
Hungary,9855745,4632200,41600,0.3,12,209,0,109,4632200.0,Europe,36000.0,0.036
Honduras,9529188,4192843,52225,0.0,4,11,0,129,4192843.0,North America,20.0,2e-05
Belarus,9501451,5035769,63000,0.25,36,507,0,46,5035769.0,Europe,30000.0,0.03
Israel,9402617,3949099,170000,0.12,240,1300,5,37,3949099.0,Asia,15000.0,0.015
Sierra Leone,9121049,2006631,13000,0.0,0,0,0,8,2006631.0,Africa,0.0,0.0
Austria,8967982,4035592,16000,0.15,15,56,0,61,4035592.0,Europe,18000.0,0.018
Switzerland,8860574,3898653,101584,0.0,43,205,0,62,3898653.0,Europe,300.0,0.0003
Laos,7953556,3499565,100000,0.0,0,160,0,18,3499565.0,Asia,0.0,0.0
Paraguay,7522549,3535598,15650,0.02,0,0,0,83,3535598.0,South America,2000.0,0.002
Libya,7361263,3827857,32000,10.33,10,43,0,66,3827857.0,Africa,1245000.0,1.245
Bulgaria,6782659,3187850,37000,0.03,10,90,0,111,3187850.0,Europe,4000.0,0.004
Nicaragua,6676948,3271705,45000,0.0,0,89,0,39,3271705.0,North America,200.0,0.0002
Serbia,6652212,3259584,25000,0.11,11,262,0,43,3259584.0,Europe,13000.0,0.013
El Salvador,6628702,3181777,25000,0.0,0,0,0,27,3181777.0,North America,3.0,3e-06
Eritrea,6343956,2220385,120000,0.0,1,65,0,10,2220385.0,Africa,0.0,0.0
Kyrgyzstan,6172101,3147772,23000,0.05,0,215,0,28,3147772.0,Asia,6000.0,0.006
Republic of the Congo,6097665,2256136,8500,2.22,2,30,0,56,2256136.0,Africa,267000.0,0.267
Singapore,6028459,3918498,51000,0.0,100,170,6,9,3918498.0,Asia,0.0,0.0
Denmark,5973136,2628180,20000,0.52,31,44,0,99,2628180.0,Europe,63000.0,0.063
Turkmenistan,5744151,2768681,36500,2.26,24,654,0,23,2768681.0,Asia,272000.0,0.272
Central African Republic,5650957,2203873,10000,0.0,0,0,0,43,2203873.0,Africa,0.0,0.0
Finland,5626414,2306830,24000,0.07,54,200,0,98,2306830.0,Europe,8000.0,0.008
Slovakia,5563649,2837461,19500,0.06,2,45,0,114,2837461.0,Europe,7000.0,0.007
Norway,5509733,2203893,23250,16.77,0,44,6,145,2203893.0,Europe,2020000.0,2.02
Liberia,5437249,2392390,1500,0.0,0,0,0,99,2392390.0,Africa,0.0,0.0
Lebanon,5364482,2092148,60000,0.0,0,116,0,8,2092148.0,Asia,0.0,0.0
Ireland,5233461,2407392,7765,0.0,0,0,0,100,2407392.0,Europe,600.0,0.0006
New Zealand,5161211,2219321,8670,0.1,0,0,0,202,2219321.0,Oceania,12000.0,0.012
Georgia,4900961,2744538,55000,0.0,0,123,0,19,2744538.0,Asia,300.0,0.0003
Panama,4470241,2011608,0,0.0,0,0,0,76,2011608.0,North America,0.0,0.0
Mauritania,4328040,1687936,31540,0.0,0,25,0,25,1687936.0,Africa,0.0,0.0
Croatia,4150116,2033557,14325,0.09,10,45,0,40,2033557.0,Europe,11000.0,0.011
Oman,3901992,1482757,42600,8.76,29,150,0,36,1482757.0,Asia,1056000.0,1.056
Bosnia and Herzegovina,3798671,2355176,12770,0.0,0,45,0,13,2355176.0,Europe,0.0,0.0
Moldova,3599528,2159717,8500,0.0,0,0,0,11,2159717.0,Europe,0.0,0.0
Uruguay,3425330,1575652,25000,0.0,0,31,0,64,1575652.0,South America,400.0,0.0004
Mongolia,3281676,1870555,35000,0.12,0,420,0,35,1870555.0,Asia,15000.0,0.015
Kuwait,3138355,1726095,72000,24.15,43,367,0,6,1726095.0,Asia,2910000.0,2.91
Albania,3107100,1522479,6600,0.01,0,46,0,3,1522479.0,Europe,1400.0,0.0014
Armenia,2976765,1666988,57500,0.0,4,109,0,11,1666988.0,Asia,0.0,0.0
Namibia,2803660,616805,13000,0.0,11,4,0,255,616805.0,Africa,0.0,0.0
Lithuania,2628186,1708321,23000,0.03,0,0,0,65,1708321.0,Europe,4000.0,0.004
Qatar,2552088,638022,66550,15.06,102,99,0,8,638022.0,Asia,1815000.0,1.815
Gabon,2455105,932940,4800,1.69,6,0,0,40,932940.0,Africa,204000.0,0.204
Botswana,2450668,1029281,21000,0.0,11,45,0,122,1029281.0,Africa,0.0,0.0
North Macedonia,2135622,948216,9000,0.0,0,20,0,13,948216.0,Europe,0.0,0.0
Slovenia,2097893,1006989,7300,0.0,0,54,0,42,1006989.0,Europe,0.0,0.0
Kosovo,1977093,917371,10000,0.0,0,0,0,4,917371.0,Europe,0.0,0.0
Latvia,1801246,810561,17250,0.02,0,0,0,56,810561.0,Europe,2000.0,0.002
Bahrain,1566888,846120,18400,1.57,24,150,0,3,846120.0,Asia,189000.0,0.189
Estonia,1193791,584958,7700,0.2,0,0,0,26,584958.0,Europe,24000.0,0.024
Bhutan,884546,203446,7500,0.0,0,0,0,4,203446.0,Asia,0.0,0.0
Luxembourg,671254,154388,1000,0.0,0,0,0,3,154388.0,Europe,0.0,0.0
Suriname,646758,142287,2000,0.12,0,0,0,55,142287.0,South America,14000.0,0.014
Montenegro,599849,143964,2350,0.0,0,0,0,5,143964.0,Europe,0.0,0.0
Beliz,415789,158000,1650,0.01,0,0,0,27,158000.0,North America,800.0,0.0008
Iceland,364036,83728,0,0.0,0,0,0,83,83728.0,Europe,0.0,0.0
