country,continent,region,is_nato,overall_rank,kpi_name,kpi_value
China,Asia,Asia,0,2,assets_per_capita,0.000110098
India,Asia,Asia,0,4,assets_per_capita,0.00011086
United States,North America,Americas,1,1,assets_per_capita,0.001216297
Indonesia,Other,Other,0,10,assets_per_capita,7.73E-05
Pakistan,Other,Other,0,17,assets_per_capita,8.73E-05
Nigeria,Other,Other,0,40,assets_per_capita,4.08E-05
Brazil,Other,Other,0,29,assets_per_capita,0.000106911
Bangladesh,Other,Other,0,6,assets_per_capita,7.29E-05
Russia,Europe,Europe,0,3,assets_per_capita,0.001020013
Mexico,Other,Other,0,25,assets_per_capita,0.00015631
Japan,Asia,Asia,0,8,assets_per_capita,0.000281513
Ethiopia,Other,Other,0,93,assets_per_capita,6.52E-05
Philippines,Other,Other,0,28,assets_per_capita,0.000104204
Democratic Republic of the Congo,Other,Other,0,88,assets_per_capita,9.66E-06
Egypt,Other,Other,0,16,assets_per_capita,0.000415498
Vietnam,Other,Other,0,7,assets_per_capita,0.000129946
Iran,Other,Other,0,18,assets_per_capita,0.00077301
Turkiye,Other,Other,0,12,assets_per_capita,0.000774897
Germany,Europe,Europe,1,24,assets_per_capita,0.001004647
Thailand,Other,Other,0,15,assets_per_capita,0.000266215
United Kingdom,Europe,Europe,1,22,assets_per_capita,0.000576009
France,Europe,Europe,1,13,assets_per_capita,0.001648273
Tanzania,Other,Other,0,104,assets_per_capita,1.77E-05
Italy,Other,Other,1,14,assets_per_capita,0.001230166
South Africa,Other,Other,0,50,assets_per_capita,0.000318682
Kenya,Other,Other,0,83,assets_per_capita,7.86E-05
Myanmar,Other,Other,0,31,assets_per_capita,0.000122673
South Korea,Other,Other,0,5,assets_per_capita,0.001223882
Sudan,Other,Other,0,89,assets_per_capita,6.66E-05
Colombia,Other,Other,0,26,assets_per_capita,8.84E-05
Uganda,Other,Other,0,115,assets_per_capita,8.53E-05
Spain,Other,Other,1,35,assets_per_capita,0.000395703
Algeria,Other,Other,0,32,assets_per_capita,0.000606136
Argentina,Other,Other,0,52,assets_per_capita,0.000477568
Iraq,Other,Other,0,38,assets_per_capita,0.000925994
Afghanistan,Other,Other,0,111,assets_per_capita,0.00013003
Canada,North America,Americas,1,45,assets_per_capita,0.000576031
Poland,Other,Other,1,37,assets_per_capita,0.000632551
Morocco,Other,Other,0,41,assets_per_capita,0.000246847
Angola,Other,Other,0,69,assets_per_capita,0.000168109
Saudi Arabia,Other,Other,0,34,assets_per_capita,0.000577188
Uzbekistan,Other,Other,0,101,assets_per_capita,9.87E-05
Ukraine,Other,Other,0,19,assets_per_capita,0.000577172
Ghana,Other,Other,0,98,assets_per_capita,5.44E-05
Malaysia,Other,Other,0,44,assets_per_capita,0.000400234
Mozambique,Other,Other,0,95,assets_per_capita,2.89E-05
Peru,Other,Other,0,46,assets_per_capita,0.000222023
Yemen,Other,Other,0,85,assets_per_capita,2.17E-05
Venezuela,Other,Other,0,58,assets_per_capita,0.000298397
Nepal,Other,Other,0,116,assets_per_capita,3.64E-05
Cameroon,Other,Other,0,74,assets_per_capita,1.73E-05
Ivory Coast,Other,Other,0,127,assets_per_capita,2.31E-05
Madagascar,Other,Other,0,128,assets_per_capita,6.11E-06
Australia,Oceania,Oceania,0,51,assets_per_capita,0.000603207
Niger,Other,Other,0,137,assets_per_capita,1.88E-05
North Korea,Other,Other,0,11,assets_per_capita,0.000908981
Syria,Other,Other,0,65,assets_per_capita,0.000495445
Taiwan,Other,Other,0,9,assets_per_capita,0.000928279
Burkina Faso,Other,Other,0,139,assets_per_capita,2.32E-05
Mali,Other,Other,0,132,assets_per_capita,2.88E-05
Sri Lanka,Other,Other,0,27,assets_per_capita,0.000165767
Zambia,Other,Other,0,135,assets_per_capita,2.73E-05
Kazakhstan,Other,Other,0,64,assets_per_capita,0.000413376
Chad,Other,Other,0,121,assets_per_capita,0.000181317
Senegal,Other,Other,0,124,assets_per_capita,9.57E-05
Chile,Other,Other,0,42,assets_per_capita,0.000520342
Ecuador,Other,Other,0,72,assets_per_capita,0.000296887
Guatemala,Other,Other,0,77,assets_per_capita,4.25E-05
Romania,Other,Other,1,67,assets_per_capita,0.000624141
Netherlands,Other,Other,1,60,assets_per_capita,0.000169927
Zimbabwe,Other,Other,0,123,assets_per_capita,5.63E-05
Cambodia,Other,Other,0,75,assets_per_capita,0.000254166
Benin,Other,Other,0,141,assets_per_capita,7.08E-06
Somalia,Other,Other,0,120,assets_per_capita,5.32E-05
South Sudan,Other,Other,0,108,assets_per_capita,0.000158615
Bolivia,Other,Other,0,68,assets_per_capita,9.00E-05
Tunisia,Other,Other,0,61,assets_per_capita,0.000690191
Belgium,Other,Other,1,97,assets_per_capita,0.000395988
Jordan,Other,Other,0,56,assets_per_capita,0.001659026
Cuba,Other,Other,0,47,assets_per_capita,0.000641982
Czechia,Other,Other,0,81,assets_per_capita,0.000601962
Dominican Republic,Other,Other,0,82,assets_per_capita,6.55E-05
Azerbaijan,Other,Other,0,54,assets_per_capita,0.000790311
Portugal,Other,Other,1,36,assets_per_capita,0.001052847
Sweden,Other,Other,1,23,assets_per_capita,0.000702088
Greece,Other,Other,1,21,assets_per_capita,0.006144197
Tajikistan,Other,Other,0,71,assets_per_capita,0.000127284
United Arab Emirates,Other,Other,0,30,assets_per_capita,0.001000776
Hungary,Other,Other,1,94,assets_per_capita,0.000823783
Honduras,Other,Other,0,53,assets_per_capita,8.09E-05
Belarus,Other,Other,0,78,assets_per_capita,0.000807877
Israel,Other,Other,0,33,assets_per_capita,0.004052595
Sierra Leone,Other,Other,0,129,assets_per_capita,1.74E-05
Austria,Other,Other,0,92,assets_per_capita,0.000836755
Switzerland,Other,Other,0,39,assets_per_capita,0.000833693
Laos,Other,Other,0,70,assets_per_capita,0.000582381
Paraguay,Other,Other,0,57,assets_per_capita,0.000163907
Libya,Other,Other,0,84,assets_per_capita,0.000274817
Bulgaria,Other,Other,1,73,assets_per_capita,0.000756635
Nicaragua,Other,Other,0,99,assets_per_capita,0.000300886
Serbia,Other,Other,0,55,assets_per_capita,0.000619493
El Salvador,Other,Other,0,106,assets_per_capita,0.000292667
Eritrea,Other,Other,0,80,assets_per_capita,0.000154635
Kyrgyzstan,Other,Other,0,86,assets_per_capita,0.000472287
Republic of the Congo,Other,Other,0,136,assets_per_capita,0.00011447
Singapore,Other,Other,0,43,assets_per_capita,0.001578845
Denmark,Other,Other,1,62,assets_per_capita,0.000686574
Turkmenistan,Other,Other,0,91,assets_per_capita,0.001010245
Central African Republic,Other,Other,0,142,assets_per_capita,4.14E-05
Finland,Other,Other,1,20,assets_per_capita,0.002196426
Slovakia,Other,Other,1,119,assets_per_capita,0.000571927
Norway,Other,Other,1,66,assets_per_capita,0.001228553
Liberia,Other,Other,0,138,assets_per_capita,5.59E-05
Lebanon,Other,Other,0,59,assets_per_capita,0.000907077
Ireland,Other,Other,0,118,assets_per_capita,0.000334387
New Zealand,Other,Other,0,113,assets_per_capita,0.000424513
Georgia,Other,Other,0,79,assets_per_capita,0.000742507
Panama,Other,Other,0,90,assets_per_capita,7.90E-05
Mauritania,Other,Other,0,112,assets_per_capita,0.000158732
Croatia,Other,Other,1,87,assets_per_capita,0.000729377
Oman,Other,Other,0,76,assets_per_capita,0.001131473
Bosnia and Herzegovina,Other,Other,0,134,assets_per_capita,0.000212969
Moldova,Other,Other,0,126,assets_per_capita,0.000140296
Uruguay,Other,Other,0,105,assets_per_capita,0.000917284
Mongolia,Other,Other,0,102,assets_per_capita,0.000910815
Kuwait,Other,Other,0,48,assets_per_capita,0.002014112
Albania,Other,Other,1,107,assets_per_capita,0.000611181
Armenia,Other,Other,0,96,assets_per_capita,0.000511293
Namibia,Other,Other,0,109,assets_per_capita,0.000768281
Lithuania,Other,Other,1,100,assets_per_capita,0.000490833
Qatar,Other,Other,0,49,assets_per_capita,0.002182135
Gabon,Other,Other,0,131,assets_per_capita,0.000190623
Botswana,Other,Other,0,133,assets_per_capita,0.000542709
North Macedonia,Other,Other,1,122,assets_per_capita,0.000542231
Slovenia,Other,Other,1,125,assets_per_capita,0.000733593
Kosovo,Other,Other,0,140,assets_per_capita,0.00037277
Latvia,Other,Other,1,103,assets_per_capita,0.001043722
Bahrain,Other,Other,0,63,assets_per_capita,0.002035883
Estonia,Other,Other,1,110,assets_per_capita,0.001424873
Bhutan,Other,Other,0,144,assets_per_capita,9.95E-05
Luxembourg,Other,Other,1,145,assets_per_capita,0.000272624
Suriname,Other,Other,0,114,assets_per_capita,0.001040575
Montenegro,Other,Other,1,117,assets_per_capita,0.000845213
Beliz,Other,Other,0,130,assets_per_capita,0.000341519
Iceland,Other,Other,1,143,assets_per_capita,0.000412047
China,Asia,Asia,0,2,budget_to_gdp_ratio,0.008545489
India,Asia,Asia,0,4,budget_to_gdp_ratio,0.005723443
United States,North America,Americas,1,1,budget_to_gdp_ratio,0.03629065
Indonesia,Other,Other,0,10,budget_to_gdp_ratio,0.002713774
Pakistan,Other,Other,0,17,budget_to_gdp_ratio,0.005671863
Nigeria,Other,Other,0,40,budget_to_gdp_ratio,0.002478431
Brazil,Other,Other,0,29,budget_to_gdp_ratio,0.006513272
Bangladesh,Other,Other,0,6,budget_to_gdp_ratio,0.003095541
Russia,Europe,Europe,0,3,budget_to_gdp_ratio,0.021664374
Mexico,Other,Other,0,25,budget_to_gdp_ratio,0.002645318
Japan,Asia,Asia,0,8,budget_to_gdp_ratio,0.009894116
Ethiopia,Other,Other,0,93,budget_to_gdp_ratio,0.00591526
Philippines,Other,Other,0,28,budget_to_gdp_ratio,0.003848858
Democratic Republic of the Congo,Other,Other,0,88,budget_to_gdp_ratio,0.005172065
Egypt,Other,Other,0,16,budget_to_gdp_ratio,0.003075052
Vietnam,Other,Other,0,7,budget_to_gdp_ratio,0.00634712
Iran,Other,Other,0,18,budget_to_gdp_ratio,0.010729167
Turkiye,Other,Other,0,12,budget_to_gdp_ratio,0.016008174
Germany,Europe,Europe,1,24,budget_to_gdp_ratio,0.009560229
Thailand,Other,Other,0,15,budget_to_gdp_ratio,0.003883828
United Kingdom,Europe,Europe,1,22,budget_to_gdp_ratio,0.01932447
France,Europe,Europe,1,13,budget_to_gdp_ratio,0.014612115
Tanzania,Other,Other,0,104,budget_to_gdp_ratio,0.006010448
Italy,Other,Other,1,14,budget_to_gdp_ratio,0.009974169
South Africa,Other,Other,0,50,budget_to_gdp_ratio,0.002626709
Kenya,Other,Other,0,83,budget_to_gdp_ratio,0.004162808
Myanmar,Other,Other,0,31,budget_to_gdp_ratio,0.010147776
South Korea,Other,Other,0,5,budget_to_gdp_ratio,0.017705545
Sudan,Other,Other,0,89,budget_to_gdp_ratio,0.002513985
Colombia,Other,Other,0,26,budget_to_gdp_ratio,0.010778365
Uganda,Other,Other,0,115,budget_to_gdp_ratio,0.007263319
Spain,Other,Other,1,35,budget_to_gdp_ratio,0.010435772
Algeria,Other,Other,0,32,budget_to_gdp_ratio,0.03571699
Argentina,Other,Other,0,52,budget_to_gdp_ratio,0.000752143
Iraq,Other,Other,0,38,budget_to_gdp_ratio,0.013828697
Afghanistan,Other,Other,0,111,budget_to_gdp_ratio,0.005294608
Canada,North America,Americas,1,45,budget_to_gdp_ratio,0.018319929
Poland,Other,Other,1,37,budget_to_gdp_ratio,0.030136139
Morocco,Other,Other,0,41,budget_to_gdp_ratio,0.039706057
Angola,Other,Other,0,69,budget_to_gdp_ratio,0.004142507
Saudi Arabia,Other,Other,0,34,budget_to_gdp_ratio,0.040830147
Uzbekistan,Other,Other,0,101,budget_to_gdp_ratio,0.00878361
Ukraine,Other,Other,0,19,budget_to_gdp_ratio,0.095896111
Ghana,Other,Other,0,98,budget_to_gdp_ratio,0.001343413
Malaysia,Other,Other,0,44,budget_to_gdp_ratio,0.004166667
Mozambique,Other,Other,0,95,budget_to_gdp_ratio,0.008145207
Peru,Other,Other,0,46,budget_to_gdp_ratio,0.006606857
Yemen,Other,Other,0,85,budget_to_gdp_ratio,0.012094554
Venezuela,Other,Other,0,58,budget_to_gdp_ratio,0.013829285
Nepal,Other,Other,0,116,budget_to_gdp_ratio,0.002834869
Cameroon,Other,Other,0,74,budget_to_gdp_ratio,0.003994618
Ivory Coast,Other,Other,0,127,budget_to_gdp_ratio,0.003302464
Madagascar,Other,Other,0,128,budget_to_gdp_ratio,0.00218925
Australia,Oceania,Oceania,0,51,budget_to_gdp_ratio,0.035164141
Niger,Other,Other,0,137,budget_to_gdp_ratio,0.007549202
North Korea,Other,Other,0,11,budget_to_gdp_ratio,0.065777778
Syria,Other,Other,0,65,budget_to_gdp_ratio,0.005217579
Taiwan,Other,Other,0,9,budget_to_gdp_ratio,0.01570031
Burkina Faso,Other,Other,0,139,budget_to_gdp_ratio,0.001422172
Mali,Other,Other,0,132,budget_to_gdp_ratio,0.011363431
Sri Lanka,Other,Other,0,27,budget_to_gdp_ratio,0.004407032
Zambia,Other,Other,0,135,budget_to_gdp_ratio,0.005153936
Kazakhstan,Other,Other,0,64,budget_to_gdp_ratio,0.002903816
Chad,Other,Other,0,121,budget_to_gdp_ratio,0.011753375
Senegal,Other,Other,0,124,budget_to_gdp_ratio,0.006011088
Chile,Other,Other,0,42,budget_to_gdp_ratio,0.008688694
Ecuador,Other,Other,0,72,budget_to_gdp_ratio,0.009130981
Guatemala,Other,Other,0,77,budget_to_gdp_ratio,0.001830941
Romania,Other,Other,1,67,budget_to_gdp_ratio,0.012563026
Netherlands,Other,Other,1,60,budget_to_gdp_ratio,0.021774194
Zimbabwe,Other,Other,0,123,budget_to_gdp_ratio,0.009060649
Cambodia,Other,Other,0,75,budget_to_gdp_ratio,0.010011641
Benin,Other,Other,0,141,budget_to_gdp_ratio,0.001872977
Somalia,Other,Other,0,120,budget_to_gdp_ratio,0.006489406
South Sudan,Other,Other,0,108,budget_to_gdp_ratio,0.00876062
Bolivia,Other,Other,0,68,budget_to_gdp_ratio,0.00459323
Tunisia,Other,Other,0,61,budget_to_gdp_ratio,0.009112388
Belgium,Other,Other,1,97,budget_to_gdp_ratio,0.013571193
Jordan,Other,Other,0,56,budget_to_gdp_ratio,0.023406925
Cuba,Other,Other,0,47,budget_to_gdp_ratio,0.031886733
Czechia,Other,Other,0,81,budget_to_gdp_ratio,0.013005605
Dominican Republic,Other,Other,0,82,budget_to_gdp_ratio,0.003099199
Azerbaijan,Other,Other,0,54,budget_to_gdp_ratio,0.023159299
Portugal,Other,Other,1,36,budget_to_gdp_ratio,0.00873182
Sweden,Other,Other,1,23,budget_to_gdp_ratio,0.019220732
Greece,Other,Other,1,21,budget_to_gdp_ratio,0.017297355
Tajikistan,Other,Other,0,71,budget_to_gdp_ratio,0.009598209
United Arab Emirates,Other,Other,0,30,budget_to_gdp_ratio,0.003073863
Hungary,Other,Other,1,94,budget_to_gdp_ratio,0.011766339
Honduras,Other,Other,0,53,budget_to_gdp_ratio,0.006007422
Belarus,Other,Other,0,78,budget_to_gdp_ratio,0.004236912
Israel,Other,Other,0,33,budget_to_gdp_ratio,0.064751714
Sierra Leone,Other,Other,0,129,budget_to_gdp_ratio,0.015622224
Austria,Other,Other,0,92,budget_to_gdp_ratio,0.009275367
Switzerland,Other,Other,0,39,budget_to_gdp_ratio,0.034123353
Laos,Other,Other,0,70,budget_to_gdp_ratio,0.002103688
Paraguay,Other,Other,0,57,budget_to_gdp_ratio,0.162883487
Libya,Other,Other,0,84,budget_to_gdp_ratio,0.025092045
Bulgaria,Other,Other,1,73,budget_to_gdp_ratio,0.006415143
Nicaragua,Other,Other,0,99,budget_to_gdp_ratio,0.001800814
Serbia,Other,Other,0,55,budget_to_gdp_ratio,0.014101589
El Salvador,Other,Other,0,106,budget_to_gdp_ratio,0.004650277
Eritrea,Other,Other,0,80,budget_to_gdp_ratio,0.020408163
Kyrgyzstan,Other,Other,0,86,budget_to_gdp_ratio,0.004878907
Republic of the Congo,Other,Other,0,136,budget_to_gdp_ratio,0.008028719
Singapore,Other,Other,0,43,budget_to_gdp_ratio,0.01987392
Denmark,Other,Other,1,62,budget_to_gdp_ratio,0.016866758
Turkmenistan,Other,Other,0,91,budget_to_gdp_ratio,0.011372719
Central African Republic,Other,Other,0,142,budget_to_gdp_ratio,0.007862883
Finland,Other,Other,1,20,budget_to_gdp_ratio,0.021112152
Slovakia,Other,Other,1,119,budget_to_gdp_ratio,0.012466382
Norway,Other,Other,1,66,budget_to_gdp_ratio,0.01943835
Liberia,Other,Other,0,138,budget_to_gdp_ratio,0.041062584
Lebanon,Other,Other,0,59,budget_to_gdp_ratio,0.011672344
Ireland,Other,Other,0,118,budget_to_gdp_ratio,0.002465228
New Zealand,Other,Other,0,113,budget_to_gdp_ratio,0.01189308
Georgia,Other,Other,0,79,budget_to_gdp_ratio,0.005924609
Panama,Other,Other,0,90,budget_to_gdp_ratio,0.005737282
Mauritania,Other,Other,0,112,budget_to_gdp_ratio,0.008595164
Croatia,Other,Other,1,87,budget_to_gdp_ratio,0.007382066
Oman,Other,Other,0,76,budget_to_gdp_ratio,0.044095504
Bosnia and Herzegovina,Other,Other,0,134,budget_to_gdp_ratio,0.003393498
Moldova,Other,Other,0,126,budget_to_gdp_ratio,0.043881034
Uruguay,Other,Other,0,105,budget_to_gdp_ratio,0.007349471
Mongolia,Other,Other,0,102,budget_to_gdp_ratio,0.002934559
Kuwait,Other,Other,0,48,budget_to_gdp_ratio,0.031726468
Albania,Other,Other,1,107,budget_to_gdp_ratio,0.011269205
Armenia,Other,Other,0,96,budget_to_gdp_ratio,0.029448448
Namibia,Other,Other,0,109,budget_to_gdp_ratio,0.012373096
Lithuania,Other,Other,1,100,budget_to_gdp_ratio,0.018000633
Qatar,Other,Other,0,49,budget_to_gdp_ratio,0.030927328
Gabon,Other,Other,0,131,budget_to_gdp_ratio,0.005701541
Botswana,Other,Other,0,133,budget_to_gdp_ratio,0.009961063
North Macedonia,Other,Other,1,122,budget_to_gdp_ratio,0.009151392
Slovenia,Other,Other,1,125,budget_to_gdp_ratio,0.008691638
Kosovo,Other,Other,0,140,budget_to_gdp_ratio,0.01095718
Latvia,Other,Other,1,103,budget_to_gdp_ratio,0.015993479
Bahrain,Other,Other,0,63,budget_to_gdp_ratio,0.018682668
Estonia,Other,Other,1,110,budget_to_gdp_ratio,0.025504296
Bhutan,Other,Other,0,144,budget_to_gdp_ratio,0.001274929
Luxembourg,Other,Other,1,145,budget_to_gdp_ratio,0.008201382
Suriname,Other,Other,0,114,budget_to_gdp_ratio,0.01217862
Montenegro,Other,Other,1,117,budget_to_gdp_ratio,0.008653228
Beliz,Other,Other,0,130,budget_to_gdp_ratio,0.005618794
Iceland,Other,Other,1,143,budget_to_gdp_ratio,0.011944179
China,Asia,Asia,0,2,overall_power_index,0.614964432
India,Asia,Asia,0,4,overall_power_index,0.374966479
United States,North America,Americas,1,1,overall_power_index,0.667595936
Indonesia,Other,Other,0,10,overall_power_index,0.144245488
Pakistan,Other,Other,0,17,overall_power_index,0.112998317
Nigeria,Other,Other,0,40,overall_power_index,0.053005704
Brazil,Other,Other,0,29,overall_power_index,0.082477137
Bangladesh,Other,Other,0,6,overall_power_index,0.241987727
Russia,Europe,Europe,0,3,overall_power_index,0.392679557
Mexico,Other,Other,0,25,overall_power_index,0.090718676
Japan,Asia,Asia,0,8,overall_power_index,0.162563364
Ethiopia,Other,Other,0,93,overall_power_index,0.010372472
Philippines,Other,Other,0,28,overall_power_index,0.085114564
Democratic Republic of the Congo,Other,Other,0,88,overall_power_index,0.011843248
Egypt,Other,Other,0,16,overall_power_index,0.115826576
Vietnam,Other,Other,0,7,overall_power_index,0.213799919
Iran,Other,Other,0,18,overall_power_index,0.11262334
Turkiye,Other,Other,0,12,overall_power_index,0.13391993
Germany,Europe,Europe,1,24,overall_power_index,0.093837524
Thailand,Other,Other,0,15,overall_power_index,0.124032102
United Kingdom,Europe,Europe,1,22,overall_power_index,0.103051206
France,Europe,Europe,1,13,overall_power_index,0.131761345
Tanzania,Other,Other,0,104,overall_power_index,0.007933469
Italy,Other,Other,1,14,overall_power_index,0.12415322
South Africa,Other,Other,0,50,overall_power_index,0.033290944
Kenya,Other,Other,0,83,overall_power_index,0.013470907
Myanmar,Other,Other,0,31,overall_power_index,0.076320562
South Korea,Other,Other,0,5,overall_power_index,0.255162958
Sudan,Other,Other,0,89,overall_power_index,0.011488339
Colombia,Other,Other,0,26,overall_power_index,0.088414018
Uganda,Other,Other,0,115,overall_power_index,0.004766317
Spain,Other,Other,1,35,overall_power_index,0.069326463
Algeria,Other,Other,0,32,overall_power_index,0.076279454
Argentina,Other,Other,0,52,overall_power_index,0.031349943
Iraq,Other,Other,0,38,overall_power_index,0.059153525
Afghanistan,Other,Other,0,111,overall_power_index,0.005555324
Canada,North America,Americas,1,45,overall_power_index,0.046946939
Poland,Other,Other,1,37,overall_power_index,0.066487042
Morocco,Other,Other,0,41,overall_power_index,0.051806163
Angola,Other,Other,0,69,overall_power_index,0.020045233
Saudi Arabia,Other,Other,0,34,overall_power_index,0.071872553
Uzbekistan,Other,Other,0,101,overall_power_index,0.008971051
Ukraine,Other,Other,0,19,overall_power_index,0.107555867
Ghana,Other,Other,0,98,overall_power_index,0.009310984
Malaysia,Other,Other,0,44,overall_power_index,0.049301891
Mozambique,Other,Other,0,95,overall_power_index,0.010171261
Peru,Other,Other,0,46,overall_power_index,0.046556993
Yemen,Other,Other,0,85,overall_power_index,0.012832285
Venezuela,Other,Other,0,58,overall_power_index,0.027407778
Nepal,Other,Other,0,116,overall_power_index,0.004678789
Cameroon,Other,Other,0,74,overall_power_index,0.016228906
Ivory Coast,Other,Other,0,127,overall_power_index,0.00267057
Madagascar,Other,Other,0,128,overall_power_index,0.002552185
Australia,Oceania,Oceania,0,51,overall_power_index,0.032644598
Niger,Other,Other,0,137,overall_power_index,0.001598936
North Korea,Other,Other,0,11,overall_power_index,0.136713353
Syria,Other,Other,0,65,overall_power_index,0.024196319
Taiwan,Other,Other,0,9,overall_power_index,0.14943444
Burkina Faso,Other,Other,0,139,overall_power_index,0.001190763
Mali,Other,Other,0,132,overall_power_index,0.002223585
Sri Lanka,Other,Other,0,27,overall_power_index,0.087560396
Zambia,Other,Other,0,135,overall_power_index,0.002062656
Kazakhstan,Other,Other,0,64,overall_power_index,0.024700145
Chad,Other,Other,0,121,overall_power_index,0.00345037
Senegal,Other,Other,0,124,overall_power_index,0.003142507
Chile,Other,Other,0,42,overall_power_index,0.050758627
Ecuador,Other,Other,0,72,overall_power_index,0.017211389
Guatemala,Other,Other,0,77,overall_power_index,0.015414292
Romania,Other,Other,1,67,overall_power_index,0.022317487
Netherlands,Other,Other,1,60,overall_power_index,0.027064479
Zimbabwe,Other,Other,0,123,overall_power_index,0.003218894
Cambodia,Other,Other,0,75,overall_power_index,0.016034054
Benin,Other,Other,0,141,overall_power_index,0.000869855
Somalia,Other,Other,0,120,overall_power_index,0.003492664
South Sudan,Other,Other,0,108,overall_power_index,0.006715467
Bolivia,Other,Other,0,68,overall_power_index,0.02174957
Tunisia,Other,Other,0,61,overall_power_index,0.025634429
Belgium,Other,Other,1,97,overall_power_index,0.009697675
Jordan,Other,Other,0,56,overall_power_index,0.027752342
Cuba,Other,Other,0,47,overall_power_index,0.045253044
Czechia,Other,Other,0,81,overall_power_index,0.013996948
Dominican Republic,Other,Other,0,82,overall_power_index,0.013841324
Azerbaijan,Other,Other,0,54,overall_power_index,0.030946071
Portugal,Other,Other,1,36,overall_power_index,0.069136126
Sweden,Other,Other,1,23,overall_power_index,0.093860059
Greece,Other,Other,1,21,overall_power_index,0.105465045
Tajikistan,Other,Other,0,71,overall_power_index,0.019388182
United Arab Emirates,Other,Other,0,30,overall_power_index,0.077419646
Hungary,Other,Other,1,94,overall_power_index,0.010274783
Honduras,Other,Other,0,53,overall_power_index,0.031144467
Belarus,Other,Other,0,78,overall_power_index,0.01483774
Israel,Other,Other,0,33,overall_power_index,0.07540814
Sierra Leone,Other,Other,0,129,overall_power_index,0.002365484
Austria,Other,Other,0,92,overall_power_index,0.011087767
Switzerland,Other,Other,0,39,overall_power_index,0.057966642
Laos,Other,Other,0,70,overall_power_index,0.019796097
Paraguay,Other,Other,0,57,overall_power_index,0.027426105
Libya,Other,Other,0,84,overall_power_index,0.012905184
Bulgaria,Other,Other,1,73,overall_power_index,0.016794925
Nicaragua,Other,Other,0,99,overall_power_index,0.009127025
Serbia,Other,Other,0,55,overall_power_index,0.028719266
El Salvador,Other,Other,0,106,overall_power_index,0.007202608
Eritrea,Other,Other,0,80,overall_power_index,0.014177479
Kyrgyzstan,Other,Other,0,86,overall_power_index,0.012755675
Republic of the Congo,Other,Other,0,136,overall_power_index,0.002016556
Singapore,Other,Other,0,43,overall_power_index,0.050345943
Denmark,Other,Other,1,62,overall_power_index,0.025487432
Turkmenistan,Other,Other,0,91,overall_power_index,0.011135394
Central African Republic,Other,Other,0,142,overall_power_index,0.000516365
Finland,Other,Other,1,20,overall_power_index,0.106929183
Slovakia,Other,Other,1,119,overall_power_index,0.003575064
Norway,Other,Other,1,66,overall_power_index,0.022777426
Liberia,Other,Other,0,138,overall_power_index,0.001464295
Lebanon,Other,Other,0,59,overall_power_index,0.027126822
Ireland,Other,Other,0,118,overall_power_index,0.004344568
New Zealand,Other,Other,0,113,overall_power_index,0.005274941
Georgia,Other,Other,0,79,overall_power_index,0.014284215
Panama,Other,Other,0,90,overall_power_index,0.011445629
Mauritania,Other,Other,0,112,overall_power_index,0.005353643
Croatia,Other,Other,1,87,overall_power_index,0.011843609
Oman,Other,Other,0,76,overall_power_index,0.015486779
Bosnia and Herzegovina,Other,Other,0,134,overall_power_index,0.002163968
Moldova,Other,Other,0,126,overall_power_index,0.002958577
Uruguay,Other,Other,0,105,overall_power_index,0.007653951
Mongolia,Other,Other,0,102,overall_power_index,0.008489571
Kuwait,Other,Other,0,48,overall_power_index,0.043927897
Albania,Other,Other,1,107,overall_power_index,0.00709671
Armenia,Other,Other,0,96,overall_power_index,0.010151742
Namibia,Other,Other,0,109,overall_power_index,0.006185327
Lithuania,Other,Other,1,100,overall_power_index,0.009036384
Qatar,Other,Other,0,49,overall_power_index,0.042394552
Gabon,Other,Other,0,131,overall_power_index,0.002267594
Botswana,Other,Other,0,133,overall_power_index,0.002200101
North Macedonia,Other,Other,1,122,overall_power_index,0.0033398
Slovenia,Other,Other,1,125,overall_power_index,0.003139935
Kosovo,Other,Other,0,140,overall_power_index,0.000895537
Latvia,Other,Other,1,103,overall_power_index,0.008088886
Bahrain,Other,Other,0,63,overall_power_index,0.024814441
Estonia,Other,Other,1,110,overall_power_index,0.006059179
Bhutan,Other,Other,0,144,overall_power_index,0.000353161
Luxembourg,Other,Other,1,145,overall_power_index,0.000329772
Suriname,Other,Other,0,114,overall_power_index,0.0050419
Montenegro,Other,Other,1,117,overall_power_index,0.004512688
Beliz,Other,Other,0,130,overall_power_index,0.002328406
Iceland,Other,Other,1,143,overall_power_index,0.00040455
China,Asia,Asia,0,2,power_index_rank_gap,1
India,Asia,Asia,0,4,power_index_rank_gap,3
United States,North America,Americas,1,1,power_index_rank_gap,0
Indonesia,Other,Other,0,10,power_index_rank_gap,9
Pakistan,Other,Other,0,17,power_index_rank_gap,16
Nigeria,Other,Other,0,40,power_index_rank_gap,39
Brazil,Other,Other,0,29,power_index_rank_gap,28
Bangladesh,Other,Other,0,6,power_index_rank_gap,5
Russia,Europe,Europe,0,3,power_index_rank_gap,2
Mexico,Other,Other,0,25,power_index_rank_gap,24
Japan,Asia,Asia,0,8,power_index_rank_gap,7
Ethiopia,Other,Other,0,93,power_index_rank_gap,92
Philippines,Other,Other,0,28,power_index_rank_gap,27
Democratic Republic of the Congo,Other,Other,0,88,power_index_rank_gap,87
Egypt,Other,Other,0,16,power_index_rank_gap,15
Vietnam,Other,Other,0,7,power_index_rank_gap,6
Iran,Other,Other,0,18,power_index_rank_gap,17
Turkiye,Other,Other,0,12,power_index_rank_gap,11
Germany,Europe,Europe,1,24,power_index_rank_gap,23
Thailand,Other,Other,0,15,power_index_rank_gap,14
United Kingdom,Europe,Europe,1,22,power_index_rank_gap,21
France,Europe,Europe,1,13,power_index_rank_gap,12
Tanzania,Other,Other,0,104,power_index_rank_gap,103
Italy,Other,Other,1,14,power_index_rank_gap,13
South Africa,Other,Other,0,50,power_index_rank_gap,49
Kenya,Other,Other,0,83,power_index_rank_gap,82
Myanmar,Other,Other,0,31,power_index_rank_gap,30
South Korea,Other,Other,0,5,power_index_rank_gap,4
Sudan,Other,Other,0,89,power_index_rank_gap,88
Colombia,Other,Other,0,26,power_index_rank_gap,25
Uganda,Other,Other,0,115,power_index_rank_gap,114
Spain,Other,Other,1,35,power_index_rank_gap,34
Algeria,Other,Other,0,32,power_index_rank_gap,31
Argentina,Other,Other,0,52,power_index_rank_gap,51
Iraq,Other,Other,0,38,power_index_rank_gap,37
Afghanistan,Other,Other,0,111,power_index_rank_gap,110
Canada,North America,Americas,1,45,power_index_rank_gap,44
Poland,Other,Other,1,37,power_index_rank_gap,36
Morocco,Other,Other,0,41,power_index_rank_gap,40
Angola,Other,Other,0,69,power_index_rank_gap,68
Saudi Arabia,Other,Other,0,34,power_index_rank_gap,33
Uzbekistan,Other,Other,0,101,power_index_rank_gap,100
Ukraine,Other,Other,0,19,power_index_rank_gap,18
Ghana,Other,Other,0,98,power_index_rank_gap,97
Malaysia,Other,Other,0,44,power_index_rank_gap,43
Mozambique,Other,Other,0,95,power_index_rank_gap,94
Peru,Other,Other,0,46,power_index_rank_gap,45
Yemen,Other,Other,0,85,power_index_rank_gap,84
Venezuela,Other,Other,0,58,power_index_rank_gap,57
Nepal,Other,Other,0,116,power_index_rank_gap,115
Cameroon,Other,Other,0,74,power_index_rank_gap,73
Ivory Coast,Other,Other,0,127,power_index_rank_gap,126
Madagascar,Other,Other,0,128,power_index_rank_gap,127
Australia,Oceania,Oceania,0,51,power_index_rank_gap,50
Niger,Other,Other,0,137,power_index_rank_gap,136
North Korea,Other,Other,0,11,power_index_rank_gap,10
Syria,Other,Other,0,65,power_index_rank_gap,64
Taiwan,Other,Other,0,9,power_index_rank_gap,8
Burkina Faso,Other,Other,0,139,power_index_rank_gap,138
Mali,Other,Other,0,132,power_index_rank_gap,131
Sri Lanka,Other,Other,0,27,power_index_rank_gap,26
Zambia,Other,Other,0,135,power_index_rank_gap,134
Kazakhstan,Other,Other,0,64,power_index_rank_gap,63
Chad,Other,Other,0,121,power_index_rank_gap,120
Senegal,Other,Other,0,124,power_index_rank_gap,123
Chile,Other,Other,0,42,power_index_rank_gap,41
Ecuador,Other,Other,0,72,power_index_rank_gap,71
Guatemala,Other,Other,0,77,power_index_rank_gap,76
Romania,Other,Other,1,67,power_index_rank_gap,66
Netherlands,Other,Other,1,60,power_index_rank_gap,59
Zimbabwe,Other,Other,0,123,power_index_rank_gap,122
Cambodia,Other,Other,0,75,power_index_rank_gap,74
Benin,Other,Other,0,141,power_index_rank_gap,140
Somalia,Other,Other,0,120,power_index_rank_gap,119
South Sudan,Other,Other,0,108,power_index_rank_gap,107
Bolivia,Other,Other,0,68,power_index_rank_gap,67
Tunisia,Other,Other,0,61,power_index_rank_gap,60
Belgium,Other,Other,1,97,power_index_rank_gap,96
Jordan,Other,Other,0,56,power_index_rank_gap,55
Cuba,Other,Other,0,47,power_index_rank_gap,46
Czechia,Other,Other,0,81,power_index_rank_gap,80
Dominican Republic,Other,Other,0,82,power_index_rank_gap,81
Azerbaijan,Other,Other,0,54,power_index_rank_gap,53
Portugal,Other,Other,1,36,power_index_rank_gap,35
Sweden,Other,Other,1,23,power_index_rank_gap,22
Greece,Other,Other,1,21,power_index_rank_gap,20
Tajikistan,Other,Other,0,71,power_index_rank_gap,70
United Arab Emirates,Other,Other,0,30,power_index_rank_gap,29
Hungary,Other,Other,1,94,power_index_rank_gap,93
Honduras,Other,Other,0,53,power_index_rank_gap,52
Belarus,Other,Other,0,78,power_index_rank_gap,77
Israel,Other,Other,0,33,power_index_rank_gap,32
Sierra Leone,Other,Other,0,129,power_index_rank_gap,128
Austria,Other,Other,0,92,power_index_rank_gap,91
Switzerland,Other,Other,0,39,power_index_rank_gap,38
Laos,Other,Other,0,70,power_index_rank_gap,69
Paraguay,Other,Other,0,57,power_index_rank_gap,56
Libya,Other,Other,0,84,power_index_rank_gap,83
Bulgaria,Other,Other,1,73,power_index_rank_gap,72
Nicaragua,Other,Other,0,99,power_index_rank_gap,98
Serbia,Other,Other,0,55,power_index_rank_gap,54
El Salvador,Other,Other,0,106,power_index_rank_gap,105
Eritrea,Other,Other,0,80,power_index_rank_gap,79
Kyrgyzstan,Other,Other,0,86,power_index_rank_gap,85
Republic of the Congo,Other,Other,0,136,power_index_rank_gap,135
Singapore,Other,Other,0,43,power_index_rank_gap,42
Denmark,Other,Other,1,62,power_index_rank_gap,61
Turkmenistan,Other,Other,0,91,power_index_rank_gap,90
Central African Republic,Other,Other,0,142,power_index_rank_gap,141
Finland,Other,Other,1,20,power_index_rank_gap,19
Slovakia,Other,Other,1,119,power_index_rank_gap,118
Norway,Other,Other,1,66,power_index_rank_gap,65
Liberia,Other,Other,0,138,power_index_rank_gap,137
Lebanon,Other,Other,0,59,power_index_rank_gap,58
Ireland,Other,Other,0,118,power_index_rank_gap,117
New Zealand,Other,Other,0,113,power_index_rank_gap,112
Georgia,Other,Other,0,79,power_index_rank_gap,78
Panama,Other,Other,0,90,power_index_rank_gap,89
Mauritania,Other,Other,0,112,power_index_rank_gap,111
Croatia,Other,Other,1,87,power_index_rank_gap,86
Oman,Other,Other,0,76,power_index_rank_gap,75
Bosnia and Herzegovina,Other,Other,0,134,power_index_rank_gap,133
Moldova,Other,Other,0,126,power_index_rank_gap,125
Uruguay,Other,Other,0,105,power_index_rank_gap,104
Mongolia,Other,Other,0,102,power_index_rank_gap,101
Kuwait,Other,Other,0,48,power_index_rank_gap,47
Albania,Other,Other,1,107,power_index_rank_gap,106
Armenia,Other,Other,0,96,power_index_rank_gap,95
Namibia,Other,Other,0,109,power_index_rank_gap,108
Lithuania,Other,Other,1,100,power_index_rank_gap,99
Qatar,Other,Other,0,49,power_index_rank_gap,48
Gabon,Other,Other,0,131,power_index_rank_gap,130
Botswana,Other,Other,0,133,power_index_rank_gap,132
North Macedonia,Other,Other,1,122,power_index_rank_gap,121
Slovenia,Other,Other,1,125,power_index_rank_gap,124
Kosovo,Other,Other,0,140,power_index_rank_gap,139
Latvia,Other,Other,1,103,power_index_rank_gap,102
Bahrain,Other,Other,0,63,power_index_rank_gap,62
Estonia,Other,Other,1,110,power_index_rank_gap,109
Bhutan,Other,Other,0,144,power_index_rank_gap,143
Luxembourg,Other,Other,1,145,power_index_rank_gap,144
Suriname,Other,Other,0,114,power_index_rank_gap,113
Montenegro,Other,Other,1,117,power_index_rank_gap,116
Beliz,Other,Other,0,130,power_index_rank_gap,129
Iceland,Other,Other,1,143,power_index_rank_gap,142
