country,power_rank,power_index,population,total_military_personnel,active_personnel,reserve_personnel,aircraft,helicopters,tanks,naval_assets,defense_budget,total_assets,assets_per_capita,power_index_rank_gap,budget_per_soldier,budget_per_capita,continent,is_nato
United States,1,0.0741,341963408,150463900,1333030,799500,13032,5913,4666,465,831500000000,24076,7.040519376271978e-05,0,5526.2425073389695,2431.5467109861065,North America,1
Russia,2,0.0791,140820810,69002197,1320000,2000000,4237,1643,5630,747,212638272000,12257,8.703969249999343e-05,1,3081.615966517704,1509.991825781999,Europe,0
China,3,0.0919,1415043270,764123366,2035000,510000,3529,1007,5870,841,303000000000,11247,7.94816684298283e-06,2,396.53282896730576,214.12772769839046,Asia,0
India,4,0.1346,1409128296,662290299,1431000,1000000,2183,594,3913,343,109000000000,7033,4.991028865124712e-06,3,164.5803964886401,77.35278633564533,Asia,0
South Korea,5,0.1642,52081799,26040900,450000,3100000,1540,827,1831,215,44800000000,4413,8.47320961397666e-05,4,1720.3706477118687,860.1853403719791,Other,0
France,6,0.1798,68374591,30084820,264000,43444,974,452,427,166,67232395000,2019,2.9528513011507447e-05,5,2234.761417884501,983.2950225618168,Europe,1
Japan,7,0.1876,123201945,52976836,251500,56000,1429,583,734,158,58000000000,2904,2.357105644720138e-05,6,1094.8181201308437,470.7717885460331,Asia,0
United Kingdom,8,0.1881,68459055,31491165,141330,31940,625,262,288,116,88526529585,1291,1.8857987449578436e-05,7,2811.154480470951,1293.1310486976486,Europe,1
Turkiye,9,0.1975,84119531,42985080,481000,380000,1101,509,2284,192,51400000000,4086,4.857373729294805e-05,8,1195.7637394184214,611.0352659954797,Other,1
Italy,10,0.2211,60964931,27434219,165500,18300,714,352,203,285,37325165000,1554,2.5490064115712686e-05,9,1360.5331720943104,612.2399285582723,Other,1
Brazil,11,0.2374,220051512,112226271,376000,1340000,495,186,294,69,26400000000,1044,4.744343678947318e-06,10,235.2390377472312,119.97190912280576,South America,0
Germany,12,0.2463,84119100,38694786,184324,860000,569,292,296,96,127400090000,1253,1.4895546909084857e-05,11,3292.435575170257,1514.520364578318,Europe,1
Indonesia,13,0.2582,281562465,137965608,404500,401000,460,212,331,338,11155297716,1341,4.762708694143589e-06,12,80.85564132765609,39.619264293626635,Other,0
Pakistan,14,0.2626,252363571,108516336,660000,550000,1397,379,2677,120,9102115350,4573,1.8120681926790456e-05,13,83.87783522289216,36.06746930205707,Other,0
Israel,15,0.2707,9402617,3949099,169500,465000,597,127,1300,82,34600000000,2106,0.0002239801961517735,14,8761.492178342452,3679.82658444984,Other,0
Iran,16,0.3199,88386937,49496685,610000,350000,551,129,2675,109,9230000000,3464,3.919131172064487e-05,15,186.47713478185457,104.42719606857742,Other,0
Australia,17,0.3208,26768598,11242811,58910,33270,348,72,46,45,57350000000,511,1.9089531696803843e-05,16,5101.037454067315,2142.435700218592,Oceania,0
Spain,18,0.3247,47280433,21748999,121802,24033,440,169,298,175,39000676350,1082,2.288473119524942e-05,17,1793.2170740363729,824.8798472298255,Other,1
Egypt,19,0.3651,111247248,45611372,438500,479000,1088,348,3620,149,5193500000,5205,4.67876742443103e-05,18,113.86414773929624,46.68430090063891,Other,0
Ukraine,20,0.3691,35661826,18187531,900000,4000000,347,140,1121,169,45000000000,1777,4.9829192705948374e-05,19,2474.2225868920855,1261.8535012761265,Other,0
Poland,21,0.3891,38746310,18985692,250000,350000,457,224,798,63,55865141600,1542,3.979733812071395e-05,20,2942.4864576966697,1441.8183718656048,Other,1
Taiwan,22,0.3927,23595274,12269542,230000,1657000,720,239,1090,91,31180000000,2140,9.069612838570978e-05,21,2541.2521510582874,1321.4510668534724,Other,0
Vietnam,23,0.4066,105758975,54994667,450000,5000000,265,101,1999,116,10200000000,2481,2.3459001942861115e-05,22,185.47252954545576,96.44571536363699,Other,0
Thailand,24,0.4458,69920998,36358919,360850,200000,496,258,744,304,6006660000,1802,2.577194335813113e-05,23,165.20458157735658,85.9063825147347,Other,0
Saudi Arabia,25,0.4473,36544431,19003104,247000,0,917,264,1085,32,63988055520,2298,6.288235819022603e-05,24,3367.2422947324817,1750.9659822039644,Other,0
Sweden,26,0.4834,10589835,4235934,25600,34000,172,53,110,279,15900000000,614,5.7980129057723754e-05,25,3753.599560333093,1501.4398241332372,Other,1
Algeria,27,0.4849,47022473,22570787,130000,150000,620,300,1485,111,25000000000,2516,5.350633089841957e-05,26,1107.6264199383033,531.6606806281753,Other,0
Canada,28,0.5269,38794813,16681770,63500,23000,354,146,74,67,45824959620,641,1.652282742025332e-05,27,2747.0082383344215,1181.2135715153468,North America,1
Singapore,29,0.5272,6028459,3918498,51000,252500,235,75,170,101,18000000000,581,9.637620493064645e-05,28,4593.596832255625,2985.837674271319,Other,0
Greece,30,0.5484,10461091,4916713,142700,221350,560,285,1344,186,8242150000,2375,0.0002270317694397267,29,1676.3536940228157,787.8862730474287,Other,1
North Korea,31,0.5933,26298666,9467520,1320000,560000,837,205,4895,332,4750000000,6269,0.0002383771100785112,30,501.7153383356993,180.61752637947492,Other,0
Argentina,32,0.5983,46994384,20677529,108000,12370,241,96,362,42,993919790,741,1.5767841536129084e-05,31,48.06762887383691,21.14975674540175,Other,0
Nigeria,33,0.6097,236747130,125475979,230000,0,159,69,330,152,3900000000,710,2.998980388906932e-06,32,31.08164631255836,16.473272558784558,Other,0
Netherlands,34,0.6142,17772378,7997570,44245,8510,130,67,18,140,31791150000,355,1.9974817101009218e-05,33,3975.101186985547,1788.7955117767583,Other,1
Myanmar,35,0.6265,57527139,30489384,228000,19000,331,86,1040,239,2815031361,1696,2.948173730663018e-05,34,92.32824648080788,48.933971164462044,Other,0
Mexico,36,0.6401,130739927,61447766,387000,98653,424,173,0,164,9100000000,761,5.820716115284354e-06,35,148.09326021714116,69.60383265320318,Other,0
Bangladesh,37,0.6517,168697184,82661620,204000,0,212,67,320,121,3340000000,720,4.268002481890866e-06,36,40.405692508808805,19.79878929099374,Other,0
Portugal,38,0.6659,10639726,5319863,25000,23500,128,36,34,128,6760000000,326,3.0639886779039234e-05,37,1270.7094148853082,635.3547074426541,Other,1
Norway,39,0.6679,5509733,2203893,33440,20100,109,34,36,48,11189483200,227,4.119981857560067e-05,38,5077.144489319581,2030.8576114305358,Other,1
South Africa,40,0.6843,60442647,27803618,68731,29350,181,87,248,63,2877000000,579,9.579328979420773e-06,39,103.47574189805083,47.59884192365037,Other,0
Philippines,41,0.6993,118277063,50859137,160000,1500000,204,130,18,127,6571641011,479,4.049813107043417e-06,40,129.21259381573856,55.56141524244646,Other,0
Malaysia,42,0.7379,34564810,16245461,113000,51600,132,45,48,100,5100000000,325,9.402626544164426e-06,41,313.9338428130787,147.5489088468879,Other,0
Colombia,43,0.7551,49588357,24298295,429000,998000,430,255,0,213,15800000000,898,1.810908959939931e-05,42,650.2513859511541,318.6231800339745,Other,0
Iraq,44,0.8115,42083436,17675043,193000,0,360,183,1188,67,8000000000,1798,4.2724648244026464e-05,43,452.61558911058944,190.09854613582408,Other,0
Denmark,45,0.8198,5973136,2628180,21000,12000,122,34,44,50,14250000000,250,4.1854061250237734e-05,44,5422.0030591511995,2385.6814912635505,Other,1
Switzerland,46,0.8396,8860574,3898653,147178,0,141,39,134,0,8372658426,314,3.543788472394678e-05,45,2147.577233983122,944.9340895973556,Other,0
Ethiopia,47,0.8525,118550298,56904143,503000,138000,104,33,338,0,3720968976,475,4.006738135740494e-06,46,65.39012416020394,31.38725957483464,Other,0
Finland,48,0.8673,5626414,2306830,24000,870000,162,27,200,165,8890000000,554,9.846413719289054e-05,47,3853.7733599788453,1580.0472556765285,Other,1
Chile,49,0.8704,18664652,8959033,80000,40000,274,86,386,130,6800000000,876,4.693363690895496e-05,48,759.0104869576884,364.325035366317,Other,0
Peru,50,0.8827,32600249,15648120,120000,386000,252,112,355,78,2552000000,797,2.4447666028563157e-05,49,163.0866838955734,78.28161067113322,Other,0
Venezuela,51,0.9106,31250306,15625153,109000,8000,224,85,282,41,6060000000,632,2.0223801968531123e-05,50,387.836202307907,193.9181011539535,Other,0
Romania,52,0.9558,18148155,9437041,90000,55000,148,66,451,18,10230630000,683,3.763467966853931e-05,51,1084.0929905888934,563.72837900051,Other,1
Uzbekistan,53,0.9908,36520593,18990708,120000,0,159,101,470,0,6210000000,730,1.9988722527041112e-05,52,327.0020264647321,170.04105053825384,Other,0
United Arab Emirates,54,1.0188,10032213,5818684,65000,130000,581,250,354,84,23480000000,1269,0.0001264925296143533,53,4035.2767051793844,2340.460674030745,Other,0
Czechia,55,1.0313,10837890,5093808,30334,4900,103,42,20,0,9174000000,165,1.5224365628364931e-05,54,1801.0101676388274,846.4747289370902,Other,1
Morocco,56,1.0368,37387585,17946041,400000,250000,271,73,1346,100,16100000000,1790,4.787685537859693e-05,55,897.1338023801461,430.62422994157015,Other,0
Hungary,57,1.0429,9855745,4632200,41600,20000,80,50,220,0,5887250000,350,3.5512282430196805e-05,56,1270.9403739044083,597.3419563919318,Other,1
Kazakhstan,58,1.0433,20260006,9117003,110000,135000,168,72,353,26,5836386000,619,3.055280437725438e-05,57,640.1649752665431,288.07424834918606,Other,0
Angola,59,1.1045,37202061,7440412,107000,0,278,115,319,32,31200000000,744,1.9998891996870817e-05,58,4193.316176577318,838.6632127720021,Other,0
Azerbaijan,60,1.1991,10650239,5218617,128000,306000,159,87,1354,32,5100000000,1632,0.00015323599780249064,59,977.2704147478154,478.86249313278324,Other,0
Belgium,61,1.2201,11977634,4910830,26390,6600,104,14,0,9,14900000000,127,1.060309573660374e-05,60,3034.110323509468,1243.9852478377616,Other,1
Bulgaria,62,1.2522,6782659,3187850,36950,3000,71,23,334,45,2485350000,473,6.973666227360096e-05,61,779.6320404034067,366.4270900247233,Other,1
Serbia,63,1.2938,6652212,3259584,22500,2000,115,51,242,30,2770000000,438,6.584276027282354e-05,62,849.8016924859123,416.4028446477653,Other,0
Democratic Republic of the Congo,64,1.3051,115403027,39237029,166580,30800,56,38,212,16,960000000,322,2.79022143847232e-06,63,24.46668426398951,8.318672611594495,Other,0
Cuba,65,1.3345,10966038,5921661,50000,40000,20,13,194,19,3301500000,246,2.243289691317867e-05,64,557.5293823810583,301.0658908896723,Other,0
Sudan,66,1.3563,50467278,26747657,300000,200000,183,64,1055,10,394700000,1312,2.5997043074128152e-05,65,14.756432684926384,7.820909223596327,Other,0
Austria,67,1.3759,8967982,4035592,25000,125600,90,41,56,0,6103900800,187,2.0851959783148537e-05,66,1512.5168252885821,680.6325882456053,Other,0
Sri Lanka,68,1.3822,21982608,10551652,346000,90000,90,49,87,275,1500000000,501,2.2790744392112164e-05,67,142.15783462153604,68.23576165303044,Other,0
Slovakia,69,1.3911,5563649,2837461,20982,0,48,22,45,0,2900000000,115,2.0669887694209323e-05,68,1022.0404791466738,521.2406462018002,Other,1
Belarus,70,1.4072,9501451,5035769,63000,365400,194,70,577,0,1034784000,841,8.851279662443136e-05,69,205.48678861163012,108.9079973153574,Other,0
Qatar,71,1.4096,2552088,638022,26550,4000,263,85,62,125,11950000000,535,0.00020963226973364554,70,18729.761669660293,4682.440417415073,Other,0
Ecuador,72,1.4479,18309984,8422593,41250,118000,99,43,202,30,2963400000,374,2.0426014572159103e-05,71,351.8393919782186,161.8461272276371,Other,0
Croatia,73,1.5432,4150116,2033557,14325,20100,67,37,55,30,2744000000,189,4.5540895724360475e-05,72,1349.3597671469254,661.1863379240484,Other,1
Jordan,74,1.5581,11174024,3463947,114500,100000,279,159,1508,27,2668500000,1973,0.00017657023110027328,73,770.3639807421996,238.8128036954279,Other,0
Bahrain,75,1.6731,1566888,846120,18400,110000,137,66,150,64,997015509,417,0.00026613261445617044,74,1178.3381896184937,636.3029833657542,Other,0
Kuwait,76,1.7161,3138355,1726095,78000,24000,133,68,367,123,7987000000,691,0.00022017904284250825,75,4627.207656589006,2544.9638425225953,Other,0
Albania,77,1.7258,3107100,1522479,7500,0,20,19,0,33,720037190,72,2.317273341701265e-05,76,472.9373541441294,231.7393035306234,Other,1
Turkmenistan,78,1.7459,5744151,2768681,36500,0,91,26,654,16,1463000000,787,0.00013700893308689135,77,528.4104597098762,254.69386163420845,Other,0
Tunisia,79,1.7823,12048847,6024424,89800,0,155,101,145,37,2172751250,438,3.635202604863353e-05,78,360.65709352462574,180.32856172876956,Other,0
Libya,80,1.7872,7361263,3827857,32000,0,83,22,55,5,1474800000,165,2.2414631836955155e-05,79,385.2808503556951,200.34605474631186,Other,0
Paraguay,81,1.7974,7522549,3535598,15650,168500,49,18,10,73,416800000,150,1.9940049576280593e-05,80,117.88670544558516,55.406751089291674,Other,0
Bolivia,82,1.8301,12311974,5417269,40000,40000,67,29,54,67,467670000,217,1.7625118441608146e-05,81,86.32947708522505,37.98497300270452,Other,0
Cambodia,83,1.8434,17063669,8190561,124300,0,24,20,520,20,750000000,584,3.422476139217187e-05,82,91.56881927867944,43.95303260980977,Other,0
Kenya,84,1.8588,58246378,21551160,50000,0,154,84,188,27,1651803025,453,7.777307629325895e-06,83,76.64566663696989,28.358896839903075,Other,0
Chad,85,1.8594,19093595,6873694,37750,0,40,16,90,0,706800000,146,7.64654325180774e-06,84,102.82680608127158,37.0176491121761,Other,0
Oman,86,1.8823,3901992,1482757,100000,0,128,31,264,17,8364000000,440,0.00011276291699214146,85,5640.843374875317,2143.520540277889,Other,0
Syria,87,1.8861,23865423,15273871,100000,0,104,39,168,12,145925000,323,1.353422480716139e-05,86,9.553897633415916,6.1144945974768605,Other,0
Lithuania,88,1.8949,2628186,1708321,23000,104000,9,4,0,13,5651760000,26,9.892754926782199e-06,87,3308.371201899409,2150.4414071150213,Other,1
Tanzania,89,1.9111,67462121,12143182,25000,0,38,15,200,12,1476113361,265,3.928130276247911e-06,88,121.5590247267973,21.880624847238348,Other,0
New Zealand,90,1.9258,5161211,2219321,10050,3300,47,21,0,8,2455949332,76,1.4725226308321826e-05,89,1106.621949686413,475.8474962562081,Other,0
Slovenia,91,1.9404,2097893,1006989,7000,26000,40,16,54,3,1782000000,113,5.386356692166855e-05,90,1769.6320416608323,849.4236836673748,Other,1
Mozambique,92,1.9769,33350954,14674420,11200,0,23,7,60,36,480000000,126,3.778002872121739e-06,91,32.70998104184015,14.3923918937971,Other,0
Mongolia,93,1.9987,3281676,1870555,35000,230000,8,3,420,0,1590000000,431,0.0001313353298741253,92,850.0151024695879,484.5085255217151,Other,0
Ireland,94,2.0661,5233461,2407392,7557,1720,23,8,0,8,1754400500,39,7.452047507376094e-06,93,728.7556409591791,335.227586486266,Other,0
Georgia,95,2.0779,4900961,2744538,37000,205500,61,44,132,19,680000000,256,5.223465357100373e-05,94,247.7648332797724,138.74829854797866,Other,0
Guatemala,96,2.1277,18255216,7484639,106114,90000,35,20,0,25,616000000,80,4.382309143863321e-06,95,82.30189859524287,33.74378040774757,Other,0
Uruguay,97,2.1537,3425330,1575652,24000,0,43,12,62,16,1903440000,133,3.882837566015537e-05,96,1208.0332459197843,555.695363658392,Other,0
Yemen,98,2.1617,32140443,12213368,33350,0,160,59,0,26,405187500,245,7.622794744926198e-06,97,33.175738256638134,12.606780186570546,Other,0
Cameroon,99,2.1689,30966105,10528476,38000,0,35,21,0,19,835694942,75,2.4220030255661794e-06,98,79.37473020786675,26.98740903965804,Other,0
Tajikistan,100,2.1749,10394063,4781269,150000,600000,25,20,38,0,450460000,83,7.98532777798249e-06,99,94.21348181832062,43.33820181771075,Other,0
Armenia,101,2.2016,2976765,1666988,65000,210000,69,36,109,0,1480000000,214,7.189012233078526e-05,100,887.8288266022311,497.184023596085,Other,0
Latvia,102,2.2316,1801246,810561,17870,38000,3,3,0,18,42000000,24,1.332411008823892e-05,101,51.81596449866204,23.317192654418108,Other,1
Honduras,103,2.2575,9529188,4192843,52225,0,45,11,22,98,612300000,176,1.8469569495323213e-05,102,146.03456413703066,64.25521251128637,Other,0
Mali,104,2.2598,21990607,6817088,40000,0,44,10,0,0,1110000000,54,2.455593881514958e-06,103,162.82612165194288,50.47609645336302,Other,0
Zimbabwe,105,2.2801,17150352,6517134,29000,0,80,28,60,0,1976800000,168,9.795717312391023e-06,104,303.32351613454625,115.26294037580104,Other,0
Estonia,106,2.3201,1193791,584958,7700,230000,2,0,0,8,2375000000,10,8.376675649255188e-06,105,4060.1205556638256,1989.4604666981072,Other,1
Uganda,107,2.3252,49283041,16756234,45000,0,51,30,259,0,1510000000,340,6.898924926325062e-06,106,90.11571454540442,30.63934305514954,Other,0
Ivory Coast,108,2.3884,29981758,12292521,22000,0,22,14,0,8,18200000,44,1.4675590404004996e-06,107,1.480575058606774,0.6070357848929339,Other,0
Kyrgyzstan,109,2.3969,6172101,3147772,23000,0,7,7,215,0,654000000,229,3.7102438861580524e-05,108,207.76600084122992,105.96067692346577,Other,0
Luxembourg,110,2.4429,671254,154388,1200,0,1,0,0,0,1530685000,1,1.4897490368772476e-06,109,9914.53351296733,2280.3365045124497,Other,1
Zambia,111,2.4461,20799116,7279691,15150,0,78,33,75,0,385321000,186,8.942687756537346e-06,110,52.9309554485211,18.525835424928637,Other,0
Ghana,112,2.4566,34589092,14873310,15500,0,18,9,0,20,954423756,47,1.3588098814504872e-06,111,64.17023218100073,27.593200654125294,Other,0
South Sudan,113,2.4645,12703714,6351857,185000,0,19,15,122,0,30700000,156,1.2279873429140486e-05,112,4.833232234289909,2.4166161171449545,Other,0
North Macedonia,114,2.4956,2135622,948216,10010,60000,20,10,0,0,421527100,30,1.4047429741780147e-05,113,444.5475503471783,197.37907738354446,Other,1
Dominican Republic,115,2.5853,10815857,4975294,89000,189000,80,49,6,34,903000000,169,1.5625206583260115e-05,114,181.49681204769004,83.48852985020049,Other,0
Nicaragua,116,2.5894,6676948,3271705,45000,0,17,12,186,23,1311600000,238,3.56450282374522e-05,115,400.8918897027697,196.43705477412735,Other,0
Republic of the Congo,117,2.6259,6097665,2256136,10000,0,14,8,61,4,933360000,87,1.4267756592072539e-05,116,413.69846498615334,153.0684286526072,Other,0
Lebanon,118,2.6521,5364482,2092148,80000,15000,80,68,334,48,800000000,530,9.879798273160391e-05,117,382.38212592990556,149.12903053827006,Other,0
Eritrea,119,2.6841,6343956,2220385,350000,680000,20,13,148,23,219000000,204,3.215659125000236e-05,118,98.63154362869503,34.52104648897313,Other,0
Niger,120,2.6867,26342784,7902835,25000,0,26,13,0,0,488400000,39,1.4804813340913397e-06,119,61.80060699736234,18.540181630005392,Other,0
Afghanistan,121,2.7342,40121552,15647405,75000,0,5,3,0,0,145000000,8,1.9939408126584933e-07,120,9.266712275933294,3.6140177229435193,Other,0
Namibia,122,2.7414,2803660,616805,17567,0,36,7,7,15,450498000,65,2.31839809392009e-05,121,730.373456765104,160.68210838689427,Other,0
Mauritania,123,2.7919,4328040,1687936,31540,66000,23,4,51,6,270625000,84,1.9408323398120164e-05,122,160.32894612117994,62.52830380495559,Other,0
Nepal,124,2.8037,31122387,15249970,98500,82000,17,10,0,0,431355326,27,8.675427112965339e-07,123,28.28565079144418,13.859969224082972,Other,0
Laos,125,2.8672,7953556,3499565,100000,30000,29,20,160,51,355600000,260,3.268978052081358e-05,124,101.61262899817548,44.70956135846658,Other,0
Senegal,126,2.8925,18847519,7162057,17000,0,39,19,0,4,777800000,62,3.289557633553785e-06,125,108.60008514313695,41.268031086744095,Other,0
Burkina Faso,127,2.9213,23042199,8525614,7500,0,26,19,0,0,4590000000,45,1.9529386062502106e-06,126,538.3776464662839,199.1997378375215,Other,0
Montenegro,128,2.9782,599849,143964,2350,0,10,10,0,20,204000000,40,6.668344866791476e-05,127,1417.0209218971409,340.0855882063653,Other,1
El Salvador,129,2.9973,6628702,3181777,25000,0,51,28,0,13,1037200000,92,1.3879036951729012e-05,128,325.98136198734227,156.47105572101447,Other,0
Botswana,130,2.9993,2450668,1029281,12000,0,45,16,45,0,581000000,106,4.32535129197427e-05,129,564.4717040341753,237.0782170412312,Other,0
Madagascar,131,3.0381,29452714,11192031,13500,0,6,5,12,7,147630000,30,1.018581852932127e-06,130,13.190635372614675,5.012441298278997,Other,0
Gabon,132,3.0432,2455105,932940,5000,0,25,16,0,5,340950000,46,1.873646951963358e-05,131,365.45758569682937,138.87389745041455,Other,0
Bosnia and Herzegovina,133,3.1291,3798671,2355176,18000,8000,15,15,45,0,289920000,75,1.974374722106758e-05,132,123.09908049334742,76.32142925775884,Other,0
Iceland,134,3.4013,364036,83728,0,0,0,0,0,0,500000000,0,0.0,133,5971.717943818077,1373.4905339032402,Other,1
Panama,135,3.5011,4470241,2011608,16300,0,38,23,0,22,1069750000,83,1.8567231610107822e-05,134,531.7884995486198,239.30477126401016,Other,0
Moldova,136,3.6225,3599528,2159717,6500,2000,3,2,0,0,114114000,5,1.3890710115326232e-06,135,52.837478243677296,31.702489882006752,Other,0
Somalia,137,3.7393,13017273,2993973,30000,0,6,6,0,19,870000000,31,2.3814511687663e-06,136,290.58378281968476,66.83427473634455,Other,0
Benin,138,3.8963,14697052,5584880,4750,0,7,5,0,2,137690000,14,9.525719851845118e-07,137,24.65406597814098,9.368545474289673,Other,0
Kosovo,139,3.8041,1977093,917371,4000,5000,0,0,0,0,1177450000,0,0.0,138,1283.5047107440719,595.5460871086995,Other,0
Sierra Leone,140,3.9201,9121049,2006631,13000,0,1,1,0,10,450000000,12,1.3156381464456556e-06,139,224.25647764835688,49.336430491712086,Other,0
Liberia,141,3.9275,5437249,2392390,2100,0,0,0,0,6,20700000,6,1.1034992144005176e-06,140,8.652435430678109,3.807072289681786,Other,0
Suriname,142,4.0538,646758,142287,2500,0,3,3,0,17,58440000,23,3.556198763679769e-05,141,410.71918024837123,90.3583720649764,Other,0
Central African Republic,143,4.2381,5650957,2203873,30000,0,8,0,0,0,300000000,8,1.4156894133153022e-06,142,136.1239962556826,53.08835299932383,Other,0
Beliz,144,4.3602,415789,158000,2000,850,3,1,0,15,34400000,19,4.5696254590669785e-05,143,217.72151898734177,82.73427146942319,Other,0
Bhutan,145,5.7991,884546,203446,16000,50000,2,2,0,0,26600000,4,4.5220938198804814e-06,144,130.74722530794412,30.0719239022052,Other,0
