country,power_rank,power_index,population,total_military_personnel,active_personnel,reserve_personnel,aircraft,helicopters,tanks,naval_assets,defense_budget
United States,1,0.0741,341963408,150463900,1333030,799500,13032,5913,4666,465,831500000000
Russia,2,0.0791,140820810,69002197,1320000,2000000,4237,1643,5630,747,212638272000
China,3,0.0919,1415043270,764123366,2035000,510000,3529,1007,5870,841,303000000000
India,4,0.1346,1409128296,662290299,1431000,1000000,2183,594,3913,343,109000000000
South Korea,5,0.1642,52081799,26040900,450000,3100000,1540,827,1831,215,44800000000
France,6,0.1798,68374591,30084820,264000,43444,974,452,427,166,67232395000
Japan,7,0.1876,123201945,52976836,251500,56000,1429,583,734,158,58000000000
United Kingdom,8,0.1881,68459055,31491165,141330,31940,625,262,288,116,88526529585
Turkiye,9,0.1975,84119531,42985080,481000,380000,1101,509,2284,192,51400000000
Italy,10,0.2211,60964931,27434219,165500,18300,714,352,203,285,37325165000
Brazil,11,0.2374,220051512,112226271,376000,1340000,495,186,294,69,26400000000
Germany,12,0.2463,84119100,38694786,184324,860000,569,292,296,96,127400090000
Indonesia,13,0.2582,281562465,137965608,404500,401000,460,212,331,338,11155297716
Pakistan,14,0.2626,252363571,108516336,660000,550000,1397,379,2677,120,9102115350
Israel,15,0.2707,9402617,3949099,169500,465000,597,127,1300,82,34600000000
Iran,16,0.3199,88386937,49496685,610000,350000,551,129,2675,109,9230000000
Australia,17,0.3208,26768598,11242811,58910,33270,348,72,46,45,57350000000
Spain,18,0.3247,47280433,21748999,121802,24033,440,169,298,175,39000676350
Egypt,19,0.3651,111247248,45611372,438500,479000,1088,348,3620,149,5193500000
Ukraine,20,0.3691,35661826,18187531,900000,4000000,347,140,1121,169,45000000000
Poland,21,0.3891,38746310,18985692,250000,350000,457,224,798,63,55865141600
Taiwan,22,0.3927,23595274,12269542,230000,1657000,720,239,1090,91,31180000000
Vietnam,23,0.4066,105758975,54994667,450000,5000000,265,101,1999,116,10200000000
Thailand,24,0.4458,69920998,36358919,360850,200000,496,258,744,304,6006660000
Saudi Arabia,25,0.4473,36544431,19003104,247000,0,917,264,1085,32,63988055520
Sweden,26,0.4834,10589835,4235934,25600,34000,172,53,110,279,15900000000
Algeria,27,0.4849,47022473,22570787,130000,150000,620,300,1485,111,25000000000
Canada,28,0.5269,38794813,16681770,63500,23000,354,146,74,67,45824959620
Singapore,29,0.5272,6028459,3918498,51000,252500,235,75,170,101,18000000000
Greece,30,0.5484,10461091,4916713,142700,221350,560,285,1344,186,8242150000
North Korea,31,0.5933,26298666,9467520,1320000,560000,837,205,4895,332,4750000000
Argentina,32,0.5983,46994384,20677529,108000,12370,241,96,362,42,993919790
Nigeria,33,0.6097,236747130,125475979,230000,0,159,69,330,152,3900000000
Netherlands,34,0.6142,17772378,7997570,44245,8510,130,67,18,140,31791150000
Myanmar,35,0.6265,57527139,30489384,228000,19000,331,86,1040,239,2815031361
Mexico,36,0.6401,130739927,61447766,387000,98653,424,173,0,164,9100000000
Bangladesh,37,0.6517,168697184,82661620,204000,0,212,67,320,121,3340000000
Portugal,38,0.6659,10639726,5319863,25000,23500,128,36,34,128,6760000000
Norway,39,0.6679,5509733,2203893,33440,20100,109,34,36,48,11189483200
South Africa,40,0.6843,60442647,27803618,68731,29350,181,87,248,63,2877000000
Philippines,41,0.6993,118277063,50859137,160000,1500000,204,130,18,127,6571641011
Malaysia,42,0.7379,34564810,16245461,113000,51600,132,45,48,100,5100000000
Colombia,43,0.7551,49588357,24298295,429000,998000,430,255,0,213,15800000000
Iraq,44,0.8115,42083436,17675043,193000,0,360,183,1188,67,8000000000
Denmark,45,0.8198,5973136,2628180,21000,12000,122,34,44,50,14250000000
Switzerland,46,0.8396,8860574,3898653,147178,0,141,39,134,0,8372658426
Ethiopia,47,0.8525,118550298,56904143,503000,138000,104,33,338,0,3720968976
Finland,48,0.8673,5626414,2306830,24000,870000,162,27,200,165,8890000000
Chile,49,0.8704,18664652,8959033,80000,40000,274,86,386,130,6800000000
Peru,50,0.8827,32600249,15648120,120000,386000,252,112,355,78,2552000000
Venezuela,51,0.9106,31250306,15625153,109000,8000,224,85,282,41,6060000000
Romania,52,0.9558,18148155,9437041,90000,55000,148,66,451,18,10230630000
Uzbekistan,53,0.9908,36520593,18990708,120000,0,159,101,470,0,6210000000
United Arab Emirates,54,1.0188,10032213,5818684,65000,130000,581,250,354,84,23480000000
Czechia,55,1.0313,10837890,5093808,30334,4900,103,42,20,0,9174000000
Morocco,56,1.0368,37387585,17946041,400000,250000,271,73,1346,100,16100000000
Hungary,57,1.0429,9855745,4632200,41600,20000,80,50,220,0,5887250000
Kazakhstan,58,1.0433,20260006,9117003,110000,135000,168,72,353,26,5836386000
Angola,59,1.1045,37202061,7440412,107000,0,278,115,319,32,31200000000
Azerbaijan,60,1.1991,10650239,5218617,128000,306000,159,87,1354,32,5100000000
Belgium,61,1.2201,11977634,4910830,26390,6600,104,14,0,9,14900000000
Bulgaria,62,1.2522,6782659,3187850,36950,3000,71,23,334,45,2485350000
Serbia,63,1.2938,6652212,3259584,22500,2000,115,51,242,30,2770000000
Democratic Republic of the Congo,64,1.3051,115403027,39237029,166580,30800,56,38,212,16,960000000
Cuba,65,1.3345,10966038,5921661,50000,40000,20,13,194,19,3301500000
Sudan,66,1.3563,50467278,26747657,300000,200000,183,64,1055,10,394700000
Austria,67,1.3759,8967982,4035592,25000,125600,90,41,56,0,6103900800
Sri Lanka,68,1.3822,21982608,10551652,346000,90000,90,49,87,275,1500000000
Slovakia,69,1.3911,5563649,2837461,20982,0,48,22,45,0,2900000000
Belarus,70,1.4072,9501451,5035769,63000,365400,194,70,577,0,1034784000
Qatar,71,1.4096,2552088,638022,26550,4000,263,85,62,125,11950000000
Ecuador,72,1.4479,18309984,8422593,41250,118000,99,43,202,30,2963400000
Croatia,73,1.5432,4150116,2033557,14325,20100,67,37,55,30,2744000000
Jordan,74,1.5581,11174024,3463947,114500,100000,279,159,1508,27,2668500000
Bahrain,75,1.6731,1566888,846120,18400,110000,137,66,150,64,997015509
Kuwait,76,1.7161,3138355,1726095,78000,24000,133,68,367,123,7987000000
Albania,77,1.7258,3107100,1522479,7500,0,20,19,0,33,720037190
Turkmenistan,78,1.7459,5744151,2768681,36500,0,91,26,654,16,1463000000
Tunisia,79,1.7823,12048847,6024424,89800,0,155,101,145,37,2172751250
Libya,80,1.7872,7361263,3827857,32000,0,83,22,55,5,1474800000
Paraguay,81,1.7974,7522549,3535598,15650,168500,49,18,10,73,416800000
Bolivia,82,1.8301,12311974,5417269,40000,40000,67,29,54,67,467670000
Cambodia,83,1.8434,17063669,8190561,124300,0,24,20,520,20,750000000
Kenya,84,1.8588,58246378,21551160,50000,0,154,84,188,27,1651803025
Chad,85,1.8594,19093595,6873694,37750,0,40,16,90,0,706800000
Oman,86,1.8823,3901992,1482757,100000,0,128,31,264,17,8364000000
Syria,87,1.8861,23865423,15273871,100000,0,104,39,168,12,145925000
Lithuania,88,1.8949,2628186,1708321,23000,104000,9,4,0,13,5651760000
Tanzania,89,1.9111,67462121,12143182,25000,0,38,15,200,12,1476113361
New Zealand,90,1.9258,5161211,2219321,10050,3300,47,21,0,8,2455949332
Slovenia,91,1.9404,2097893,1006989,7000,26000,40,16,54,3,1782000000
Mozambique,92,1.9769,33350954,14674420,11200,0,23,7,60,36,480000000
Mongolia,93,1.9987,3281676,1870555,35000,230000,8,3,420,0,1590000000
Ireland,94,2.0661,5233461,2407392,7557,1720,23,8,0,8,1754400500
Georgia,95,2.0779,4900961,2744538,37000,205500,61,44,132,19,680000000
Guatemala,96,2.1277,18255216,7484639,106114,90000,35,20,0,25,616000000
Uruguay,97,2.1537,3425330,1575652,24000,0,43,12,62,16,1903440000
Yemen,98,2.1617,32140443,12213368,33350,0,160,59,0,26,405187500
Cameroon,99,2.1689,30966105,10528476,38000,0,35,21,0,19,835694942
Tajikistan,100,2.1749,10394063,4781269,150000,600000,25,20,38,0,450460000
Armenia,101,2.2016,2976765,1666988,65000,210000,69,36,109,0,1480000000
Latvia,102,2.2316,1801246,810561,17870,38000,3,3,0,18,42000000
Honduras,103,2.2575,9529188,4192843,52225,0,45,11,22,98,612300000
Mali,104,2.2598,21990607,6817088,40000,0,44,10,0,0,1110000000
Zimbabwe,105,2.2801,17150352,6517134,29000,0,80,28,60,0,1976800000
Estonia,106,2.3201,1193791,584958,7700,230000,2,0,0,8,2375000000
Uganda,107,2.3252,49283041,16756234,45000,0,51,30,259,0,1510000000
Ivory Coast,108,2.3884,29981758,12292521,22000,0,22,14,0,8,18200000
Kyrgyzstan,109,2.3969,6172101,3147772,23000,0,7,7,215,0,654000000
Luxembourg,110,2.4429,671254,154388,1200,0,1,0,0,0,1530685000
Zambia,111,2.4461,20799116,7279691,15150,0,78,33,75,0,385321000
Ghana,112,2.4566,34589092,14873310,15500,0,18,9,0,20,954423756
South Sudan,113,2.4645,12703714,6351857,185000,0,19,15,122,0,30700000
North Macedonia,114,2.4956,2135622,948216,10010,60000,20,10,0,0,421527100
Dominican Republic,115,2.5853,10815857,4975294,89000,189000,80,49,6,34,903000000
Nicaragua,116,2.5894,6676948,3271705,45000,0,17,12,186,23,1311600000
Republic of the Congo,117,2.6259,6097665,2256136,10000,0,14,8,61,4,933360000
Lebanon,118,2.6521,5364482,2092148,80000,15000,80,68,334,48,800000000
Eritrea,119,2.6841,6343956,2220385,350000,680000,20,13,148,23,219000000
Niger,120,2.6867,26342784,7902835,25000,0,26,13,0,0,488400000
Afghanistan,121,2.7342,40121552,15647405,75000,0,5,3,0,0,145000000
Namibia,122,2.7414,2803660,616805,17567,0,36,7,7,15,450498000
Mauritania,123,2.7919,4328040,1687936,31540,66000,23,4,51,6,270625000
Nepal,124,2.8037,31122387,15249970,98500,82000,17,10,0,0,431355326
Laos,125,2.8672,7953556,3499565,100000,30000,29,20,160,51,355600000
Senegal,126,2.8925,18847519,7162057,17000,0,39,19,0,4,777800000
Burkina Faso,127,2.9213,23042199,8525614,7500,0,26,19,0,0,4590000000
Montenegro,128,2.9782,599849,143964,2350,0,10,10,0,20,204000000
El Salvador,129,2.9973,6628702,3181777,25000,0,51,28,0,13,1037200000
Botswana,130,2.9993,2450668,1029281,12000,0,45,16,45,0,581000000
Madagascar,131,3.0381,29452714,11192031,13500,0,6,5,12,7,147630000
Gabon,132,3.0432,2455105,932940,5000,0,25,16,0,5,340950000
Bosnia and Herzegovina,133,3.1291,3798671,2355176,18000,8000,15,15,45,0,289920000
Iceland,134,3.4013,364036,83728,0,0,0,0,0,0,500000000
Panama,135,3.5011,4470241,2011608,16300,0,38,23,0,22,1069750000
Moldova,136,3.6225,3599528,2159717,6500,2000,3,2,0,0,114114000
Somalia,137,3.7393,13017273,2993973,30000,0,6,6,0,19,870000000
Benin,138,3.8963,14697052,5584880,4750,0,7,5,0,2,137690000
Kosovo,139,3.8041,1977093,917371,4000,5000,0,0,0,0,1177450000
Sierra Leone,140,3.9201,9121049,2006631,13000,0,1,1,0,10,450000000
Liberia,141,3.9275,5437249,2392390,2100,0,0,0,0,6,20700000
Suriname,142,4.0538,646758,142287,2500,0,3,3,0,17,58440000
Central African Republic,143,4.2381,5650957,2203873,30000,0,8,0,0,0,300000000
Beliz,144,4.3602,415789,158000,2000,850,3,1,0,15,34400000
Bhutan,145,5.7991,884546,203446,16000,50000,2,2,0,0,26600000
