overall_rank,country,manpower_norm,air_power_norm,land_power_norm,naval_power_norm,logistics_power_norm,energy_power_norm,geographical_power_norm,economic_power_norm,debt_norm,budget_to_gdp_norm,assets_per_capita_norm,is_nato,is_eu,is_brics,overall_power_index,power_rank_gap
1,United States,0.19933516168240173,1.0,1.0,1.0,1.0,0.31815495552554857,0.5739443029444097,0.7534948035545113,0.983072623074356,0.22280128156777385,0.07358994700713392,1,0,0,0.6370898271801624,0
2,China,1.0,0.2519354367513877,0.3960067848078431,0.6856651574766317,0.7766260797078829,0.15110242119274503,0.5597594410572886,1.0,0.9992696609558386,0.052463817256969164,0.014377467667632222,0,0,1,0.48872062668742194,1
3,Russia,0.08488791686290194,0.33775197195442597,0.38572935431579425,0.30254286606654096,0.1989439217094579,1.0,1.0,0.18713288848953896,0.9989777215977612,0.1330053437558266,0.08465568536814455,0,0,1,0.4526494781630853,2
4,India,0.8586965949185413,0.16622845457201285,0.3936942376737229,0.1425141087758673,0.9332460031135121,0.03237582513219514,0.19250248344438006,0.3951218549723342,0.9994700461372203,0.03513826563698687,0.009899602547471145,0,0,1,0.376376562195191,3
5,Qatar,0.0008683597348463879,0.01920829681565878,0.013020918153870823,5.3734009934075085e-05,0.001039962923061004,0.4898877400339133,0.0007089099599763666,0.010472168195685999,0.9885231090605886,0.1898739314837506,1.0,0,0,0,0.27031849621756,4
6,Iran,0.06621983429823261,0.040425065731814196,0.17918356813746,0.05362822110201738,0.033785027374386364,0.7062749200516455,0.09602259566489625,0.04510218574376229,0.999946253611176,0.06587019276309558,0.060746829614997395,0,0,1,0.23021025083497215,5
7,Brazil,0.14521391822505003,0.03841659363131756,0.058420001653609,0.03258583888144982,0.2950187573022759,0.008907059065101095,0.4976393808173229,0.12583584630543315,0.9979855373752348,0.039987306536853444,0.015282701109007216,0,0,1,0.21294570945972216,6
8,Canada,0.021718741115539744,0.026438796377446686,0.05456408611795243,0.028726105757167372,0.15212022875706172,0.05214039507726513,0.5907358399638662,0.06858201565478987,0.9804515430335432,0.11247259546732269,0.04975378048774486,1,0,0,0.206912211215491,7
9,Paraguay,0.004870474659442839,0.0028483786152497807,0.0028386954528257925,3.238433634419704e-05,0.011453649623506177,1.2210492141741e-09,0.024015049099372653,0.003877748081001918,0.9975100616494104,1.0,0.016451240148033494,0,0,0,0.20600199348052342,8
10,Australia,0.014735172169625284,0.024685947998831434,0.03947365124383968,0.044551971102617084,0.1322397781180555,0.07296214733583258,0.450106840540797,0.04868895557662143,0.9594988951096723,0.21588524488993371,0.06729934497589196,0,0,0,0.20214389934850968,9
11,Saudi Arabia,0.02652082173045227,0.0682150160677768,0.052614831870557495,0.011943103359766947,0.03294331825271157,0.20198911387985555,0.12494578600073163,0.06764203784679067,0.9976937093340784,0.2506708831467904,0.060339714494299194,0,0,0,0.18278762981370203,10
12,Ukraine,0.023700026915952983,0.02574496056091148,0.054083036226564477,0.00677984072663734,0.027826689077461875,0.024021425477534507,0.0355489144975563,0.01872136938110126,0.9955879067823854,0.5887405329135567,0.024215138591964516,0,0,0,0.18062484717705254,11
13,France,0.03890278529267089,0.07442302074203914,0.27873834644110773,0.10290206832759131,0.1568615089954764,0.0009167411402406318,0.0383091211266176,0.11617876373562369,0.9652301865502434,0.08970900038926381,0.05369014733461469,1,1,0,0.17996829263398656,12
14,Japan,0.06880500216305793,0.1102833771545428,0.08310136873726909,0.1847454423244565,0.18140715562894424,0.0023729847024816187,0.02372125354469464,0.20355257739110827,0.9847957850323547,0.0607435155371251,0.032329153010911445,0,0,0,0.17323050378358382,13
15,Algeria,0.03049454563347195,0.04710780017528484,0.07130061358915833,0.01993171942594806,0.015686542189945113,0.09493910067707674,0.1384374386960321,0.023070138169867135,0.999910801824016,0.21927938015643847,0.03071637738753435,0,0,0,0.16678043197549058,14
16,Israel,0.005680643549945444,0.04707128250073035,0.09518524179020713,0.009201469433264518,0.0031840893788424355,0.004282493332991567,0.0013486438418053171,0.02020898688117677,0.9940990501271583,0.3975339406171104,0.0938410718528525,0,0,0,0.1651427926424908,15
17,North Korea,0.012150648590886461,0.06361378907391177,0.06547289459244801,0.03446796853297997,0.0048325813311583385,0.00021660417904338983,0.007351551554544063,0.0023537762103861813,0.9985702034883721,0.4038333112310947,0.03324149712479177,0,0,0,0.16237510496992308,16
18,Turkmenistan,0.0036519797372153097,0.007011393514460999,0.015927261247673047,7.676287133439298e-06,0.009246192092281927,0.23314781716021823,0.028697412131027604,0.003413559839489619,0.9995785193162051,0.06982118857973568,0.22641071835242849,0,0,0,0.159350015841838,17
19,Indonesia,0.18274675751693617,0.03516652059596845,0.053574426185149085,0.07310655981914667,0.07489935866054631,0.031333837046348366,0.11493553241420688,0.11627251508084294,0.9978915443146501,0.016660827543317987,0.009615928432567,0,0,0,0.1589931292528837,18
20,South Korea,0.03651503205969334,0.12131171486999708,0.17340846397262025,0.08278899661811576,0.01545741992386938,0.0013654306521925987,0.006023648948900199,0.08820410110239806,0.9963959679767886,0.10870067489406049,0.04758066868034144,0,0,0,0.1589548018596579,19
21,Germany,0.05000636432302756,0.04575664621676891,0.20976531279517546,0.05484875075623422,0.12620521065480853,0.0028913038946456163,0.02145993737537153,0.1603320711906345,0.9776730119712304,0.058693668949276724,0.03688036624979576,1,1,0,0.15841805731863348,20
22,Turkiye,0.05755878696279621,0.08431931054630441,0.1664933717839184,0.07820289482383161,0.011618281435183616,0.0003900353343556415,0.046046587133875175,0.08939551337084459,0.9981229049134892,0.09827990983938496,0.027695545651615243,0,0,0,0.15687276284247545,21
23,Italy,0.03568902052086618,0.056127665790242476,0.18508645117969968,0.08627786912026392,0.07365099737023868,0.002416172297400046,0.018144294346645846,0.09659028416752657,0.983379827439908,0.06123498920891001,0.04196238352559967,1,1,0,0.15439696707997747,22
24,Greece,0.006666380752633945,0.04243353783231084,0.16203113294765825,0.05196102749022353,0.017491840145988997,0.00018481338942119815,0.008502110797366118,0.011329141374287626,0.9726048888080235,0.10619464984462518,0.13330847765337664,1,1,0,0.15013788596616282,23
25,Pakistan,0.142025023179076,0.10615687992988607,0.060216422341760896,0.026851172624824823,0.040032630720701845,0.013823402769370538,0.046603935435196905,0.03916055255205325,0.9987156878164773,0.034821598647959015,0.008102021127033787,0,0,0,0.14773487745922873,24
26,United Kingdom,0.04140546402876838,0.049189307624890447,0.09684386172822185,0.09456466096478455,0.05984047525262143,0.00592409546277706,0.015045043823682807,0.11302025233110982,0.9514677229748586,0.1186398367453899,0.032134883091454534,1,0,0,0.14650553516974493,25
27,Egypt,0.06136569239716696,0.08347940403155127,0.11820297799948387,0.05667210883439898,0.010243113071620924,0.03891876392544393,0.05851647323436172,0.05583069481909936,0.9989843495681,0.018878846245307897,0.018226881945378668,0,0,1,0.14634886112528142,26
28,Poland,0.025197714125865866,0.036225533158048495,0.06169715403868944,2.3028861400317894e-05,0.06375294446024098,0.00297089841503878,0.01853774053316101,0.0531841781441346,0.9955181825048929,0.18501653681992242,0.029948441209311432,1,1,0,0.14188881741265716,27
29,Nigeria,0.15591216280452247,0.012562080046742623,0.024323085133303435,5.877157336539463e-05,0.02895563433535558,0.1192702992785126,0.05432685940257592,0.037762161152448015,0.9995235447031464,0.01521597690966128,0.007639804869759889,0,0,0,0.14177882190569457,28
30,Mexico,0.08070401920038735,0.03246421267893661,0.04947798570379854,7.580333544271307e-05,0.10586100843361236,0.006295255859081639,0.11477168823581418,0.08856803202037898,0.9975806295732154,0.01624055658472573,0.013272061559887777,0,0,0,0.14167432211649023,29
31,Oman,0.002105876302060189,0.009348524685947998,0.011019049074605327,9.355474943879145e-06,0.008743166547975247,0.01474989390618307,0.018142961809127094,0.006055789417889536,0.9948770904595637,0.270718077711194,0.06366307646769352,0,0,0,0.1393377072439294,30
32,Iraq,0.02333279516232042,0.03140520011685656,0.1000408391314043,2.3028861400317894e-05,0.008991853333924616,0.07943296245584938,0.02592440155450351,0.0198344302674019,0.998528833889341,0.08489932022135603,0.029843641107465936,0,0,0,0.1382422875834422,31
33,Kuwait,0.0023460040603559824,0.00993280747881975,0.015293377797042044,5.493342979867498e-05,0.0008604041073318256,0.039294817310159554,0.0010887410892347076,0.007973513212531624,0.9953005866503603,0.19478013565258695,0.1152445782541988,0,0,0,0.13741963858298883,32
34,Argentina,0.02764301674601875,0.018441425650014606,0.055919544405665364,0.029312861954929638,0.04349844918572468,0.009956867157131845,0.1627061334152786,0.03602933641495473,0.9972880322825277,0.004617676936376616,0.022431711674657687,0,0,0,0.13718157194083255,33
35,Morocco,0.024209573050062095,0.019463920537540168,0.023696718087225368,5.349412596115511e-05,0.00862606927347228,3.823385981775418e-05,0.04169961800204886,0.011080967014246513,0.9974684342519021,0.24376968752537698,0.01113117174381257,0,0,0,0.13701569204572192,34
36,Spain,0.028248490784064984,0.0357508033888402,0.045912704477522194,0.05170459152317207,0.101385081053632,0.0007483174263524272,0.02973800806034564,0.06777894512276492,0.9785214952752941,0.06406893567961258,0.03347698553847741,1,1,0,0.13695554132073137,35
37,Venezuela,0.02079239492567888,0.01771107215892492,0.022945077631931692,1.4632922348118661e-05,0.01412138060005397,0.12238841660573377,0.053719627848921765,0.00887618425757099,0.9930227718789761,0.08490293120939622,0.03160136473469792,0,0,0,0.13612196705166635,36
38,Libya,0.005216159251497591,0.007960853052877593,0.004828037191169728,1.9190717833598245e-06,0.005677478744960687,0.032040503853129884,0.10229537119338931,0.006222426813267441,0.9994901313585155,0.15404904250566784,0.040176948431635676,0,0,0,0.1351736444654627,37
39,Taiwan,0.011469896336228696,0.05996202161846333,0.057352672207091976,0.060114683729773584,0.006571504842001285,0.0005602094996254816,0.00217528059474278,0.05064258903827318,0.9968886317857202,0.09638982138005439,0.04991188363081586,0,0,0,0.13413966056245177,38
40,Finland,0.0036944785731208352,0.012160385626643296,0.03195474122271858,0.004731471481873647,0.06671283893356846,2.3650339422776254e-05,0.020275311521200497,0.009868112738368013,0.9615308574812842,0.12961505593603423,0.10958586692529418,1,1,0,0.1340284658041161,39
41,Kazakhstan,0.011760919159210391,0.014899211218229623,0.021780034926226488,1.2234082618918881e-05,0.016384488321141016,0.051130302099345076,0.16119491999618546,0.02127775578231699,0.9975772547717642,0.017827563028248224,0.03234172222327709,0,0,0,0.13249086498262466,40
42,South Africa,0.031097945367356054,0.013657610283377154,0.04817514224795617,0.009661806777297957,0.11183354912274142,0.00030274773584431557,0.07109562741138596,0.026549572223783097,0.998725262783683,0.016126306602096064,0.019058173425199724,0,0,1,0.1319734171756938,41
43,Sweden,0.0056453301658937445,0.012342973999415717,0.017365399985468283,0.007719226364591974,0.08473610940827327,1.831022314032748e-05,0.026521899790629386,0.021468873506101813,0.9722583188168666,0.1180029526552355,0.06730789092258706,1,1,0,0.1311918412332102,42
44,Norway,0.002932146686889178,0.0070844288635699675,0.016631297807464793,0.015778128434838636,0.01460179825472889,0.034206834258896375,0.02045694217864786,0.016875268724377755,0.9731660527910441,0.11933898393490674,0.09367879100941263,1,0,0,0.1297875404220399,43
45,Moldova,0.002900894921931625,0.00021910604732690623,0.0014707098241912974,0.0,0.0015374814173291793,4.7705415958410746e-05,0.0021027442045915535,0.0013201875365520081,0.9978071287894748,0.2694013649383184,0.009942493339895634,0,0,0,0.1285429628899018,44
46,Bangladesh,0.11242061075547247,0.01562956470931931,0.03160898661328349,0.018106202392027024,0.053931700406043497,0.0037566279345790515,0.00937544429987378,0.04118827256307929,0.9993116444634464,0.01900463616075065,0.007829185465934009,0,0,0,0.12709746032007296,45
47,Vietnam,0.07616571397700254,0.01796669588080631,0.03591588642211627,0.025907469075357632,0.02899882120144702,0.014706833870205884,0.022386630315043156,0.041797714856774186,0.99847938923431,0.038967238325981396,0.010900157191326976,0,0,0,0.12703948354935973,46
48,Liberia,0.0030966390776692894,0.0,0.0007516404552936784,1.9190717833598245e-06,0.0023119465595864263,8.140328094494e-11,0.006582445660568395,0.0002819019463807191,0.9982493623246723,0.2520978968099974,0.0056582983505553425,0,0,0,0.12687501483915295,47
49,Azerbaijan,0.0068802179610070865,0.011831726555652936,0.02318810804580998,1.5112690293958618e-05,0.004096810461540067,0.03565330983444037,0.005201589172657581,0.006714922380435892,0.9985990347502881,0.14218322183121376,0.03961886394606522,0,0,0,0.1267267995248969,48
50,Thailand,0.046699711319733335,0.038891323400525854,0.04568721234093409,0.0315085199590662,0.026838608362658375,0.00446303777155345,0.030475248926698964,0.04997616901887447,0.9987320856736042,0.023844210637804127,0.016664930053900684,0,0,0,0.1263804888446479,49
51,Colombia,0.03169108956606965,0.033413672217353196,0.008959554227100647,0.007569058997544068,0.03019443074928053,0.0023847243173447338,0.06798925070951829,0.029979785895708686,0.9977650843361838,0.06617224112550667,0.013882534174243118,0,0,0,0.12600216404201445,50
52,Cuba,0.008509418742271365,0.0024101665205959683,0.017994272499730662,7.43640316051932e-06,0.009940080397133667,0.0014700429039710315,0.006654808241478046,0.00447439576191519,0.9956230025657051,0.19576406006431846,0.01950702186317107,0,0,0,0.1257880310201536,51
53,Jordan,0.004804332433682465,0.022458369851007888,0.04654157699178457,1.2953734537678816e-05,0.0011251772762884105,0.0002157560997187016,0.005278702539503654,0.0035777933747662004,0.995505550609255,0.14370348510604145,0.033641076061401584,0,0,0,0.12532869807032215,52
54,Democratic Republic of the Congo,0.051891621085683286,0.003651767455448437,0.0027910915573238593,7.676287133439298e-06,0.02270629192060689,4.395608259218799e-05,0.1373310849369843,0.004542691435713852,0.999393070820818,0.03175315447458297,0.0035427535394648643,0,0,0,0.12531124681606381,53
55,Myanmar,0.03799607533024325,0.023626935436751387,0.017312785153597725,0.021501280260763474,0.02350814739068723,0.013392689116582418,0.040429767683091526,0.00864419770699318,0.9995326641834912,0.06230082824900649,0.012115273284632385,0,0,0,0.1251716446088847,54
56,Switzerland,0.0051738386374293845,0.010663160969909435,0.018375103663746124,0.0,0.011149167725324576,6.386808419691513e-05,0.0025688426540856585,0.04643674939506611,0.9438820959241355,0.2094954737808936,0.04949711261012984,0,0,0,0.1250868664049851,55
57,Peru,0.02087318741080461,0.01979257960853053,0.017916602986016984,0.0408875035322915,0.0030217763250759465,0.006553800188815435,0.07552011546495536,0.01695472356650683,0.9978521729848276,0.04056186023707927,0.018452558010792666,0,0,0,0.12414321567491897,56
58,Chile,0.011987202192556331,0.020413380075956764,0.023859573519205667,0.042278830575227376,0.012426368567149635,0.0021863405532719688,0.045342659705490666,0.018046273822526965,0.9930682636862658,0.05334299835128875,0.03355935220513108,0,0,0,0.12384649694315442,57
59,Estonia,0.00081375100798682,0.0004747297692082968,0.004311910745201402,3.838143566719649e-06,0.00869113941734831,7.2238696067956295e-06,0.00289763180273439,0.001758041602545609,0.991387878864029,0.15657999876905349,0.06423041866536017,1,1,0,0.12293985210540954,58
60,Singapore,0.004900194565274863,0.01763803680981595,0.023373512691449088,0.019532312611036294,0.0009732986331211959,0.0002793405276709016,5.283800943923229e-05,0.03232532848032152,0.9575089205189256,0.12201310430815597,0.07842090354682768,0,0,0,0.12246924622217167,59
61,Armenia,0.002369554095915093,0.005915863277826468,0.004529886477236569,0.0,0.0012169131361403638,6.467566091215278e-05,0.0018141629271608342,0.0018038925397159727,0.9970773616256217,0.18079455745150338,0.02550236003952071,0,0,0,0.12192853346918373,60
62,Ethiopia,0.06727222929699658,0.007668711656441718,0.019988625174443223,0.0,0.017520969542245305,0.0005071466325559449,0.06432245507639438,0.01029899400180919,0.9986402372883065,0.03631589993006508,0.004963798637703107,0,0,1,0.12172000732351518,61
63,Philippines,0.06798238532589398,0.014899211218229623,0.030551679039503718,0.01834800543673036,0.031735535225845574,0.002108275295265457,0.01966987599637596,0.035661316313511764,0.9985164290677239,0.02362951409646154,0.008124942024327312,0,0,0,0.12155658527263573,62
64,Denmark,0.003476221887519883,0.008545135845749343,0.009838973559794252,0.02908689125243902,0.011321770267320903,0.0006932304015795697,0.002951744413278516,0.015595662567013288,0.9757286547555163,0.1035510635968647,0.06279047040841139,1,1,0,0.12079841563884738,63
65,Bahrain,0.001212208359084945,0.011430032135553608,0.007503877212015223,2.8306308804557412e-05,0.0006250501793704167,0.0023911758122711034,5.335943716396156e-05,0.0026386617053765033,0.9891625067020519,0.11469958514450748,0.07870117781682874,0,0,0,0.12058072791076517,64
66,Uzbekistan,0.02528247841193757,0.015264387963774467,0.009523284568570906,0.0,0.013218659160847308,0.03935256235556346,0.02640817061022455,0.010203278091462742,0.9988475175022667,0.05392572551043161,0.014751952599513339,0,0,0,0.11965747386831298,65
67,Malaysia,0.021601175524647128,0.010042360502483201,0.034540384388928834,0.01629291944072491,0.02146894473037628,0.026676284160947417,0.01995700886346021,0.03635051609956348,0.9959786973110465,0.02558065738372644,0.023063082335827767,0,0,0,0.11952015146421688,66
68,Mozambique,0.016261333146967982,0.001679813029506281,0.002405249456939771,1.583234221271855e-05,0.005218509600962052,0.05780723885370816,0.04676007407054639,0.001561716125697538,0.9955268557318271,0.050006342857374105,0.012160737195141822,0,0,0,0.11878419862851863,67
69,Sudan,0.03208184943114641,0.013000292141396436,0.009277748686508304,2.8786076750397367e-06,0.005551975973030527,0.0017542650235936393,0.10852788091425052,0.003909080068881725,0.9947928439343356,0.015434253104302928,0.006203763520433079,0,0,0,0.11866277513366726,68
70,Romania,0.012390013955767056,0.01044405492258253,0.030228473643727435,9.115590970959167e-06,0.013772407534456018,0.0025634880591359466,0.014089614422737215,0.02446199317160728,0.9968000699746369,0.07712890880320364,0.024694406599361483,1,1,0,0.11821205535065793,69
71,Mali,0.008134487380928902,0.003432661408121531,0.0015283355924304795,0.0,0.020250002681063833,9.3613773086681e-10,0.07241472368212329,0.0016752635315683325,0.9986730917893312,0.06976417129311353,0.0076031681857375594,0,0,0,0.11818006429489883,70
72,Chad,0.007886119691575145,0.0030309669880222026,0.008633843363140053,0.0,0.005802981516890847,3.052905911836534e-05,0.07547990759373735,0.0009456316381946598,0.9988243256155389,0.07215817316119641,0.006583710072494423,0,0,0,0.11784305570617137,71
73,Netherlands,0.010419703650168735,0.009202453987730062,0.00706792574794489,0.029995811625832817,0.020786070525601552,0.003806073976543088,0.0028553382206174607,0.03825595028034312,0.9278483778827832,0.13367956439237688,0.03211088142989302,1,1,0,0.11777722014394916,72
74,Mongolia,0.0026203843584337166,0.0005112474437627812,0.009044740145367264,0.0,0.01671940391690383,5.199064747391428e-05,0.09112111711602729,0.0017517001702631256,0.9934987995564702,0.018016304595309566,0.044662340985333775,0,0,0,0.11762463287650823,73
75,Hungary,0.006097401171926405,0.005404615834063687,0.02085802263439958,0.0,0.030636299053685912,0.00035978095025800464,0.00618343757832279,0.012568626867039218,0.9933823758930687,0.07223776739135863,0.03677902781238583,1,1,0,0.11719387283194696,74
76,Lithuania,0.0022763992388991176,0.0006573181419807187,0.0033523164306098058,5.997099322999452e-06,0.012492743012350574,3.2832690565826195e-05,0.003903523820151003,0.004042693056077302,0.9937943607910538,0.11051232580140591,0.041527154592130695,1,1,0,0.11685549716184707,75
77,Namibia,0.0007543083674047222,0.00259275489336839,0.005381745659902738,6.956635214679364e-06,0.007503355677464253,0.0012749189953361675,0.04809209016157423,0.0009521202461694019,0.9944993134471168,0.07596286583492369,0.031445435424786734,0,0,0,0.11675137450970925,76
78,Angola,0.008238968518598327,0.02231229915278995,0.01634066349808457,1.4393038375198684e-05,0.004195792439863739,0.007279433491988262,0.07270840336397358,0.008039191974891443,0.9967774357812907,0.025432331366970932,0.00852399283724447,0,0,0,0.11618237134891798,77
79,United Arab Emirates,0.007816175399951957,0.0422874671340929,0.02348625875974314,0.010654686541213746,0.0006951926061766493,0.004612988761001741,0.00498160460923569,0.026082492447285874,0.9931344307622604,0.01887154251077179,0.05503004856165666,0,0,1,0.11615703956461046,78
80,Portugal,0.0069338443460728585,0.008508618171194858,0.02756265549561919,0.009326688867128747,0.020493037494605265,0.0015581126034710003,0.005554421933057718,0.01683357796584247,0.9858924393943098,0.05360776524573559,0.04093072899460766,1,1,0,0.11603683125458028,79
81,Latvia,0.0010898201701420088,0.0005112474437627812,0.004747862209271736,8.395939052199232e-06,0.010521943710412643,1.68559942278866e-05,0.0038676611799724012,0.002210639507896412,0.9883781741273923,0.09818968919025445,0.050643123671550654,1,1,0,0.1157974773636039,80
82,Yemen,0.015518171423920365,0.006463628396143733,0.0014406442059795503,1.127454672723897e-05,0.010343979040747242,0.009807754316214983,0.030791755555609628,0.0019672241838956956,0.9982279466551408,0.07425279134850007,0.0067665670621854575,0,0,0,0.1153624512551169,81
83,Eritrea,0.002931599998475496,0.001679813029506281,0.0026182142526063133,9.8352428897191e-06,0.0023661475257548787,8.140328094494e-11,0.007049355219856524,0.0002897960343121736,0.9987739691452537,0.12529301575702745,0.0074469736250977496,0,0,0,0.11481689238778717,82
84,Serbia,0.004625858822656458,0.0081799591002045,0.010730920233409416,7.676287133439298e-06,0.0069017829219422035,0.0012026601519561774,0.00465710275521251,0.005496489679368568,0.9959383635555835,0.08657469788927338,0.026659051504519127,0,0,0,0.11454780732218908,83
85,Czechia,0.006614565582351406,0.007376570260005843,0.016157764320629774,0.0,0.009497487480881117,0.0003150022468102275,0.004726278833359926,0.019291705665389677,0.9923833370352445,0.07984606173257168,0.026101932263184188,0,0,0,0.11430189997550386,84
86,Syria,0.020833151855293462,0.01570260005842828,0.03118806795831903,1.127454672723897e-05,0.010433106297949378,0.005074726526961293,0.01105965585074931,0.0016190192519062447,0.9985579500795019,0.03203258668915195,0.016976580051334712,0,0,0,0.11418696999144165,85
87,Bolivia,0.006961540161038183,0.0047838153666374525,0.0026307415935278747,2.8066424831637434e-05,0.013696323290502976,0.006513220063090595,0.06464736248531457,0.0034952814391064437,0.998213817510072,0.028199479452404797,0.01477767405305375,0,0,0,0.1140452040400474,86
88,Niger,0.009671761055612073,0.0018624014022787028,0.0011424934920463913,0.0,0.0027499019600170775,6.111351316941371e-06,0.07376081832171882,0.0013263957867089284,0.9983853719582341,0.04634725330518925,0.003037347407639987,0,0,0,0.11369634602540532,87
89,Kenya,0.025881402797462323,0.011466549810108093,0.01099148892457789,7.196519187599342e-06,0.0240094338665607,2.6191505644034446e-08,0.033855722802532656,0.009235693518967376,0.9981814153401805,0.025556965324180586,0.00668780956886405,0,0,0,0.11366380111451599,88
90,Tanzania,0.013821097119047466,0.0028483786152497807,0.0028412009210101044,5.277447404239517e-06,0.021723138566364156,0.00023489671732093202,0.05520673971984963,0.006901804927909121,0.99848186049628,0.03690029010745719,0.003423532624513014,0,0,0,0.11354864123344965,89
91,Botswana,0.0011968841099935363,0.003286590709903593,0.003349810962425494,0.0,0.004747222055561497,3.388301674903852e-05,0.033955199625128225,0.001487060275677363,0.999257785662613,0.061154528661313746,0.02747170914114332,0,0,0,0.11344536139448316,90
92,New Zealand,0.00287766950471906,0.0035056967572304996,0.005374229255349801,3.358375620879693e-06,0.014270360795832496,0.0009434566184532887,0.016452319316313236,0.007820660109916108,0.9845950894212838,0.07301587333456006,0.032186737960203736,0,0,0,0.11332247913395668,91
93,Austria,0.005592681172015176,0.006208004674262343,0.018560508309385233,0.0,0.020756361439867504,0.0002815733179131201,0.0050261577114931125,0.017944004229828135,0.9800256764993571,0.056944796377335655,0.03691603811133767,0,1,0,0.11303117976129669,92
94,Mauritania,0.002160065641818446,0.0017528483786152498,0.0018239808381793263,2.8786076750397367e-06,0.0018867443276659992,0.0005766817832079781,0.060111462707894685,0.0009525560928310672,0.9977455447391586,0.05276878493040459,0.010099718789243954,0,0,0,0.11289287107438639,93
95,South Sudan,0.007731674910488665,0.001679813029506281,0.005058540264126456,0.0,0.013119822104893071,7.631883201711904e-05,0.037678772943833774,0.0005830190916199827,0.997684887207559,0.053784578583115375,0.010616506196979642,0,0,0,0.11274309140725194,94
96,Tunisia,0.008141667174946625,0.011247443762781187,0.02026422667471757,2.614735304827761e-05,0.0032281457791504824,0.0014658725324849413,0.009632102613268296,0.004701192959968369,0.9967003411221593,0.05594421188211227,0.019445471741654438,0,0,0,0.11260956306363232,95
97,Belgium,0.0063245830939835865,0.007887817703768623,0.011540186456942277,0.002448735595567136,0.01771965811073982,0.00039617289752904715,0.001966072204298627,0.02296806259839979,0.9639081215918854,0.08331840849205728,0.0276169613959153,1,1,0,0.11231267175426873,96
98,Belarus,0.0064554877407241385,0.014570552147239263,0.020547344579544855,0.0,0.013358654169720905,0.000402699344526347,0.01238095370521327,0.0075435871459467365,0.9967628139528485,0.02601191689906526,0.03159492909147791,0,0,0,0.11220853516303606,97
99,Ecuador,0.011068846988964796,0.007668711656441718,0.013511989917996027,1.0794778781399012e-05,0.00657730173677866,0.0004033386451932481,0.016774561650195925,0.007641800721939759,0.9967704497524629,0.056058360137641726,0.012224519156624147,0,0,0,0.11210688744210803,98
100,Slovakia,0.003728220493194266,0.0029944493134677185,0.00798743257158749,0.0,0.008792005386474627,0.00029116362159862564,0.00294282220554426,0.0064959860183946274,0.9887899626242144,0.07653557679395541,0.025991734107949388,1,1,0,0.11180533671179863,99
101,Zimbabwe,0.007531794169328459,0.007157464212678937,0.0021121096793752367,0.0,0.014613681889022507,1.0386769666926989e-05,0.022826135950576067,0.0016951357698774424,0.9964854872970927,0.05562656581990814,0.00922000485799551,0,0,0,0.11155836306456446,100
102,Afghanistan,0.017961295069943164,0.000693835816535203,0.013033445494792384,0.0,0.005067935259119747,0.0010132028824092064,0.03820425621753316,0.0018292857694953838,0.9996095763664397,0.032505495509758696,0.004712082121975062,0,0,0,0.11128011247385064,101
103,Cambodia,0.010228023942443269,0.0018258837277242185,0.013013401749317886,9.595358916799122e-06,0.006972939805334476,4.886231938720024e-08,0.010875128372609007,0.002992453411477239,0.9971237620813818,0.061465048707813004,0.009804537658502489,0,0,0,0.11113183702663623,102
104,Lebanon,0.002897894147107237,0.006061933976044405,0.012602504967090675,2.998549661499726e-05,0.003212928930359874,7.753662510005535e-09,0.0006436156215574907,0.002663817540306434,0.989498407891015,0.07166069469906039,0.024446830485395737,0,0,0,0.11110548039679083,103
105,Uruguay,0.0021094067917899434,0.003140520011685656,0.00789974118513656,4.317911512559605e-06,0.011526400652962229,1.7523562184095817e-06,0.010432378297900002,0.003494876827573711,0.9911841731413671,0.04512103165834735,0.03927343873980715,0,0,0,0.11106931607467267,104
106,Iceland,9.603115944604582e-05,0.0,0.0003758202276468392,0.0,0.0018931209119211112,4.19226896866441e-09,0.006096069466223708,0.0009236509213699729,0.9842561118199642,0.07332958776533258,0.04312972527818006,1,0,0,0.11091764708209835,105
107,Suriname,0.00016393580115324537,0.00021910604732690623,0.00162855431980297,8.156055079279255e-06,0.0006341802886447816,2.0982713204570095e-06,0.009693515211958633,0.0003810099087408129,0.9965174103911634,0.07476890385500556,0.02241894412155814,0,0,0,0.11060548043630132,106
108,Zambia,0.008351990867098327,0.0056967572304995615,0.0013178762649482495,0.0,0.010277604595546304,1.9265856956980603e-05,0.04395409767453663,0.002282333300449291,0.9967700464459585,0.03164185491575013,0.006414731153817152,0,0,0,0.11044442250051119,107
109,Sierra Leone,0.002312084625674745,7.303534910896874e-05,0.0003758202276468392,3.358375620879693e-06,0.001781965454564953,1.83157382126115e-10,0.004289322400036801,0.00043955859116056396,0.9965630094826068,0.0959104207408438,0.0026097469820830213,0,0,0,0.11039187638213441,108
110,Uganda,0.0195922278562852,0.003834355828220859,0.01043527498766057,0.0,0.003163220557643887,0.0003552854947694608,0.014122985797119889,0.004011454235590318,0.9983695382946094,0.04459211566929392,0.004009806050449254,0,0,0,0.10984748105360523,109
111,Slovenia,0.0013400061465741327,0.0029944493134677185,0.0037582022764683924,9.595358916799122e-07,0.005832255835516589,1.9225847244396165e-05,0.001288563780633734,0.0030131644625204504,0.9899108796074709,0.053361076813669604,0.03859263181129758,1,1,0,0.1097098250968235,110
112,Central African Republic,0.002525588728947182,0.00043821209465381246,0.0005712467460231957,0.0,0.00348436852831044,6.109316234917747e-08,0.03659866438026403,0.00017946989667139992,0.9978678013238381,0.04827304905772251,0.006082096855851164,0,0,0,0.10958410888087729,111
113,Albania,0.0020412588631302125,0.001387671633070406,0.005078584009600954,9.115590970959167e-06,0.0006437451650274498,0.00013158876996225975,0.0017289384623745286,0.0016199127488662553,0.9972402572603438,0.06918568200029147,0.01676681510559956,1,0,0,0.10942136568603715,112
114,Republic of the Congo,0.002642686133902079,0.000985977212971078,0.0018640683291283227,9.595358916799122e-07,0.003464514163697932,0.0058553640270686165,0.02017907913778102,0.001121409865994948,0.9971842825026886,0.04929117787830378,0.012476543779214212,0,0,0,0.10939446527006476,113
115,Sri Lanka,0.01403613237421592,0.006536663745252702,0.008413362162920573,0.006589612736111797,0.01677838732126362,4.487355862089817e-08,0.0038881127340645604,0.008351978924870348,0.9969746938266845,0.027056348037864764,0.0131843905135874,0,0,0,0.10934577483255244,114
116,Bulgaria,0.0041728083037480546,0.005039439088518843,0.012777887739992534,1.2713850564758837e-05,0.0034392976714163522,0.0002225856310747633,0.006576362337113221,0.007491031973961038,0.9976270295515436,0.03938486016644163,0.02333809550558634,1,1,0,0.1092591079846,115
117,Croatia,0.002608635861760905,0.00518550978673678,0.007521415489305409,9.8352428897191e-06,0.004349844918572468,0.0005745899223958955,0.004019628393524053,0.004683373311758158,0.9935378457149989,0.045321143341282136,0.028682976481463236,1,1,0,0.10918114251529296,116
118,Tajikistan,0.006620031052029199,0.002044989775051125,0.0032921851941863116,0.0,0.004448971819265574,0.00020062838424678668,0.008599501909062774,0.0014212363407943424,0.9971199140575382,0.05892684198149393,0.008280748278440535,0,0,0,0.10895338124513146,117
119,Cameroon,0.01223550976740147,0.002556237218813906,0.001302843455842376,2.4468165237837763e-05,0.011422491314077788,0.0028235369453606285,0.027859188095318378,0.004156461619910471,0.9987192586110275,0.02452438806390175,0.005322430988070325,0,0,0,0.10867903526250519,118
120,Montenegro,0.00017015376303305266,0.0008033888401986561,0.0012402067512345696,3.838143566719649e-06,0.0011650309278828609,6.924549742761085e-06,0.0008566478153163253,0.0005390638391779834,0.9967645200697434,0.053125263572724075,0.03126820707907842,1,0,0,0.10854041815125208,119
121,Somalia,0.003491966938171629,0.0,0.0017087293017009624,4.797679458399561e-06,0.002180791815248326,0.00011524681710272022,0.03725699585094166,0.0007595452412200992,0.9958589021377768,0.03984078807327606,0.003029863419826541,0,0,0,0.10834880820335031,120
122,North Macedonia,0.0012958226899682317,0.0016067776803973123,0.0032445812986843787,0.0,0.0021584737703554337,1.257275709276622e-05,0.0015382697243651936,0.0013692582732288405,0.9951491212497781,0.05618367219736826,0.02165673966257136,1,0,0,0.1082846031030581,121
123,Georgia,0.003727235322482418,0.0048568507157464216,0.00938297835024942,1.2953734537678816e-05,0.0031456849509423285,0.0002490241000276105,0.004161224988994979,0.0025513357554138405,0.9969821718702646,0.036373291705197784,0.023307535109158648,0,0,0,0.1082198950847602,122
124,Kosovo,0.0011980835712478758,0.0,0.0018465300518381367,0.0,0.00035549457222249756,3.219532322684755e-05,0.0006721203371760239,0.0007240086959255988,0.9978367372270907,0.06727005053606973,0.010036618533743222,0,0,0,0.1079247830152615,123
125,Ivory Coast,0.014671401991652087,0.0014972246567338593,0.0016686418107519662,1.4393038375198684e-06,0.011987253787763509,0.0006855598925210494,0.01896930887999526,0.006038754552222214,0.9982172844617544,0.020275006187148673,0.00582022694664295,0,0,0,0.10737933479188014,124
126,Kyrgyzstan,0.004335599100319475,0.0005842827928717499,0.007819566203238568,0.0,0.004992865471752746,0.0007057268023948096,0.011882758482441386,0.0014000111048710023,0.9972297222608343,0.029953356808044826,0.015345192525757952,0,0,0,0.10728490704476557,125
127,Gabon,0.001074737793544105,0.0017528483786152498,0.0010973950647287704,2.1589557562798025e-06,0.0021861539429173975,0.0005885705492326044,0.01584056872237809,0.0014321164676751711,0.997561360323729,0.03500380288639173,0.015817558304695247,0,0,0,0.10709251549219885,126
128,Senegal,0.00824966748667359,0.003432661408121531,0.004424656813495454,1.9190717833598245e-06,0.0025552712178667255,2.232688488117342e-06,0.01164156919154717,0.00225332772729341,0.9972604410682065,0.036904218909949146,0.005299176335860558,0,0,0,0.10697718141919921,127
129,Madagascar,0.013950431716268776,0.00036517674554484373,0.00043344599588602124,2.3988397291997806e-06,0.0047257735448852116,3.0634089701604546e-06,0.034325471246099866,0.0015457322388441974,0.9988940502870549,0.013440587954476764,0.003408302690626771,0,0,0,0.10695487024295428,128
130,Laos,0.004547424240727641,0.0024101665205959683,0.011853369979981309,1.727164605023842e-05,0.0057981990786995135,1.8429702805934416e-06,0.014291406952207441,0.0018910251854385922,0.9951874457090735,0.012915296140631366,0.015918680267867844,0,0,0,0.10629411035061154,129
131,Honduras,0.005352307297848799,0.00292141396435875,0.0016460925970931558,4.581783882771581e-05,0.0023284677097019438,5.23056781711712e-09,0.006660486010036209,0.002198200772406043,0.9976063045939471,0.036881709879749106,0.0072608578701578875,0,0,0,0.10607034629922885,130
132,Ghana,0.01801530830955264,0.001387671633070406,0.004600039586397312,1.3193618510598794e-05,0.009671974013680092,0.0006190184085782272,0.01406609223871054,0.006684471749739279,0.9981620024027602,0.008247692563942125,0.005657999189354652,0,0,0,0.10604409919645567,131
133,Nepal,0.019711313990631137,0.0010955302366345311,0.0028111353027983573,0.0,0.004072318581105659,1.8665772320674743e-07,0.008710160459533095,0.004498088558715853,0.9992427332331457,0.01740427735128402,0.004937819181396293,0,0,0,0.10579854749942519,132
134,El Salvador,0.004165501208417963,0.004053461875547765,0.004810498913879542,5.757215350079473e-06,0.0013129966670753477,5.799474996821069e-09,0.001295458213882932,0.0021775570564598343,0.9962912325575225,0.028549715770504743,0.01190254388425369,0,0,0,0.10523871721059097,133
135,Bosnia and Herzegovina,0.003097414201215726,0.0016067776803973123,0.003259614107790252,0.0,0.0034643692413284977,5.125842496181454e-05,0.0031140822449108943,0.0020945069551246715,0.9977221551661575,0.02083390082769396,0.017060062443651578,0,0,0,0.10502096343381076,134
136,Beliz,0.00018349635502855365,0.00021910604732690623,0.000325710863960594,3.838143566719649e-06,0.0005918629567699471,1.3646853034014465e-07,0.0014321302141758585,0.00016484527448976672,0.9955565464108863,0.0344957865459621,0.01709727591971824,0,0,0,0.10499058899259257,135
137,Dominican Republic,0.006497283590493571,0.006061933976044405,0.0013930403104776175,1.1514430700158947e-05,0.002940474875823268,4.970325598100194e-05,0.002895893710318626,0.00795484479297543,0.9980325104573649,0.019027090398194665,0.0109950735477936,0,0,0,0.10479045185531917,136
138,Burkina Faso,0.010587853124761458,0.0020084721004966404,0.0012727778376306288,0.0,0.0023151348517139823,7.3262952850446e-10,0.016095373070529124,0.0016394220295399954,0.9989700094100166,0.008731225498947165,0.003693000237215041,0,0,0,0.10436738468639402,137
139,Nicaragua,0.004417856257766984,0.0012416009348524687,0.004905706704883408,1.1034662754318992e-05,0.0034703110584753064,7.36699692551707e-10,0.007807105576715865,0.00162057132159965,0.9966832124141473,0.011055843153630594,0.011202539052833325,0,0,0,0.10407952105527592,138
140,Guatemala,0.010027170053472938,0.00259275489336839,0.0018615628609440103,1.0794778781399012e-05,0.002653528584343225,1.9086830791362446e-06,0.006485749785838046,0.007008513133045589,0.9976937009351696,0.011240804466288978,0.006317548529723855,0,0,0,0.10388855235710096,139
141,Benin,0.006426968003375969,0.00036517674554484373,0.0002705905639057242,9.595358916799122e-07,0.0023846975890424774,2.6928653054631348e-05,0.006663614576384585,0.001525619677481697,0.9985504847179013,0.011498873298142807,0.0035736000749643517,0,0,0,0.10297618937582083,140
142,Bhutan,0.0002386446980066717,0.00014607069821793748,0.00021045932748222997,0.0,0.0017693572084241634,1.0277164219298676e-08,0.002290226439838654,0.0003425902709032279,0.9953006378497705,0.00782724786534203,0.014611521439530721,0,0,0,0.10223941758037772,141
143,Ireland,0.0031638669007323836,0.0016067776803973123,0.004289361531542591,3.838143566719649e-06,0.014743387409666265,0.00033944107062272864,0.004236310581355992,0.017824506353041305,0.8984864990930828,0.015134916433935209,0.038288515707462834,0,1,0,0.09802929145523648,142
144,Panama,0.0023707860897270385,0.002775343266140812,0.0006564326642898125,1.3673386456438749e-05,0.0029443877797979954,7.948908279351974e-06,0.004599977451147726,0.004794536431350982,0.8693927261551228,0.03522322447584853,0.014485538752765656,0,0,0,0.09324700389295762,143
145,Luxembourg,0.00017778123333261157,7.303534910896874e-05,0.0004559952095448316,0.0,0.0004776641296556674,1.2095571059866981e-05,0.00017091242088348164,0.0026395027480670156,0.0,0.0503512164092651,0.02728390130949317,1,1,0,0.00790026016323437,144
