country,active_personnel,aircraft_carriers,armored_fighting_vehicles,attack_aircraft,attack_helicopters,border_coverage_km,coal_consumption_mt,coal_production_cum,coastal_patrol_craft,coastline_coverage_km,corvettes,defense_budget_usd,destroyers,external_debt_usd,fighter_aircraft,fit_for_service,foreign_exchange_and_gold_reserves_usd,frigates,helicopter_carriers,labour_force,major_ports_and_terminals,mine_warfare_craft,natural_gas_consumption_cum,natural_gas_production_cum,oil_consumption_bbl,oil_production_bbl,paramilitary,population_reaching_military_age_annually,proven_coal_reserves_cum,proven_natural_gas_reserves_cum,proven_oil_reserves_bbl,purchasing_power_parity_usd,railway_coverage_km,reserve_personnel,roadway_coverage_km,rocket_projectors,self_propelled_artillery,special_mission_aircraft,submarines,tanker_aircraft,tanks,total_land_area_sq_km,total_merchant_marine_fleet,total_military_aircraft,total_military_helicopters,total_military_manpower,total_naval_fleet,total_population,total_serviceable_airports,towed_artillery,trainer_aircraft,transport_aircraft,waterway_coverage_km
Afghanistan,0,0,5202,0,1,5987,1545000,4885000,0,0,0,290000000,0,1142500000,0,8826741,8852092000,0,0,8921000,0,0,80200000,80200000,2700,0,80000,842553,66000000,49554000000,0,54772700000,0,0,34903,0,0,0,0,0,0,652230,0,9,6,15647405,0,40121552,67,0,0,3,1200
Albania,6600,0,1796,0,0,691,389000,379000,19,362,0,558862420,0,7312000000,0,1292554,6455000000,0,0,1388000,3,0,50623000,50623000,2600,1400,500,62142,522000000,5692000000,150000000,49592000000,424,2000,3945,135,0,0,0,0,46,28748,67,19,19,1522479,19,3107100,3,50,0,0,41
Algeria,325000,0,26000,42,74,6734,167000,0,75,998,8,25000000000,0,3335624000,102,19185169,81217000000,8,0,13425000,17,2,47963000000,1.00726E+11,428000,1443000,150000,752360,233000000,4.504E+12,12200000000,6.99947E+11,4020,135000,104000,266,224,10,6,5,1485,2381740,119,608,299,22570787,110,47022473,85,483,87,63,0
Angola,107000,0,5500,12,15,5369,0,0,29,1600,0,1101360000,0,45774500000,71,3720206,13942000000,0,0,15223000,21,0,1397000000,5514000000,127000,1175000,10000,372021,0,3.43002E+11,7783000000,2.65868E+11,2761,0,26000,113,25,2,0,0,309,1246700,64,298,116,7440412,31,37202061,106,575,66,31,1300
Argentina,108000,0,21724,11,0,11968,3391000,1318000,13,4989,6,928897000,3,1.7894E+11,23,17575900,23081000000,0,0,21906000,37,0,46228000000,43280000000,706000,807000,20000,704916,799999000,3.96464E+11,2483000000,1.235E+12,17866,0,281290,26,55,13,2,2,342,2780400,201,239,94,20677529,44,46994384,756,172,71,52,11000
Armenia,57500,0,1306,15,20,1570,23000,60,0,0,0,1700000000,0,9014000000,4,1366335,3607000000,0,0,1356000,0,0,2861000000,0,14000,0,5000,44651,317000000,0,0,57728000000,686,210000,7700,100,145,0,0,0,109,29743,0,71,36,1666988,0,2976765,11,148,13,3,0
Australia,57350,0,15648,62,22,0,107624000,465865000,10,25760,0,55700000000,3,3.4275E+12,24,9208398,61703000000,7,2,14501000,66,3,50188000000,1.53783E+11,1123000,386000,0,294455,1.50227E+11,3.228E+12,2446000000,1.584E+12,36064,32050,873573,0,0,30,6,6,59,7741220,604,327,69,11242811,44,26768598,2180,48,98,38,2000
Austria,16000,0,7322,0,0,2524,5026000,1271000,0,0,0,5475750000,0,6.3E+11,15,3632033,31212000000,0,0,4825000,0,0,8136000000,618209000,245000,18000,0,98648,0,5040000000,35200000,5.90354E+11,6123,125600,137039,0,30,0,0,0,56,83871,1,85,41,4035592,0,8967982,61,0,18,11,358
Azerbaijan,126400,0,7642,18,16,2468,60000,0,17,713,0,5000000000,0,16159500000,12,3908638,13749000000,0,0,5473000,0,4,11759000000,34175000000,105000,618000,15000,159754,0,1.699E+12,7000000000,2.15896E+11,2944,300000,24981,268,198,0,4,0,497,86600,312,154,86,5218617,38,10650239,32,650,35,3,0
Bahrain,18400,0,2764,0,34,0,0,0,50,161,2,1597200000,0,49500000000,24,720768,5118000000,2,0,855000,4,0,17924000000,18005000000,72000,189000,1500,17236,0,81382000000,186500000,85491000000,0,110000,4122,17,38,0,0,0,150,760,184,132,80,846120,64,1566888,3,26,40,3,0
Bangladesh,163000,0,11584,0,0,4413,7514000,754000,61,580,6,4374000000,0,51965000000,42,66129296,21860000000,7,0,74914000,2,5,30384000000,24620000000,160000,13000,6800000,3205246,3260000000,1.26293E+11,28000000,1.413E+12,2460,0,369105,110,56,4,2,0,320,148460,558,214,65,82661620,118,168697184,17,546,86,17,8370
Belarus,63000,0,6916,50,29,3599,778000,0,0,0,0,1077900000,0,44000000000,36,3724569,8118000000,0,0,4956000,0,0,16683000000,73929000,131000,30000,55000,104516,0,2832000000,198000000,2.54407E+11,5528,145000,86600,206,357,0,0,0,507,207600,4,185,68,5035769,0,9501451,46,215,27,4,2500
Belgium,25000,0,4606,0,0,1297,4869000,1270000,2,67,0,10200000000,0,1.44926E+12,43,3880753,40813000000,2,0,5432000,7,5,15347000000,13436000,585000,11000,0,119776,4100000000,0,0,7.51592E+11,3602,6400,118414,0,0,0,0,0,0,30528,198,108,20,4910830,9,11977634,49,0,38,7,2043
Beliz,1650,0,130,0,0,542,0,0,8,386,0,29538000,0,1248000000,0,90226,473729000,0,0,190000,2,0,0,0,5000,800,0,8732,0,0,6700000,5257000000,0,850,3281,0,0,1,0,0,0,22966,774,3,1,158000,8,415789,27,0,0,1,825
Benin,4750,0,92,0,0,2123,45000,0,2,121,0,98350000,0,4066500000,0,3189260,698900000,0,0,4964000,1,0,182131000,0,46000,0,0,308638,0,1133000000,8000000,52510000000,438,0,16000,0,0,0,0,0,0,112622,6,5,5,5584880,2,14697052,10,16,0,0,150
Bhutan,7500,0,84,0,0,1136,325000,177000,0,0,0,14000000,0,2757000000,0,122067,976260000,0,0,430000,0,0,0,0,3000,0,0,4423,0,0,0,10981000000,0,0,12205,0,0,0,0,0,0,38394,0,2,2,203446,0,884546,4,0,0,0,0
Bolivia,40000,0,890,0,0,7252,9000,0,50,0,0,550200000,0,11431000000,0,4112199,1800000000,0,0,6114000,0,0,3055000000,13760000000,87000,58000,0,233928,1000000,3.0299E+11,240900000,1.19785E+11,3690,40000,90568,0,0,0,0,0,54,1098581,50,64,33,5417269,67,12311974,200,106,19,15,10000
Bosnia and Herzegovina,12770,0,720,0,0,1543,14766000,14114000,0,20,0,216400000,0,7760500000,0,1956316,9205000000,0,0,1369000,1,0,225824000,0,36000,0,0,49383,2264000000,0,0,63769000000,965,6000,22926,79,0,0,0,0,45,51197,0,22,22,2355176,0,3798671,13,457,0,0,990
Botswana,21000,0,1224,0,0,4347,2291000,2634000,0,0,0,465600000,0,1853500000,11,617568,4756000000,0,0,1170000,0,0,0,0,21000,0,0,24507,1660000000,0,0,46742000000,888,0,31747,20,12,0,0,0,45,581730,0,45,16,1029281,0,2450668,122,36,9,9,0
Brazil,360000,0,22464,38,0,16145,32787000,15644000,23,7491,2,26157300000,0,4.32224E+11,43,88680759,3.55021E+11,6,1,108695000,45,3,31654000000,22670000000,3027000,4221000,200000,3520824,6596000000,3.63985E+11,12715000000,4.016E+12,29850,340000,2000000,38,109,25,4,0,294,8515770,888,513,191,112226271,64,220051512,4919,412,133,109,50000
Bulgaria,37000,0,4914,5,4,1806,35970000,35516000,0,354,3,1373232000,0,27138500000,10,2611324,46334000000,4,0,3103000,2,10,2801000000,20837000,101000,4000,0,61044,2366000000,5663000000,15000000,2.14061E+11,4029,3000,19512,24,48,0,0,0,90,110880,78,65,27,3187850,36,6782659,111,24,21,6,470
Burkina Faso,12000,0,491,3,5,3611,0,0,0,0,0,81280000,0,3145000000,0,6060098,47138000,0,0,8577000,0,0,0,0,36000,0,4500,368675,0,0,0,57152000000,622,0,15304,9,0,2,0,0,0,274200,0,25,18,8525614,0,23042199,49,8,0,2,0
Cambodia,221000,0,3627,0,0,2530,2215000,113000,20,443,0,860000000,0,13200000000,0,5733393,17801000000,0,0,9175000,2,0,0,0,73000,0,10000,307146,0,0,0,85900000000,642,0,47263,463,30,0,0,0,644,181035,195,25,21,8190561,20,17063669,13,430,0,4,3700
Cameroon,40000,0,430,0,0,5018,0,0,51,400,0,554952283,0,9506000000,0,6224187,5754093000,0,0,11965000,7,0,877058000,2595000000,40000,54000,12500,495458,0,1.35071E+11,200000000,1.38925E+11,987,0,77589,20,18,2,0,0,0,475440,198,35,21,10528476,51,30966105,37,52,6,6,0
Canada,68000,0,21704,0,0,8893,17138000,43024000,24,202080,0,41000000000,0,2.33738E+12,66,13500595,1.17551E+11,12,0,22110000,284,0,1.30316E+11,1.87686E+11,2454000,5692000,5500,426743,6582000000,2.06713E+12,1.703E+11,2.238E+12,4942,27000,1042300,0,0,33,4,6,74,9984670,716,351,145,16681770,73,38794813,1425,0,95,28,636
Central African Republic,10000,0,228,6,0,5920,0,0,0,0,0,45990000,0,666293000,0,1254512,374405000,0,0,2114000,0,0,0,0,2000,0,1000,101717,3000000,0,0,5849000000,0,0,24000,0,0,0,0,0,0,622984,0,6,0,2203873,0,5650957,43,0,0,0,2800
Chad,33250,0,3316,7,3,6406,0,0,0,0,0,381350000,0,2038000000,0,3856906,211591000,0,0,5806000,0,0,0,0,15000,124000,5000,381872,0,0,1500000000,32446000000,0,0,40000,20,10,2,0,0,90,1284000,0,40,16,6873694,0,19093595,42,10,8,7,12400
Chile,80000,0,8832,0,0,7801,8637000,499000,40,6435,0,5032500000,0,2.145E+11,45,7521855,46377000000,8,0,9848000,39,0,6916000000,1200000000,405000,11000,50000,298634,1181000000,97976000000,150000000,5.79201E+11,7282,40000,77801,8,48,21,4,5,386,756102,249,277,87,8959033,130,18664652,374,249,92,32,12290
China,2035000,3,144017,371,281,22457,5313000000,4827000000,150,14500,72,2.6685E+11,50,1.21846E+12,1212,626864169,3.45E+12,47,4,779246000,66,36,3.6616E+11,2.25341E+11,15148000,4984000,625000,19810606,1.43197E+11,6.654E+12,26023000000,3.1227E+13,150000,510000,5200000,2750,3490,112,61,10,6800,9596960,8314,3309,913,764123366,754,1415043270,531,1000,402,289,27700
Colombia,293200,0,3460,24,0,6672,7880000,58747000,217,3208,2,10541500000,0,1.1678E+11,16,19190694,59041000000,7,0,26003000,14,0,11451000000,11290000000,320000,800000,150000,843002,4554000000,87782000000,2036000000,9.78024E+11,2141,35000,205379,0,6,23,4,1,0,1138910,153,436,257,24298295,233,49588357,662,110,72,86,24725
Croatia,14325,0,2848,0,0,2237,702000,0,10,5835,0,1176000000,0,55000000000,10,1564594,3176000000,0,0,1744000,16,1,2502000000,741456000,70000,11000,2000,53952,0,24919000000,71000000,1.59305E+11,2617,20100,26958,42,25,0,0,0,45,56594,384,67,37,2033557,30,4150116,40,42,28,0,4714
Cuba,45500,0,6864,0,4,29,2000,0,6,3735,1,4508784000,0,33066000000,11,4737328,10442000000,1,0,5317000,34,4,659434000,659434000,165000,34000,1145000,142558,0,70792000000,124000000,1.414E+11,8367,40000,60000,15,60,0,0,0,113,110860,65,31,13,5921661,19,10966038,123,130,3,4,240
Czechia,28000,0,6340,16,4,2046,40239000,37423000,0,0,0,6750000000,0,2.112E+11,12,4129236,1.48379E+11,0,0,5502000,0,0,7602000000,224725000,211000,4000,0,97541,3595000000,3964000000,15000000,5.19007E+11,9548,4200,55744,16,50,2,0,0,43,78867,0,99,42,5093808,0,10837890,243,0,17,10,664
Democratic Republic of the Congo,166580,0,916,6,8,10481,23000,0,16,37,0,796560000,0,4994000000,1,31389623,3898125000,0,0,35983000,3,0,380000,380000,26000,19000,10000,2538867,987999000,991090000,180000000,1.54012E+11,4007,31000,152373,25,8,0,0,0,105,2344858,24,46,32,39237029,16,115403027,272,60,1,6,15000
Denmark,20000,0,3856,4,0,140,1788000,0,9,7314,0,7225466250,0,5.555E+11,31,2126436,1.09371E+11,9,0,3180000,69,6,2208000000,1879000000,152000,63000,51000,77651,0,29534000000,441000000,4.28385E+11,2682,12000,74558,8,19,3,0,0,44,43094,715,117,34,2628180,50,5973136,99,0,41,4,400
Dominican Republic,50000,0,540,8,0,376,2188000,0,14,1288,0,810800000,0,27500000000,0,4034315,15547000000,0,0,5302000,17,0,2440000000,0,134000,0,30000,97343,0,0,0,2.61616E+11,496,0,19705,0,0,1,0,0,5,48320,40,79,50,4975294,34,10815857,32,11,17,11,0
Ecuador,41250,0,5204,0,0,2237,21000,0,5,2237,6,2376000000,0,44898000000,0,6738074,4442000000,2,0,8893000,6,0,309778000,309778000,225000,480000,1500,329580,24000000,10902000000,8273000000,2.60213E+11,965,118000,43950,24,5,8,2,0,54,283560,154,102,46,8422593,30,18309984,310,106,34,20,1500
Egypt,440000,0,41012,90,100,2612,3083000,289000,62,2450,7,5879500000,0,1.0375E+11,238,38269053,33070000000,13,2,33431000,31,17,60089000000,64817000000,851000,667000,300000,1668709,182000000,1.784E+12,3300000000,1.912E+12,5085,480000,65050,528,1056,11,8,0,3620,1001450,441,1093,348,45611372,150,111247248,73,962,345,61,3500
El Salvador,25000,0,1844,15,0,590,500,0,10,307,0,334620000,0,14258000000,0,2512278,3799434000,0,0,2870000,3,0,226472,0,58000,3,15000,145831,0,0,0,71957000000,13,10000,9012,0,0,0,0,0,0,21041,5,52,30,3181777,14,6628702,27,76,10,4,422
Eritrea,120000,0,860,0,6,1840,0,0,18,2234,0,198000000,0,635504500,1,1598677,225014976,0,0,1800000,2,0,0,0,4000,0,0,76127,0,0,0,9702000000,306,130000,16000,22,23,0,0,0,65,117600,9,20,13,2220385,23,6343956,10,75,1,5,0
Estonia,7700,0,1685,0,0,657,3000,0,4,3794,0,1463360000,0,26400000000,0,456028,2593000000,0,0,752000,20,4,354912000,0,28000,24000,10000,13132,0,0,0,57377000000,1441,78800,58412,0,36,0,0,0,0,45228,72,5,3,584958,8,1193791,26,0,3,2,335
Ethiopia,162000,0,7256,0,7,5925,660000,8000,0,0,0,2097575000,0,25761000000,25,35327989,3131288000,0,0,61664000,0,0,0,0,110000,0,0,2726657,0,24919000000,428000,3.54604E+11,659,0,120171,40,35,0,0,0,338,1104300,12,103,33,56904143,0,118550298,57,309,34,8,0
Finland,24000,0,11704,0,0,2563,4141000,808000,8,1250,0,6779661000,0,6.6E+11,54,1912981,16929000000,0,0,2880000,37,18,1157000000,0,175000,8000,53800,56264,0,0,0,3.21126E+11,5918,870000,454000,76,107,1,0,0,200,338145,282,163,27,2306830,264,5626414,98,667,77,11,8000
France,200000,1,110932,0,68,4072,12985000,2419000,20,4853,0,55000000000,11,6.9921E+12,226,23794358,2.40792E+11,11,3,31825000,66,17,37001000000,20132000,1554000,80000,150000,752121,160000000,7787000000,61719000,3.764E+12,27860,26000,1053215,9,96,44,9,16,215,643801,553,976,448,30084820,129,68374591,689,0,141,119,8501
Gabon,4800,0,424,0,0,3261,0,0,4,885,0,274820000,0,6280000000,6,532758,1568196000,0,0,763000,9,0,463000000,463000000,16000,204000,2500,46647,0,25995000000,2000000000,48201000000,649,0,14300,14,0,0,0,0,0,267667,87,24,15,932940,5,2455105,40,0,0,3,1600
Georgia,55000,0,3392,5,11,1814,516000,256000,31,310,0,495629055,0,13488000000,0,2225036,5002000000,0,0,1853000,3,4,2796000000,8760000,32000,300,0,93118,900999000,8495000000,35000000,83656000000,1363,152500,20295,42,67,0,0,0,123,69700,26,61,44,2744538,19,4900961,19,121,10,2,0
Germany,181600,0,83260,63,54,3694,186725000,138981000,0,2389,5,50000000000,0,6.23861E+12,129,30955829,3.227E+11,11,0,44784000,35,12,77516000000,4824000000,2052000,131000,0,841191,35900000000,23390000000,115200000,5.23E+12,39379,34000,830000,33,134,26,6,3,296,357022,595,584,309,38694786,61,84119100,838,0,35,50,7300
Ghana,15500,0,1824,0,0,2420,85000,0,27,539,0,308500000,0,22550000000,0,9961658,3624000000,0,0,14887000,4,0,3912000000,3192000000,110000,174000,0,622604,0,22653000000,660000000,2.29639E+11,947,0,65725,6,0,2,0,0,0,238533,52,19,10,14873310,28,34589092,11,6,5,2,1293
Greece,142700,0,61888,0,29,1110,13988000,13703000,39,13676,0,6500000000,0,5.5E+11,178,3985676,13608000000,13,0,4645000,57,7,5173000000,3284000,303000,5000,55000,104611,2876000000,991090000,10000000,3.7578E+11,2345,221350,117000,152,589,8,10,0,1344,131957,1215,558,293,4916713,192,10461091,81,698,81,15,6
Guatemala,106114,0,688,4,0,1667,1296000,0,20,400,0,408635000,0,27500000000,0,6279794,21311000000,0,0,7258000,3,0,2986000,3276000,115000,6000,35000,182552,0,0,86110000,2.23183E+11,800,90000,17440,0,0,0,0,0,5,108889,9,36,21,7484639,25,18255216,58,50,0,10,990
Honduras,52225,0,614,7,0,1575,190000,0,93,832,0,413635000,0,8805500000,4,3144632,7543000000,0,0,4676000,8,0,0,0,67000,20,23000,95292,0,0,0,68854000000,699,60000,14742,0,0,1,0,0,11,112090,489,40,8,4192843,98,9529188,129,32,10,10,465
Hungary,41600,0,7797,0,8,2106,6180000,5450000,0,0,0,4576000000,0,1.375E+11,12,3794462,45719000000,0,0,5006000,0,0,9485000000,1523000000,175000,36000,15000,118269,2909000000,3738000000,12100000,3.88906E+11,7687,20000,203601,0,24,0,0,0,209,103000,1,69,44,4632200,0,9855745,109,295,12,3,1622
Iceland,0,0,150,0,0,0,188000,0,0,4970,0,312400000,0,22000000000,0,50237,5809000000,0,0,239000,43,0,0,0,18000,0,0,1820,0,0,0,26155000000,0,0,12898,0,0,0,0,0,0,100250,39,0,0,83728,0,364036,83,0,0,0,0
India,1455550,2,148594,130,80,13888,1200000000,985671000,135,7000,18,75000000000,13,3.71021E+11,513,522786598,6.27793E+11,14,0,593729000,56,0,58867000000,33170000000,5049000,795000,2527000,23955181,1.11052E+11,1.381E+12,4605000000,1.3104E+13,65554,1155000,6371847,264,100,74,18,6,4201,3287263,1859,2229,899,662290299,293,1409128296,311,3975,351,270,14500
Indonesia,400000,0,20440,34,15,2958,202283000,659357000,211,54716,25,10600000000,0,4.4E+11,41,114595923,1.46359E+11,7,0,140931000,123,12,36061000000,57410000000,1728000,865000,250000,4786562,34869000000,1.408E+12,2480000000,3.906E+12,8159,400000,496607,63,153,17,4,1,331,1904569,11422,459,214,137965608,331,281562465,513,396,112,70,21579
Iran,610000,0,65825,21,13,5894,3531000,2791000,21,2440,3,15450000000,0,4134926000,188,41541860,1.206E+11,7,0,29159000,18,1,2.4489E+11,2.6328E+11,2136000,3985000,220000,1414191,1203000000,3.3987E+13,2.086E+11,1.44E+12,8484,350000,223485,1517,392,10,25,6,1713,1648195,965,551,128,49496685,107,88386937,173,2070,103,87,850
Iraq,193000,0,37288,36,39,3809,0,0,26,58,2,7923000000,0,45032500000,26,14308368,1.12233E+11,0,0,11812000,6,0,19298000000,9860000000,918000,4437000,100000,715418,0,3.729E+12,1.45019E+11,5.72939E+11,2272,0,59623,572,434,17,0,0,1025,438317,74,391,197,17675043,68,42083436,71,610,139,15,5279
Ireland,7765,0,1712,0,0,443,1322000,0,8,1448,0,1500000000,0,3.3E+12,0,1999182,12905000000,0,0,2766000,21,0,5280000000,1447000000,156000,600,0,57568,40000000,9911000000,0,6.08463E+11,1688,1700,99830,0,0,2,0,0,0,70273,94,22,8,2407392,8,5233461,100,0,8,4,956
Israel,170000,0,35985,38,48,1068,6476000,0,46,273,7,30500000000,0,1.485E+11,240,3281513,2.04661E+11,0,0,4554000,5,0,11510000000,22886000000,230000,15000,35000,131637,0,1.76018E+11,12730000,4.7103E+11,1497,465000,20391,183,352,19,5,14,1300,21937,41,611,147,3949099,62,9402617,37,171,159,13,0
Italy,165500,2,73480,67,37,1836,13127000,1618000,19,7600,0,30890000000,3,2.75E+12,89,22191235,2.47396E+11,10,0,25669000,123,10,68735000000,3117000000,1246000,116000,105000,548684,609999000,45750000000,497934000,3.097E+12,18475,18500,487700,21,64,23,8,8,200,301340,1276,729,392,27434219,196,60964931,636,108,162,30,2400
Ivory Coast,22000,0,656,0,3,3458,0,0,3,515,0,669600935,0,19311500000,0,7855221,7583484000,0,0,10954000,5,0,2635000000,2635000000,60000,29000,5500,569653,0,28317000000,100000000,2.02758E+11,660,0,81996,3,0,3,0,0,5,322463,25,19,10,12292521,3,29981758,29,2,2,4,980
Japan,247150,0,31964,38,119,0,216332000,29141000,6,29751,0,57000000000,42,4.6797E+12,217,42874277,1.295E+12,6,4,69349000,163,22,92843000000,2220000000,3289000,8000,25000,1108818,350000000,20898000000,44115000,5.761E+12,27311,56000,1218772,54,149,141,24,10,521,377915,5229,1443,596,52976836,159,123201945,279,480,401,55,1770
Jordan,100500,0,16624,6,44,1744,479000,0,27,26,0,2500000000,0,25646500000,44,2983464,15715600000,0,0,3063000,1,0,4382000000,187262000,97000,20,35000,145262,0,6031000000,1000000,1.06806E+11,509,65000,7203,56,358,13,0,0,1458,89342,34,274,155,3463947,27,11174024,17,80,66,13,0
Kazakhstan,110000,0,7736,25,12,13364,84852000,118195000,23,26,0,2048700000,0,91321500000,63,6928922,35965000000,0,0,9587000,0,2,22623000000,27011000000,288000,1955000,55000,283640,25605000000,2.407E+12,30000000000,7.0552E+11,16636,135000,96167,287,126,0,0,0,350,2724900,122,198,65,9117003,26,20260006,132,194,26,19,43983
Kenya,50000,0,4128,0,2,3457,1168000,0,7,536,0,1307383850,0,30514500000,17,14037377,7342000000,0,0,25502000,4,0,0,0,119000,0,25000,931942,0,0,0,3.14063E+11,3819,0,161452,0,18,2,0,0,188,580367,26,156,85,21551160,23,58246378,370,53,31,21,0
Kosovo,10000,0,737,0,0,714,8927000,9074000,0,0,0,260715150,0,2750000000,0,743387,1245000000,0,0,500300,0,0,0,0,15000,0,500,17794,1564000000,0,0,23794000000,437,5000,2012,0,0,0,0,0,0,10887,0,0,0,917371,0,1977093,4,0,0,0,0
Kuwait,72000,0,5636,0,16,475,145000,0,106,499,0,6950000000,0,55000000000,43,1449920,52619000000,0,0,2463000,6,0,26083000000,19285000000,372000,2910000,7500,37660,0,1.784E+12,1.015E+11,2.1906E+11,0,24000,5749,27,74,0,0,3,367,17818,176,128,67,1726095,123,3138355,6,0,13,2,0
Kyrgyzstan,23000,0,2686,0,2,4573,3352000,3637000,0,0,0,221800000,0,6728500000,0,2487357,3237000000,0,0,3069000,0,0,438000000,31026000,31000,6000,55000,117270,28499000000,5663000000,40000000,45461000000,424,300000,34000,21,30,0,0,0,215,199951,0,7,7,3147772,0,6172101,28,169,0,0,576
Laos,100000,0,4380,0,0,5274,13691000,14845000,36,0,0,135000000,0,16500000000,0,2521277,1770000000,0,0,3174000,0,0,0,0,24000,0,120000,159071,62000000,0,0,64173000000,422,30000,39568,64,40,0,0,0,160,236800,1,33,23,3499565,36,7953556,18,87,8,2,4600
Latvia,17250,0,1848,0,0,1370,20000,0,11,498,0,1138000000,0,44180400000,0,648449,4957000000,0,0,978000,5,6,828214000,0,35000,2000,12500,16211,0,0,0,71154000000,2216,36000,70244,0,47,0,0,0,0,64589,83,7,7,810561,18,1801246,56,0,0,0,300
Lebanon,60000,0,4538,9,0,484,207000,0,61,225,0,768250325,0,36928000000,0,1775644,26498095000,0,0,1771000,5,0,0,0,174000,0,65000,69738,0,0,0,65818000000,401,35000,21705,11,12,0,0,0,116,10400,51,80,68,2092148,64,5364482,8,353,9,0,0
Liberia,1500,0,300,0,0,1667,0,0,4,579,0,364800000,0,830923000,0,1913912,599660000,0,0,2499000,4,0,0,0,4000,0,5500,65247,0,0,0,8884000000,429,0,10600,0,0,0,0,0,0,111369,4821,0,0,2392390,4,5437249,99,0,0,0,0
Libya,32000,0,1816,1,4,4339,0,0,1,1770,1,3060000000,0,3322000000,10,3290485,92427000000,0,0,2398000,14,1,9212000000,11832000000,230000,1245000,100000,125141,0,1.505E+12,48363000000,1.21951E+11,2000,0,37000,25,15,0,0,0,43,1759540,96,143,16,3827857,5,7361263,66,28,38,6,0
Lithuania,23000,0,1263,0,0,1545,263000,0,7,90,0,2388900000,0,44000000000,0,1332490,6168000000,0,0,1510000,2,4,1601000000,0,68000,4000,14150,36795,0,0,12000000,1.32712E+11,1911,104000,84166,0,21,0,0,0,0,65300,59,9,4,1708321,14,2628186,65,54,0,5,441
Luxembourg,1000,0,182,0,0,327,62000,0,0,0,0,726092925,0,4.73E+12,0,92633,2977000000,0,0,352000,0,0,594240000,0,51000,0,0,3356,0,0,0,88533000000,271,0,2875,0,0,0,0,0,0,2586,147,1,0,154388,0,671254,3,0,0,1,37
Madagascar,13500,0,158,0,0,0,511000,0,4,4828,0,112210000,0,3028500000,0,7952233,2632000000,0,0,15830000,13,0,0,0,19000,0,8100,559602,150000000,0,0,51255000000,836,0,31640,0,0,0,0,0,6,587040,29,5,5,11192031,6,29452714,91,9,0,0,600
Malaysia,113000,0,13506,12,0,2742,35050000,3731000,71,4675,6,4800000000,0,2.475E+11,26,13480276,1.13438E+11,2,0,17308000,35,4,42499000000,75456000000,717000,582000,100000,553037,226000000,1.189E+12,3600000000,1.152E+12,1851,51600,144403,36,0,6,2,4,48,329847,1750,135,45,16245461,100,34564810,102,196,31,16,7200
Mali,40000,0,570,12,8,7908,0,0,0,0,0,650386000,0,4057500000,9,4288168,647800000,0,0,8277000,0,0,0,0,46000,0,4800,351850,0,0,0,57235000000,593,0,139107,20,0,1,0,0,10,1240192,0,43,10,6817088,0,21990607,30,10,4,7,1800
Mauritania,31540,0,628,4,0,5002,0,0,6,754,0,261250000,0,3661000000,0,1181555,2629290500,0,0,1179000,2,0,0,0,29000,0,5000,82233,0,28317000000,20000000,30395000000,728,66000,12253,0,0,2,0,0,25,1030700,11,24,4,1687936,6,4328040,25,75,7,7,1086
Mexico,412000,0,19658,33,0,4389,18423000,7453000,140,9330,3,7600000000,5,3.71359E+11,3,49811912,2.14317E+11,1,0,60042000,35,0,90566000000,31422000000,1737000,2101000,120000,2222579,1211000000,1.80322E+11,5786000000,2.873E+12,23389,98655,704884,0,20,25,0,0,0,1964375,674,433,178,61447766,167,130739927,1485,70,176,41,2900
Moldova,8500,0,500,0,0,1885,120000,0,0,0,0,1710000000,0,4565500000,0,1792565,5453000000,0,0,1464000,0,0,2344000000,10000,22000,0,2000,71991,0,0,0,38969000000,1171,67000,9352,11,9,0,0,0,0,33851,75,3,2,2159717,0,3599528,11,67,0,1,558
Mongolia,35000,0,2560,0,0,8082,6393000,28276000,0,0,0,165110000,0,19542500000,0,1552233,4782000000,0,0,1403000,0,0,0,0,36000,15000,50000,62352,2520000000,0,0,56264000000,1815,135000,113200,130,0,0,0,0,420,1564116,318,7,2,1870555,0,3281676,35,500,2,3,580
Montenegro,2350,0,471,0,0,680,1517000,1734000,2,294,0,148100000,0,2958500000,0,85179,1574000000,0,0,286000,4,0,0,0,8000,0,5500,3599,337000000,0,0,17115000000,250,0,7762,12,0,0,0,0,0,13812,18,11,11,143964,14,599849,5,12,0,0,0
Morocco,195800,0,7877,0,0,2363,11940000,0,105,1835,1,13400000000,0,45645000000,83,15254135,36328000000,6,0,12284000,12,0,243201000,82595000,318000,25,50000,635589,96000000,1444000000,684000,3.3748E+11,2067,150000,57300,129,396,4,0,2,903,715550,94,260,78,17946041,111,37387585,49,153,75,31,0
Mozambique,11200,0,872,0,2,4783,11000,9015000,33,2470,0,412400000,0,12100000000,8,7770772,3515000000,0,0,15191000,11,0,1347000000,5388000000,40000,0,3000,533615,1792000000,2.832E+12,0,50631000000,4787,0,31083,6,0,1,0,0,30,799380,36,22,8,14674420,33,33350954,92,52,1,4,460
Myanmar,150000,0,5980,26,9,6522,1453000,1268000,146,1930,3,2948000000,0,7253400000,58,21975367,8590400000,6,0,22884000,7,2,3788000000,16780000000,148000,7000,55000,1035489,252000000,6.37129E+11,139000000,2.90507E+11,5031,20000,157000,180,95,5,3,0,445,676578,101,317,83,30489384,232,57527139,73,210,119,30,12800
Namibia,13000,0,2094,0,2,4220,32000,0,12,1572,2,370500000,0,8800000000,11,400923,2956000000,0,0,989000,2,0,0,0,25000,0,5000,30840,350000000,62297000000,0,29944000000,2628,0,48875,25,0,0,0,0,4,824292,15,34,7,616805,15,2803660,255,25,14,3,0
Nepal,95000,0,1108,0,0,3159,1095000,15000,0,0,0,409100000,0,5838500000,0,11733140,12456000000,0,0,8937000,0,0,0,0,62000,0,15000,778060,8000000,0,0,1.4431E+11,59,0,27990,0,0,0,0,0,0,147181,0,15,10,15249970,0,31122387,51,14,0,5,0
Netherlands,41380,0,2755,0,12,1053,10610000,1825000,4,451,0,27000000000,0,4.77995E+12,32,6486918,69830000000,6,0,9999000,18,4,33243000000,17774000000,872000,70000,5000,195496,3247000000,1.32608E+11,137747000,1.24E+12,3055,6765,139124,2,46,0,3,0,18,41543,1187,120,63,7997570,64,17772378,45,0,21,4,6237
New Zealand,8670,0,2114,0,0,0,2441000,3036000,4,15134,0,3030000000,0,2.09683E+11,0,1775457,15487000000,2,0,3068000,22,0,3819000000,3770000000,154000,12000,300,61935,7575000000,31149000000,40993000,2.5477E+11,4128,3250,94000,0,0,6,0,0,0,268838,117,48,21,2219321,8,5161211,202,31,13,8,0
Nicaragua,45000,0,1869,0,0,1253,0,0,23,910,0,92000000,0,9053000000,0,2777610,5447000000,0,0,3264000,5,0,0,0,36000,200,5500,146893,0,0,0,51088000000,0,0,23897,0,0,0,0,0,89,130370,5,17,11,3271705,23,6676948,39,0,1,5,2220
Niger,25000,0,456,2,1,5834,457000,457000,0,0,0,336400000,0,3844000000,0,5294900,1442772000,0,0,10237000,0,0,29858000,29509000,13000,6000,5000,447827,90000000,0,150000000,44561000000,0,0,18949,0,0,2,0,0,0,1267000,0,26,13,7902835,0,26342784,26,0,0,7,300
Nigeria,230000,0,8962,24,15,4477,3044000,3043000,109,853,0,3160000000,0,32455500000,14,90437404,41349000000,1,0,75721000,28,2,20719000000,39951000000,515000,1541000,50000,4261448,2144000000,5.761E+12,36890000000,1.275E+12,3798,0,195000,37,40,11,0,0,330,923768,928,163,66,125475979,133,236747130,47,339,28,23,8600
North Korea,1320000,0,18288,114,20,1607,21747000,21747000,155,2495,4,4736000000,0,5500000000,368,5312331,5500000000,2,0,15837000,10,1,0,0,17000,0,100000,420779,10600000000,0,0,72000000000,7435,560000,25554,1500,1300,0,13,0,4344,120538,264,861,205,9467520,207,26298666,83,700,173,1,2250
North Macedonia,9000,0,1108,0,4,838,5776000,5075000,0,0,0,388421700,0,11000000000,0,783773,5015000000,0,0,801000,0,0,274928000,0,22000,0,3500,27763,332000000,0,0,42444000000,699,60000,14182,17,0,0,0,0,20,25713,0,20,10,948216,0,2135622,13,150,10,0,0
Norway,23250,0,6552,32,0,2566,1201000,117000,18,25148,6,9710000000,0,7.16144E+11,0,1807192,80459000000,4,0,3009000,141,5,4548000000,1.23727E+11,229000,2020000,40000,71627,2000000,1.54446E+12,8122200000,4.99528E+11,3848,0,94902,0,42,5,6,0,44,323802,1720,97,33,2203893,43,5509733,145,0,23,4,1577
Oman,42600,0,4084,10,0,1561,31000,0,12,2092,5,8200000000,0,50897000000,29,1291559,17455000000,0,0,2316000,7,0,27364000000,40754000000,211000,1056000,10000,50726,0,6.51287E+11,5375000000,1.8596E+11,0,100000,60230,0,24,4,0,0,150,309500,57,128,31,1482757,22,3901992,36,140,45,9,0
Pakistan,654000,0,17516,90,57,7257,34027000,12712000,69,1046,9,7640000000,0,92426000000,328,85803614,13730000000,9,0,80990000,3,3,46448000000,36937000000,473000,101000,500000,4794908,3064000000,5.92219E+11,540000000,1.347E+12,11881,550000,264175,600,662,27,8,4,2627,796095,60,1399,373,108516336,121,252363571,116,2629,565,64,0
Panama,0,0,262,0,0,687,837000,0,27,2490,0,917202000,0,1.11553E+12,0,1206965,6757000000,0,0,2096000,12,0,389611000,0,146000,0,80000,53643,0,0,0,1.59867E+11,77,0,11978,0,0,2,0,0,0,75420,8174,38,23,2011608,30,4470241,76,0,0,13,800
Paraguay,15650,0,1108,0,0,4655,1000,0,63,0,0,17595000000,0,14370000000,0,3001497,9886000000,0,0,3469000,1,0,0,0,57000,2000,15000,150451,0,0,0,1.08022E+11,30,168500,78811,0,0,1,0,0,0,406752,108,39,14,3535598,72,7522549,83,25,13,11,3100
Peru,120000,0,6560,22,16,7062,712000,153000,13,2414,8,3420000000,0,59400000000,15,12681497,71394000000,7,0,18529000,20,0,7185000000,12270000000,210000,118000,60000,619405,1567000000,3.00159E+11,858890000,5.17644E+11,1855,385000,18699,49,12,12,4,0,240,1285216,111,256,111,15648120,71,32600249,166,290,72,38,8808
Philippines,150000,0,11878,25,2,0,37130000,14483000,58,36289,1,4380000000,0,90200000000,0,41751803,1.03742E+11,2,0,49477000,70,0,2251000000,2251000000,453000,10000,35000,2128987,361000000,98543000000,138500000,1.138E+12,77,1200000,216387,0,12,8,0,0,10,300000,2203,202,122,50859137,113,118277063,246,294,23,26,3219
Poland,202100,0,23138,44,29,2845,123782000,116682000,3,440,2,48700000000,0,3.86947E+11,59,15576017,1.93783E+11,2,0,18387000,10,26,20056000000,5551000000,722000,24000,50000,464956,28531000000,91492000000,113000000,1.616E+12,19461,350000,420000,196,677,11,1,0,614,312685,152,479,216,18985692,62,38746310,288,0,105,49,3997
Portugal,24000,0,10828,0,0,1224,0,0,20,1793,2,4627000000,0,3.99395E+11,28,4096295,53710000000,5,0,5140900,18,0,4500000000,0,191000,12932,24700,127677,40000000,72000000000,22440000,5.29901E+11,3622,211700,136635,0,24,14,2,3,34,92090,996,115,31,5319863,194,10639726,136,115,23,19,764
Qatar,66550,0,5024,6,24,87,0,0,105,563,4,9432000000,0,1.87E+11,102,490001,51539000000,0,0,2035000,6,0,41515000000,1.69595E+11,297000,1815000,5500,12760,0,2.3861E+13,25244000,3.04973E+11,0,15000,7039,16,46,0,0,0,99,11586,123,251,80,638022,115,2552088,8,12,51,12,0
Republic of the Congo,8500,0,644,0,1,5008,0,0,0,169,0,306400000,0,5741000000,2,1353682,715391000,0,0,2461000,5,0,423000000,423000000,12000,267000,2500,115856,0,2.8399E+11,2885000000,38163000000,510,0,23324,30,2,0,0,0,30,342000,11,13,7,2256136,4,6097665,56,38,0,4,1120
Romania,81300,0,10774,0,0,2844,19404000,18160000,3,225,7,9700000000,0,1.32E+11,21,7731114,73000000000,3,0,8282000,11,5,10055000000,9501000000,221000,67000,15000,199630,291000000,1.0548E+11,600000000,7.72107E+11,10628,55000,84185,243,0,2,0,0,328,238391,127,140,65,9437041,20,18148155,82,720,44,14,1731
Russia,1320000,1,131527,689,557,22407,310958000,508190000,123,37653,83,1.26E+11,10,3.17651E+11,833,46189226,5.97217E+11,12,0,72408000,67,47,4.72239E+11,6.1783E+11,3684000,10727000,250000,1267387,1.62166E+11,4.7805E+13,80000000000,5.816E+12,85494,2000000,1283387,3005,5168,141,63,19,5750,17098242,2910,4292,1651,69002197,419,140820810,904,8505,611,456,102000
Saudi Arabia,257000,0,19040,81,34,4272,164000,0,9,2640,9,74760000000,0,2.2561E+11,283,17468238,4.57949E+11,7,0,16934000,16,3,1.2187E+11,1.2187E+11,3649000,11113000,150000,621255,0,9.423E+12,2.586E+11,1.831E+12,5410,0,221372,321,332,16,0,22,840,2149690,433,917,264,19003104,32,36544431,86,467,202,49,0
Senegal,17000,0,1740,0,5,2684,502000,0,4,531,0,465150000,0,11326000000,0,4089912,889295000,0,0,5257000,6,0,54498000,54646000,55000,9000,0,395798,0,0,0,77382000000,906,0,16665,6,0,1,0,0,0,196722,36,40,20,7162057,4,18847519,19,20,23,5,1000
Serbia,25000,0,3683,17,4,2322,38297000,35129000,7,0,0,2287461000,0,35200000000,11,2574406,27569000000,0,0,3333000,0,5,2939000000,353376000,82000,13000,600000,79827,7514000000,48139000000,77500000,1.62213E+11,3333,2000,44248,98,90,0,0,0,262,77474,0,110,46,3259584,20,6652212,43,150,33,3,587
Sierra Leone,13000,0,150,0,0,1093,0,0,7,402,0,228600000,0,2687000000,0,1203978,495699000,0,0,2913000,3,0,0,0,9000,0,0,45605,0,0,0,14633000000,0,0,11701,0,0,0,0,0,0,71740,584,1,1,2006631,7,9121049,8,0,0,0,800
Singapore,51000,0,8998,0,18,0,784000,0,12,193,6,15000000000,0,1.71341E+12,100,2628408,3.59835E+11,6,0,3619000,5,4,13724000000,0,1470000,0,12000,66313,0,0,0,7.54758E+11,0,252500,3500,24,48,9,6,11,170,719,3202,230,70,3918498,50,6028459,9,89,36,9,0
Slovakia,19500,0,3074,0,0,1587,5794000,2343000,0,0,0,2656000000,0,1.276E+11,2,2353424,11288000000,0,0,2823000,0,0,60424000,52556000,94000,7000,0,61200,19000000,14158000000,9000000,2.13053E+11,3627,0,56926,25,35,1,0,0,45,49035,0,41,22,2837461,0,5563649,114,9,9,7,172
Slovenia,7300,0,1428,0,0,1211,2553000,2358000,2,47,0,886860000,0,55000000000,0,826570,2370000000,0,0,1055000,2,0,840902000,3863000,45000,0,5000,22867,95000000,0,0,1.02036E+11,1207,26000,38985,0,0,0,0,0,54,20273,8,39,16,1006989,2,2097893,42,18,23,4,710
Somalia,15000,0,682,0,0,2385,0,0,10,3025,0,171002350,0,5830000000,0,1796384,16747500,0,0,3277000,6,0,0,0,6000,0,2000,130173,0,5663000000,0,26351000000,0,0,15000,0,0,0,0,0,0,637657,4,0,0,2993973,10,13017273,38,0,0,0,0
South Africa,71235,0,18692,0,10,5244,176148000,245467000,33,2798,0,2266800000,0,58773000000,2,14989776,62492000000,4,0,25158000,8,2,4487000000,59128000,601000,95000,50000,1027525,9893000000,0,15000000,8.62981E+11,20986,29350,750000,101,49,0,3,0,252,1219090,110,182,87,27803618,49,60442647,575,134,81,12,0
South Korea,600000,0,58880,98,111,237,136413000,15595000,35,2413,5,46300000000,13,5.0352E+11,315,21353538,4.2093E+11,17,2,29611000,15,14,59480000000,55127000,2452000,38000,120000,416654,326000000,7079000000,0,2.615E+12,3979,3100000,100428,426,3270,36,22,4,2236,99720,2149,1592,807,26040900,227,52081799,89,4400,318,41,1600
South Sudan,185000,0,1950,0,6,6018,0,0,0,0,0,175300000,0,2475000000,0,4065188,183615000,0,0,4471000,0,0,0,0,14000,146000,0,330297,0,0,3750000000,20010000000,248,0,90200,15,24,0,0,0,30,644329,0,20,15,6351857,0,12703714,82,0,0,5,0
Spain,133282,1,17626,12,17,1953,8255000,1293000,22,4964,0,23397000000,0,2.57274E+12,137,17635602,1.03089E+11,11,0,24108000,52,6,32833000000,41009000,1269000,47000,78470,330963,1187000000,2549000000,150000000,2.242E+12,15489,15150,683175,0,95,8,2,0,317,505370,503,461,153,21748999,152,47280433,363,287,140,51,1000
Sri Lanka,346000,0,3190,0,9,0,2084000,0,59,1340,0,1265400000,0,46409500000,5,8551235,3450700000,5,0,8707000,6,0,0,0,121000,0,0,307757,0,0,0,2.87132E+11,1562,90000,114093,28,0,3,0,0,44,65610,96,85,55,10551652,270,21982608,18,96,8,14,160
Sudan,92000,0,2900,27,35,6819,0,0,6,853,0,342000000,0,37846000000,37,17108407,206763700,0,0,13590000,4,0,0,0,127000,68000,17500,1312149,0,84951000000,1250000000,1.36039E+11,7251,85000,31000,192,100,0,0,0,224,1861484,14,165,64,26747657,6,50467278,41,287,15,13,4068
Suriname,2000,0,650,0,0,1907,0,0,17,386,0,144000000,0,2200000000,0,84079,1346000000,0,0,250000,4,0,6967000,7109000,15000,14000,200,3234,0,0,89000000,11824000000,0,0,4304,0,0,0,0,0,0,163820,13,3,3,142287,17,646758,55,0,0,0,1200
Sweden,24400,0,6795,0,0,2211,3396000,1115000,179,3218,7,13000000000,0,1.00245E+12,71,3558185,60863000000,0,0,5825000,92,8,889924000,0,283000,11000,25000,105898,5000000,0,0,6.76353E+11,10910,32900,573134,0,26,5,4,1,110,450295,361,169,53,4235934,308,10589835,203,0,33,6,2052
Switzerland,101584,0,6996,0,0,1770,161000,0,0,0,0,25039000000,0,2.2E+12,43,3163225,8.63892E+11,0,0,4991000,0,0,3138000000,0,193000,300,5000,97466,0,0,0,7.33779E+11,5296,49715,71557,0,133,3,0,0,205,41277,17,146,40,3898653,0,8860574,62,0,44,16,1292
Syria,170000,0,11148,9,14,2363,47000,0,16,193,0,291850000,0,4309500000,104,13245310,341962500,0,0,6315000,3,4,3084000000,3085000000,138000,75000,50000,668232,0,2.40693E+11,2500000000,55935900000,2052,50000,69873,204,90,1,0,0,365,187437,24,207,77,15273871,27,23865423,39,641,15,3,900
Taiwan,215000,0,19921,0,91,0,66855000,5608000,37,1566,7,19740000000,4,2.09E+11,285,1061787,4.92635E+11,22,0,11498000,8,14,21157000000,63747000,1022000,800,55000,306739,1000000,6230000000,2380000,1.2573E+12,1613,2310000,43206,234,488,18,4,0,888,35980,465,761,236,12269542,97,23595274,53,1360,232,19,0
Tajikistan,9500,0,1240,0,6,4130,2245000,2175000,0,0,0,446000000,0,7150000000,0,3773045,2748900000,0,0,2677000,0,0,85567000,18476000,28000,300,20000,176699,4075000000,5663000000,12000000,46467000000,680,600000,30000,20,3,0,0,0,38,144100,0,25,20,4781269,0,10394063,19,13,4,1,200
Tanzania,27000,0,1072,0,0,4161,802000,2511000,10,1424,0,1406745334,0,18983500000,14,6678750,5693050000,0,0,31219000,8,0,1808000000,1808000000,58000,0,6500,607159,1410000000,6513000000,0,2.3405E+11,4097,80000,145203,0,0,0,0,0,62,947300,381,39,12,12143182,12,67462121,206,0,7,6,0
Thailand,360850,0,16935,20,7,5673,36030000,13642000,49,3219,6,5887883500,0,1.02694E+11,72,27968399,2.2447E+11,7,1,40814000,21,5,48898000000,30797000000,1248000,386000,25000,1118736,1063000000,1.38243E+11,252750000,1.516E+12,4127,200000,180053,26,50,26,0,0,635,513120,884,493,258,36358919,293,69920998,108,589,135,54,4000
Tunisia,89800,0,7913,0,0,1495,2000,0,51,1148,0,1400000000,0,27084500000,10,5181004,9240000000,0,0,4445000,16,0,5153000000,1323000000,108000,35000,12000,204830,0,65129000000,425000000,1.53637E+11,2173,0,20000,0,0,4,0,0,90,163610,72,154,101,6024424,58,12048847,14,85,28,11,0
Turkiye,355200,0,61173,0,111,2816,123976000,88746000,41,7200,9,47000000000,0,2.94441E+11,201,36087279,1.40858E+11,17,1,35071000,54,11,2887000000,379701000,1077000,83000,150000,1430032,11525000000,3794000000,366000000,2.936E+12,11497,378700,67333,296,1038,28,13,7,2238,783562,1170,1083,508,42985080,182,84119531,115,1707,287,84,1200
Turkmenistan,36500,0,5016,27,10,4158,0,0,16,1768,0,1078020000,0,2134500000,24,2245963,23415400000,0,0,2163000,0,0,41561000000,86472000000,152000,272000,3500,109139,800000000,1.1327E+13,600000000,94790000000,5113,0,58592,164,73,0,0,0,654,488100,73,91,26,2768681,16,5744151,23,450,9,5,1300
Uganda,45000,0,3862,0,6,2729,0,0,0,0,0,985400000,0,11818000000,6,9905891,3506500000,0,0,18881000,0,0,0,0,43000,0,10000,985661,800000000,14158000000,2500000000,1.35668E+11,1244,0,20544,12,6,0,0,0,259,241038,0,51,30,16756234,0,49283041,39,26,12,0,0
Ukraine,900000,0,18920,36,39,5581,10953000,4248000,33,2782,0,53700000000,0,1.32E+11,70,12731272,40510000000,0,0,20312000,26,3,22856000000,18725000000,248000,3000,100000,392280,34375000000,1.104E+12,395000000,5.59981E+11,21733,1200000,169694,279,658,3,0,0,1114,603550,410,324,136,18187531,89,35661826,148,615,73,24,1672
United Arab Emirates,65000,0,8707,16,30,1066,3273000,0,34,1318,11,2212360382,0,2.64E+11,99,4945881,1.89491E+11,0,0,6668000,20,2,66091000000,56683000000,939000,4146000,12000,80258,0,6091000000,97800000000,7.19733E+11,0,130000,4080,49,165,27,0,4,354,83600,655,551,247,5818684,181,10032213,42,99,147,37,0
United Kingdom,184860,2,38200,31,37,443,8568000,1891000,26,12429,0,71500540000,6,9.59375E+12,113,25192932,1.77915E+11,8,0,35275000,185,7,70141000000,37758000000,1397000,753000,0,753050,26000000,1.80661E+11,2500000000,3.7E+12,16390,924000,394428,29,71,28,9,9,227,243610,868,631,266,31491165,109,68459055,1043,126,203,29,3200
United States,1328000,11,391963,889,1002,12002,476044000,548849000,0,19924,26,8.95E+11,81,2.23035E+13,1790,124816644,7.73426E+11,0,9,170549000,666,8,9.14301E+11,1.029E+12,20245000,20879000,0,4445524,2.48941E+11,1.3402E+13,38212000000,2.4662E+13,293564,799500,6586610,641,671,647,70,605,4640,9833517,3533,13043,5843,150463900,440,341963408,15873,1212,2647,918,41009
Uruguay,25000,0,3042,6,0,1591,18000,0,2,660,0,772400000,0,49500000000,0,1322177,16257000000,0,0,1775000,8,2,86037000,0,52000,400,5000,54805,0,0,0,1.05096E+11,1673,0,77732,4,6,5,0,2,31,176215,58,43,12,1575652,14,3425330,64,70,12,6,1600
Uzbekistan,48000,0,2970,13,34,6893,7396000,5356000,0,420,0,2803500000,0,19652500000,58,15959499,34558000000,0,0,14270000,0,0,43227000000,47500000000,91000,64000,20000,730412,1375000000,1.841E+12,594000000,3.19174E+11,4642,0,86496,108,147,0,0,0,340,447400,0,192,101,18990708,0,36520593,74,236,7,13,1100
Venezuela,109000,0,8802,0,10,5267,82000,197000,25,2800,0,4093120000,0,1.1033E+11,30,12812625,10095500000,1,0,11548000,31,0,17696000000,17696000000,367000,761000,220000,625006,730999000,5.674E+12,3.03806E+11,2.95975E+11,447,8000,96189,36,48,3,1,1,172,912050,272,229,88,15625153,34,31250306,502,100,75,49,7100
Vietnam,600000,0,11912,32,0,4616,83116000,43614000,35,3444,16,8594000000,0,1.1E+11,41,45053323,97955500000,9,0,56149000,16,8,7676000000,7676000000,494000,187000,250000,1797903,3360000000,6.99426E+11,4400000000,1.354E+12,2600,5000000,195468,474,40,3,9,0,1374,331210,1973,246,101,54994667,110,105758975,42,535,60,9,47130
Yemen,66700,0,550,12,7,1601,165000,0,12,1906,1,810375000,0,6343500000,27,9031464,923361750,0,0,6883000,10,1,189432000,189432000,60000,15000,20000,610668,0,4.78555E+11,3000000000,67003300000,0,0,71300,10,0,0,0,0,0,527968,30,84,30,12213368,33,32140443,36,15,15,2,0
Zambia,15150,0,424,0,0,6043,823000,831000,0,0,0,394240000,0,13200000000,0,4139024,2861000000,0,0,7051000,0,0,0,0,34000,0,1200,374384,944999000,0,0,76493000000,3126,0,67671,25,12,0,0,0,35,752618,2,77,32,7279691,0,20799116,119,30,34,13,0
Zimbabwe,29000,0,828,0,6,3229,4479000,3877000,0,0,0,530800000,0,11000000000,13,3721626,115530000,0,0,6561000,0,0,0,0,29000,800,21800,360157,502000000,0,0,58583000000,3427,0,97267,0,0,0,0,0,15,390757,0,95,28,6517134,0,17150352,144,0,40,14,0
