country,total_population_by_country,total_population_by_country_rank,available_military_manpower,available_military_manpower_rank,manpower_fit_for_military_service,manpower_fit_for_military_service_rank,manpower_reaching_military_age_annually,manpower_reaching_military_age_annually_rank,active_military_manpower,active_military_manpower_rank,active_reserve_military_manpower,active_reserve_military_manpower_rank,manpower_paramilitary,manpower_paramilitary_rank,aircraft_total,aircraft_total_rank,aircraft_total_fighters,aircraft_total_fighters_rank,aircraft_total_attack_types,aircraft_total_attack_types_rank,aircraft_total_transports,aircraft_total_transports_rank,aircraft_total_trainers,aircraft_total_trainers_rank,aircraft_total_special_mission,aircraft_total_special_mission_rank,aircraft_total_tanker_fleet,aircraft_total_tanker_fleet_rank,aircraft_helicopters_total,aircraft_helicopters_total_rank,aircraft_helicopters_attack,aircraft_helicopters_attack_rank,armor_tanks_total,armor_tanks_total_rank,armor_apc_total,armor_apc_total_rank,armor_self_propelled_guns_total,armor_self_propelled_guns_total_rank,armor_towed_artillery_total,armor_towed_artillery_total_rank,armor_mlrs_total,armor_mlrs_total_rank,navy_ships,navy_ships_rank,navy_aircraft_carriers,navy_aircraft_carriers_rank,navy_helo_carriers,navy_helo_carriers_rank,navy_submarines,navy_submarines_rank,navy_destroyers,navy_destroyers_rank,navy_frigates,navy_frigates_rank,navy_corvettes,navy_corvettes_rank,navy_patrol_coastal_craft,navy_patrol_coastal_craft_rank,navy_mine_warfare_craft,navy_mine_warfare_craft_rank,defense_spending_budget,defense_spending_budget_rank,external_debt_by_country,external_debt_by_country_rank,purchasing_power_parity,purchasing_power_parity_rank,reserves_of_foreign_exchange_and_gold,reserves_of_foreign_exchange_and_gold_rank,major_serviceable_airports_by_country,major_serviceable_airports_by_country_rank,labor_force_by_country,labor_force_by_country_rank,major_ports_and_terminals,major_ports_and_terminals_rank,merchant_marine_strength_by_country,merchant_marine_strength_by_country_rank,railway_coverage,railway_coverage_rank,roadway_coverage,roadway_coverage_rank,oil_production_by_country,oil_production_by_country_rank,oil_consumption_by_country,oil_consumption_by_country_rank,proven_oil_reserves_by_country,proven_oil_reserves_by_country_rank,coal_consumption_by_country,coal_consumption_by_country_rank,square_land_area,square_land_area_rank,coastline_coverage,coastline_coverage_rank,border_coverage,border_coverage_rank,waterway_coverage,waterway_coverage_rank
China,1415043270,1,764123366,1,626864169,1,19810606,2,2035000,1,510000,14,625000,4,3309,3,1212,2,371,3,289,3,402,4,112,4,10,7,913,3,281,3,6800,1,144017,3,3490,2,1000,9,2750,2,754,1,3,2,4,2,61,3,50,2,47,1,72,2,150,5,36,2,266850000000,2,1218458500000,16,31227000000000,1,3450000000000,1,531,14,779246000,1,66,13,8314,2,150000,2,5200000,3,4984000,5,15148000,2,26023000000,13,5313000000,1,9596960,4,14500,10,22457,1,27700,6
India,1409128296,2,662290299,2,522786598,2,23955181,1,1455550,2,1155000,7,2527000,2,2229,4,513,4,130,4,270,4,351,6,74,5,6,14,899,4,80,9,4201,5,148594,2,100,32,3975,3,264,18,293,6,2,3,0,47,18,7,13,4,14,5,18,5,135,8,0,78,75000000000,4,371020500000,30,13104000000000,3,627793000000,5,311,20,593729000,2,56,16,1859,12,65554,4,6371847,2,795000,23,5049000,3,4605000000,22,1200000000,2,3287263,7,7000,18,13888,4,14500,10
United States,341963408,3,150463900,3,124816644,3,4445524,5,1328000,3,799500,10,0,145,13043,1,1790,1,889,1,918,1,2647,1,647,1,605,1,5843,1,1002,1,4640,3,391963,1,671,8,1212,8,641,5,440,2,11,1,9,1,70,1,81,1,0,115,26,3,0,117,8,16,895000000000,1,22303546100000,1,24662000000000,2,773426000000,4,15873,1,170549000,3,666,1,3533,6,293564,1,6586610,1,20879000,1,20245000,1,38212000000,10,476044000,3,9833517,3,19924,8,12002,6,41009,5
Indonesia,281562465,4,137965608,4,114595923,4,4786562,4,400000,13,400000,17,250000,8,459,26,41,44,34,21,70,10,112,24,17,23,1,29,214,22,15,38,331,38,20440,22,153,23,396,31,63,41,331,4,0,48,0,48,4,28,0,51,7,23,25,4,211,2,12,11,10600000000,29,440000000000,25,3906000000000,8,146359000000,22,513,15,140931000,4,123,6,11422,1,8159,26,496607,15,865000,20,1728000,13,2480000000,33,202283000,6,1904569,14,54716,2,2958,62,21579,8
Pakistan,252363571,5,108516336,7,85803614,7,4794908,3,654000,7,550000,13,500000,6,1399,7,328,6,90,8,64,11,565,3,27,12,4,19,373,10,57,12,2627,7,17516,30,662,9,2629,4,600,6,121,27,0,81,0,81,8,16,0,82,9,15,9,8,69,17,3,40,7640000000,38,92426000000,52,1347000000000,25,13730000000,71,116,43,80990000,6,3,95,60,84,11881,19,264175,22,101000,43,473000,34,540000000,44,34027000,22,796095,35,1046,65,7257,13,0,131
Nigeria,236747130,6,125475979,5,90437404,5,4261448,6,230000,22,0,127,50000,44,163,54,14,66,24,32,23,36,28,64,11,31,0,106,66,55,15,39,330,39,8962,43,40,59,339,33,37,50,133,23,0,77,0,77,0,91,0,78,1,50,0,95,109,10,2,46,3160000000,59,32455500000,76,1275000000000,26,41349000000,48,47,87,75721000,7,28,30,928,21,3798,51,195000,29,1541000,15,515000,32,36890000000,11,3044000,58,923768,31,853,69,4477,42,8600,17
Brazil,220051512,7,112226271,6,88680759,6,3520824,7,360000,15,340000,22,200000,13,513,22,43,40,38,16,109,6,133,22,25,16,0,48,191,25,0,90,294,45,22464,19,109,30,412,30,38,49,64,46,0,22,1,8,4,24,0,25,6,28,2,35,23,50,3,39,26157300000,19,432224000000,26,4016000000000,7,355021000000,11,4919,2,108695000,5,45,19,888,22,29850,7,2000000,4,4221000,7,3027000,7,12715000000,14,32787000,23,8515770,5,7491,15,16145,3,50000,2
Bangladesh,168697184,8,82661620,8,66129296,8,3205246,8,163000,36,0,99,6800000,1,214,44,42,43,0,72,17,42,86,31,4,46,0,39,65,56,0,82,320,41,11584,38,56,45,546,21,110,33,118,28,0,16,0,17,2,36,0,19,7,21,6,19,61,20,5,23,4374000000,56,51965000000,60,1413000000000,23,21860000000,60,17,124,74914000,8,2,98,558,33,2460,66,369105,20,13000,70,160000,62,28000000,77,7514000,41,148460,89,580,75,4413,43,8370,19
Russia,140820810,9,69002197,9,46189226,10,1267387,18,1320000,5,2000000,4,250000,9,4292,2,833,3,689,2,456,2,611,2,141,3,19,3,1651,2,557,2,5750,2,131527,4,5168,1,8505,1,3005,1,419,3,1,7,0,91,63,2,10,7,12,9,83,1,123,9,47,1,126000000000,3,317650500000,31,5816000000000,4,597217000000,6,904,7,72408000,9,67,11,2910,8,85494,3,1283387,5,10727000,3,3684000,4,80000000000,8,310958000,4,17098242,1,37653,3,22407,2,102000,1
Mexico,130739927,10,61447766,10,49811912,9,2222579,11,412000,12,98655,44,120000,20,433,28,3,87,33,22,41,22,176,13,25,17,0,94,178,26,0,120,0,133,19658,24,20,77,70,73,0,125,167,19,0,68,0,68,0,84,5,9,1,49,3,32,140,7,0,91,7600000000,39,371359000000,29,2873000000000,13,214317000000,16,1485,4,60042000,12,35,26,674,28,23389,10,704884,12,2101000,11,1737000,12,5786000000,20,18423000,26,1964375,13,9330,13,4389,44,2900,36
Japan,123201945,11,52976836,13,42874277,12,1108818,20,247150,21,56000,55,25000,54,1443,6,217,13,38,18,55,14,401,5,141,2,10,8,596,6,119,4,521,25,31964,16,149,24,480,25,54,43,159,20,0,54,4,3,24,5,42,3,6,29,0,78,6,91,22,4,57000000000,7,4679698100000,7,5761000000000,5,1295000000000,2,279,23,69349000,10,163,4,5229,4,27311,9,1218772,6,8000,81,3289000,6,44115000,72,216332000,5,377915,60,29751,5,0,140,1770,46
Ethiopia,118550298,12,56904143,11,35327989,17,2726657,9,162000,37,0,109,0,132,103,70,25,56,0,89,8,71,34,57,0,101,0,66,33,76,7,53,338,37,7256,53,35,63,309,34,40,48,0,128,0,128,0,128,0,128,0,128,0,128,0,128,0,128,0,128,2097575000,71,25761000000,83,354604000000,55,3131288000,112,57,78,61664000,11,0,123,12,109,659,103,120171,41,0,119,110000,77,428000,95,660000,82,1104300,26,0,125,5925,25,0,113
Philippines,118277063,13,50859137,14,41751803,13,2128987,12,150000,39,1200000,5,35000,52,202,46,0,136,25,30,26,34,23,69,8,38,0,114,122,33,2,75,10,107,11878,36,12,85,294,36,0,134,113,30,0,85,0,85,0,95,0,86,2,46,1,44,58,23,0,102,4380000000,55,90200000000,54,1138000000000,31,103742000000,29,246,26,49477000,14,70,9,2203,9,77,124,216387,25,10000,78,453000,35,138500000,61,37130000,18,300000,71,36289,4,0,141,3219,33
Democratic Republic of the Congo,115403027,14,39237029,18,31389623,18,2538867,10,166580,34,31000,69,10000,80,46,91,1,91,6,56,6,81,1,113,0,97,0,58,32,78,8,50,105,69,916,112,8,89,60,76,25,60,16,89,0,31,0,31,0,56,0,34,0,63,0,60,16,65,0,68,796560000,95,4994000000,120,154012000000,81,3898125000,103,272,24,35983000,17,3,91,24,102,4007,47,152373,34,19000,64,26000,119,180000000,55,23000,109,2344858,11,37,110,10481,8,15000,9
Egypt,111247248,15,45611372,16,38269053,15,1668709,14,440000,11,480000,15,300000,7,1093,8,238,11,90,7,61,13,345,7,11,30,0,62,348,11,100,7,3620,6,41012,12,1056,5,962,10,528,8,150,22,0,35,2,6,8,14,0,38,13,6,7,13,62,19,17,6,5879500000,46,103750000000,50,1912000000000,17,33070000000,54,73,68,33431000,20,31,28,441,38,5085,37,65050,73,667000,26,851000,26,3300000000,26,3083000,57,1001450,29,2450,41,2612,69,3500,32
Vietnam,105758975,16,54994667,12,45053323,11,1797903,13,600000,10,5000000,1,250000,10,246,40,41,45,32,24,9,70,60,43,3,56,0,142,101,38,0,144,1374,13,11912,35,40,60,535,22,474,9,110,33,0,116,0,116,9,13,0,116,9,16,16,6,35,36,8,17,8594000000,35,110000000000,49,1354000000000,24,97955500000,31,42,94,56149000,13,16,47,1973,11,2600,65,195468,28,187000,36,494000,33,4400000000,23,83116000,14,331210,64,3444,29,4616,40,47130,3
Iran,88386937,17,49496685,15,41541860,14,1414191,16,610000,8,350000,20,220000,11,551,20,188,15,21,34,87,7,103,26,10,34,6,15,128,32,13,41,1713,10,65825,8,392,15,2070,5,1517,3,107,35,0,49,0,49,25,4,0,52,7,24,3,31,21,54,1,51,15450000000,25,4134926000,123,1440000000000,22,120600000000,24,173,32,29159000,24,18,39,965,20,8484,24,223485,23,3985000,9,2136000,10,208600000000,3,3531000,52,1648195,17,2440,42,5894,27,850,72
Turkiye,84119531,18,42985080,17,36087279,16,1430032,15,355200,16,378700,19,150000,18,1083,9,201,14,0,141,84,9,287,9,28,10,7,11,508,7,111,6,2238,8,61173,10,1038,6,1707,6,296,13,182,17,0,109,1,10,13,9,0,109,17,4,9,10,41,30,11,12,47000000000,13,294441000000,32,2936000000000,12,140858000000,23,115,44,35071000,19,54,17,1170,18,11497,20,67333,71,83000,45,1077000,21,366000000,49,123976000,10,783562,36,7200,17,2816,65,1200,61
Germany,84119100,19,38694786,19,30955829,19,841191,27,181600,31,34000,66,0,134,584,18,129,18,63,11,50,18,35,55,26,14,3,22,309,12,54,13,296,44,83260,6,134,27,0,124,33,53,61,51,0,42,0,41,6,19,0,45,11,11,5,25,0,113,12,10,50000000000,11,6238609300000,4,5230000000000,6,322700000000,12,838,8,44784000,15,35,24,595,31,39379,5,830000,10,131000,39,2052000,11,115200000,64,186725000,7,357022,61,2389,45,3694,54,7300,21
Thailand,69920998,20,36358919,20,27968399,20,1118736,19,360850,14,200000,29,25000,57,493,23,72,27,20,35,54,15,135,21,26,15,0,136,258,17,7,54,635,23,16935,31,50,48,589,19,26,59,293,7,0,107,1,9,0,110,0,107,7,27,6,24,49,28,5,28,5887883500,45,102694000000,51,1516000000000,21,224470000000,15,108,48,40814000,16,21,35,884,23,4127,43,180053,30,386000,31,1248000,18,252750000,50,36030000,19,513120,51,3219,30,5673,29,4000,29
United Kingdom,68459055,21,31491165,21,25192932,21,753050,29,184860,30,924000,8,0,144,631,15,113,19,31,25,29,32,203,11,28,11,9,9,266,15,37,19,227,50,38200,13,71,41,126,56,29,55,109,34,2,5,0,113,9,12,6,8,8,19,0,115,26,47,7,19,71500540000,6,9593749000000,2,3700000000000,10,177915000000,20,1043,6,35275000,18,185,3,868,24,16390,17,394428,19,753000,25,1397000,16,2500000000,31,8568000,38,243610,76,12429,12,443,128,3200,34
France,68374591,22,30084820,23,23794358,22,752121,31,200000,26,26000,73,150000,16,976,10,226,12,0,91,119,5,141,18,44,6,16,4,448,8,68,11,215,52,110932,5,96,34,0,122,9,89,129,25,1,6,3,4,9,11,11,6,11,10,0,67,20,56,17,7,55000000000,9,6992104900000,3,3764000000000,9,240792000000,14,689,10,31825000,21,66,14,553,34,27860,8,1053215,7,80000,46,1554000,14,61719000,71,12985000,32,643801,43,4853,24,4072,52,8501,18
Tanzania,67462121,23,12143182,52,6678750,58,607159,42,27000,93,80000,48,6500,86,39,101,14,67,0,139,6,84,7,103,0,139,0,135,12,112,0,141,62,77,1072,111,0,142,0,144,0,143,12,96,0,106,0,107,0,109,0,106,0,109,0,110,10,80,0,113,1406745334,78,18983500000,90,234050000000,69,5693050000,92,206,28,31219000,22,8,63,381,42,4097,44,145203,35,0,143,58000,96,0,142,802000,77,947300,30,1424,59,4161,49,0,139
Italy,60964931,24,27434219,25,22191235,23,548684,46,165500,35,18500,79,105000,22,729,14,89,25,67,10,30,30,162,15,23,19,8,10,392,9,37,18,200,57,73480,7,64,43,108,60,21,69,196,14,2,4,0,53,8,15,3,13,10,13,0,76,19,60,10,14,30890000000,16,2750000000000,10,3097000000000,11,247396000000,13,636,12,25669000,26,123,7,1276,15,18475,14,487700,16,116000,42,1246000,19,497934000,45,13127000,31,301340,70,7600,14,1836,90,2400,39
South Africa,60442647,25,27803618,24,14989776,35,1027525,22,71235,60,29350,71,50000,46,182,50,2,90,0,131,12,58,81,33,0,134,0,125,87,42,10,45,252,48,18692,27,49,49,134,54,101,35,49,56,0,98,0,99,3,34,0,99,4,38,0,104,33,39,2,47,2266800000,69,58773000000,56,862981000000,33,62492000000,38,575,13,25158000,28,8,61,110,66,20986,12,750000,11,95000,44,601000,30,15000000,83,176148000,8,1219090,24,2798,35,5244,34,0,136
Kenya,58246378,26,21551160,31,14037377,37,931942,24,50000,72,0,115,25000,55,156,55,17,62,0,99,21,37,31,61,2,64,0,81,85,44,2,71,188,58,4128,72,18,80,53,78,0,117,23,78,0,57,0,57,0,74,0,59,0,81,0,81,7,86,0,84,1307383850,81,30514500000,77,314063000000,59,7342000000,86,370,18,25502000,27,4,85,26,100,3819,50,161452,32,0,121,119000,75,0,113,1168000,73,580367,49,536,79,3457,58,0,118
Myanmar,57527139,27,30489384,22,21975367,24,1035489,21,150000,38,20000,78,55000,37,317,33,58,34,26,28,30,31,119,23,5,42,0,99,83,45,9,48,445,28,5980,61,95,35,210,43,180,26,232,11,0,72,0,72,3,32,0,73,6,31,3,33,146,6,2,45,2948000000,62,7253400000,111,290507000000,62,8590400000,82,73,69,22884000,30,7,67,101,68,5031,38,157000,33,7000,82,148000,67,139000000,60,1453000,69,676578,40,1930,49,6522,20,12800,11
South Korea,52081799,28,26040900,27,21353538,25,416654,53,600000,9,3100000,2,120000,21,1592,5,315,7,98,6,41,23,318,8,36,7,4,20,807,5,111,5,2236,9,58880,11,3270,3,4400,2,426,11,227,12,0,99,2,7,22,6,13,5,17,3,5,27,35,35,14,8,46300000000,14,503519500000,24,2615000000000,14,420930000000,9,89,57,29611000,23,15,48,2149,10,3979,48,100428,47,38000,56,2452000,9,0,138,136413000,9,99720,104,2413,44,237,132,1600,51
Sudan,50467278,29,26747657,26,17108407,31,1312149,17,92000,55,85000,47,17500,65,165,52,37,46,27,26,13,54,15,79,0,136,0,129,64,59,35,20,224,51,2900,85,100,33,287,39,192,24,6,106,0,101,0,102,0,106,0,102,0,105,0,107,6,93,0,111,342000000,118,37846000000,72,136039000000,86,206763700,141,41,96,13590000,46,4,88,14,107,7251,30,31000,96,68000,49,127000,73,1250000000,38,0,142,1861484,15,853,70,6819,17,4068,28
Colombia,49588357,30,24298295,28,19190694,26,843002,25,293200,19,35000,64,150000,15,436,27,16,63,24,31,86,8,72,38,23,18,1,28,257,18,0,96,0,121,3460,78,6,90,110,59,0,108,233,10,0,28,0,28,4,27,0,31,7,22,2,36,217,1,0,67,10541500000,30,116779500000,47,978024000000,32,59041000000,41,662,11,26003000,25,14,49,153,57,2141,71,205379,26,800000,22,320000,40,2036000000,35,7880000,40,1138910,25,3208,32,6672,19,24725,7
Uganda,49283041,31,16756234,39,9905891,46,985661,23,45000,77,0,140,10000,83,51,89,6,83,0,142,0,145,12,88,0,141,0,139,30,83,6,59,259,47,3862,74,6,91,26,92,12,84,0,117,0,111,0,110,0,113,0,111,0,112,0,113,0,116,0,116,985400000,88,11818000000,99,135668000000,87,3506500000,108,39,101,18881000,34,0,142,0,143,1244,86,20544,108,0,144,43000,104,2500000000,30,0,145,241038,77,0,143,2729,67,0,141
Spain,47280433,32,21748999,30,17635602,28,330963,62,133282,41,15150,80,78470,30,461,25,137,17,12,46,51,17,140,19,8,39,0,127,153,28,17,33,317,42,17626,29,95,36,287,38,0,139,152,21,1,8,0,100,2,40,0,100,11,12,0,105,22,53,6,22,23397000000,22,2572738300000,11,2242000000000,15,103089000000,30,363,19,24108000,29,52,18,503,35,15489,18,683175,13,47000,55,1269000,17,150000000,59,8255000,39,505370,52,4964,23,1953,86,1000,66
Algeria,47022473,33,22570787,29,19185169,27,752360,30,325000,18,135000,34,150000,14,608,17,102,21,42,15,63,12,87,30,10,33,5,16,299,13,74,10,1485,11,26000,17,224,20,483,24,266,17,110,32,0,10,0,12,6,17,0,15,8,17,8,11,75,15,2,43,25000000000,21,3335624000,128,699947000000,40,81217000000,33,85,59,13425000,47,17,42,119,63,4020,46,104000,46,1443000,16,428000,36,12200000000,15,167000,94,2381740,10,998,66,6734,18,0,103
Argentina,46994384,34,20677529,32,17575900,29,704916,34,108000,48,0,98,20000,61,239,41,23,60,11,48,52,16,71,40,13,27,2,25,94,39,0,80,342,35,21724,20,55,46,172,46,26,58,44,57,0,12,0,14,2,35,3,11,0,54,6,18,13,69,0,57,928897000,89,178940000000,41,1235000000000,29,23081000000,59,756,9,21906000,32,37,22,201,50,17866,15,281290,21,807000,21,706000,29,2483000000,32,3391000,54,2780400,8,4989,21,11968,7,11000,14
Iraq,42083436,35,17675043,38,14308368,36,715418,33,193000,28,0,113,100000,23,391,29,26,54,36,19,15,47,139,20,17,24,0,76,197,24,39,16,1025,17,37288,14,434,13,610,18,572,7,68,43,0,50,0,50,0,69,0,53,0,75,2,37,26,46,0,79,7923000000,37,45032500000,67,572939000000,45,112233000000,27,71,70,11812000,50,6,70,74,77,2272,68,59623,76,4437000,6,918000,24,145019000000,5,0,129,438317,57,58,108,3809,53,5279,25
Afghanistan,40121552,36,15647405,43,8826741,49,842553,26,0,143,0,96,80000,28,9,127,0,93,0,68,3,105,0,117,0,79,0,32,6,128,1,76,0,113,5202,65,0,96,0,112,0,98,0,118,0,118,0,118,0,118,0,118,0,118,0,118,0,118,0,118,290000000,125,1142500000,142,54772700000,117,8852092000,81,67,71,8921000,60,0,111,0,124,0,128,34903,91,0,108,2700,143,0,96,1545000,67,652230,41,0,114,5987,24,1200,59
Canada,38794813,37,16681770,40,13500595,38,426743,51,68000,61,27000,72,5500,87,351,30,66,31,0,82,28,33,95,28,33,8,6,13,145,30,0,93,74,75,21704,21,0,106,0,117,0,106,73,40,0,26,0,26,4,25,0,29,12,8,0,57,24,49,0,65,41000000000,15,2337375700000,12,2238000000000,16,117551000000,25,1425,5,22110000,31,284,2,716,26,4942,39,1042300,8,5692000,4,2454000,8,170300000000,4,17138000,27,9984670,2,202080,1,8893,9,636,79
Poland,38746310,38,18985692,35,15576017,33,464956,49,202100,25,350000,21,50000,45,479,24,59,33,44,14,49,19,105,25,11,32,0,115,216,21,29,27,614,24,23138,18,677,7,0,137,196,23,62,50,0,86,0,86,1,41,0,87,2,47,2,39,3,103,26,3,48700000000,12,386947000000,28,1616000000000,19,193783000000,18,288,22,18387000,36,10,57,152,58,19461,13,420000,18,24000,63,722000,27,113000000,65,123782000,11,312685,68,440,86,2845,63,3997,30
Morocco,37387585,39,17946041,37,15254135,34,635589,36,195800,27,150000,32,50000,43,260,37,83,26,0,112,31,29,75,35,4,47,2,26,78,48,0,124,903,18,7877,48,396,14,153,49,129,31,111,31,0,70,0,70,0,86,0,71,6,30,1,43,105,12,0,93,13400000000,27,45645000000,66,337480000000,56,36328000000,51,49,86,12284000,48,12,52,94,72,2067,72,57300,79,25,104,318000,41,684000,94,11940000,33,715550,39,1835,51,2363,78,0,125
Angola,37202061,40,7440412,67,3720206,85,372021,58,107000,49,0,97,10000,78,298,34,71,28,12,43,31,28,66,41,2,57,0,34,116,34,15,37,309,43,5500,63,25,69,575,20,113,32,31,68,0,11,0,13,0,44,0,16,0,53,0,47,29,42,0,56,1101360000,85,45774500000,65,265868000000,64,13942000000,69,106,49,15223000,41,21,33,64,83,2761,61,26000,100,1175000,18,127000,72,7783000000,18,0,120,1246700,22,1600,55,5369,31,1300,55
Saudi Arabia,36544431,41,19003104,33,17468238,30,621255,39,257000,20,0,131,150000,17,917,11,283,9,81,9,49,20,202,12,16,25,22,2,264,16,34,22,840,20,19040,25,332,19,467,26,321,12,32,67,0,91,0,92,0,99,0,92,7,26,9,9,9,82,3,41,74760000000,5,225610000000,35,1831000000000,18,457949000000,8,86,58,16934000,38,16,45,433,39,5410,34,221372,24,11113000,2,3649000,5,258600000000,2,164000,96,2149690,12,2640,37,4272,47,0,133
Uzbekistan,36520593,42,18990708,34,15959499,32,730412,32,48000,74,0,142,20000,63,192,48,58,35,13,42,13,55,7,104,0,142,0,141,101,37,34,23,340,36,2970,84,147,25,236,41,108,34,0,143,0,143,0,143,0,143,0,143,0,143,0,143,0,143,0,143,2803500000,63,19652500000,87,319174000000,58,34558000000,53,74,67,14270000,45,0,143,0,144,4642,41,86496,57,64000,51,91000,84,594000000,43,7396000,42,447400,56,420,87,6893,16,1100,63
Ukraine,35661826,43,18187531,36,12731272,42,392280,55,900000,6,1200000,6,100000,27,324,32,70,30,36,20,24,35,73,37,3,54,0,140,136,31,39,17,1114,16,18920,26,658,10,615,17,279,15,89,39,0,112,0,111,0,114,0,112,0,113,0,114,33,40,3,42,53700000000,10,132000000000,44,559981000000,46,40510000000,50,148,34,20312000,33,26,31,410,40,21733,11,169694,31,3000,91,248000,46,395000000,48,10953000,34,603550,46,2782,36,5581,30,1672,48
Ghana,34589092,44,14873310,47,9961658,45,622604,38,15500,114,0,111,0,135,19,121,0,110,0,93,2,118,5,106,2,62,0,70,10,116,0,105,0,125,1824,97,0,111,6,110,6,92,28,72,0,43,0,42,0,65,0,46,0,71,0,70,27,43,0,74,308500000,122,22550000000,85,229639000000,70,3624000000,105,11,130,14887000,43,4,84,52,88,947,92,65725,72,174000,37,110000,78,660000000,40,85000,100,238533,78,539,78,2420,75,1293,57
Malaysia,34564810,45,16245461,41,13480276,39,553037,45,113000,45,51600,57,100000,25,135,61,26,55,12,44,16,43,31,62,6,40,4,18,45,66,0,118,48,83,13506,34,0,121,196,44,36,51,100,36,0,66,0,66,2,38,0,68,2,43,6,21,71,16,4,34,4800000000,50,247500000000,34,1152000000000,30,113438000000,26,102,50,17308000,37,35,25,1750,13,1851,77,144403,36,582000,28,717000,28,3600000000,25,35050000,21,329847,65,4675,26,2742,66,7200,22
Mozambique,33350954,46,14674420,48,7770772,53,533615,47,11200,123,0,122,3000,106,22,116,8,81,0,113,4,100,1,115,1,74,0,98,8,123,2,73,30,98,872,114,0,126,52,80,6,93,33,65,0,71,0,71,0,87,0,72,0,92,0,91,33,38,0,94,412400000,110,12100000000,98,50631000000,121,3515000000,107,92,55,15191000,42,11,54,36,94,4787,40,31083,95,0,132,40000,106,0,125,11000,113,799380,34,2470,40,4783,38,460,87
Peru,32600249,47,15648120,42,12681497,43,619405,40,120000,43,385000,18,60000,32,256,38,15,65,22,33,38,25,72,39,12,29,0,113,111,35,16,36,240,49,6560,58,12,84,290,37,49,44,71,42,0,84,0,84,4,29,0,85,7,25,8,12,13,70,0,101,3420000000,58,59400000000,55,517644000000,49,71394000000,36,166,33,18529000,35,20,37,111,65,1855,76,18699,115,118000,41,210000,55,858890000,39,712000,80,1285216,19,2414,43,7062,15,8808,16
Yemen,32140443,48,12213368,51,9031464,48,610668,41,66700,62,0,143,20000,64,84,78,27,53,12,47,2,121,15,81,0,143,0,143,30,84,7,55,0,145,550,127,0,144,15,99,10,87,33,66,0,117,0,117,0,117,0,117,0,117,1,45,12,74,1,54,810375000,94,6343500000,114,67003300000,106,923361750,129,36,106,6883000,68,10,58,30,97,0,145,71300,67,15000,68,60000,94,3000000000,27,165000,95,527968,50,1906,50,1601,98,0,143
Venezuela,31250306,49,15625153,44,12812625,41,625006,37,109000,47,8000,84,220000,12,229,43,30,50,0,143,49,21,75,36,3,55,1,31,88,40,10,47,172,59,8802,45,48,53,100,63,36,52,34,64,0,115,0,115,1,42,0,115,1,51,0,117,25,48,0,117,4093120000,57,110330000000,48,295974800000,61,10095500000,77,502,16,11548000,51,31,29,272,47,447,111,96189,50,761000,24,367000,39,303806000000,1,82000,101,912050,32,2800,34,5267,33,7100,23
Nepal,31122387,50,15249970,46,11733140,44,778060,28,95000,54,0,124,15000,69,15,124,0,128,0,115,5,88,0,138,0,123,0,101,10,119,0,125,0,136,1108,108,0,128,14,100,0,126,0,136,0,136,0,136,0,136,0,136,0,136,0,136,0,136,0,136,409100000,111,5838500000,116,144310000000,83,12456000000,74,51,83,8937000,59,0,133,0,136,59,125,27990,98,0,134,62000,92,0,127,1095000,74,147181,90,0,134,3159,61,0,127
Cameroon,30966105,51,10528476,56,6224187,61,495458,48,40000,82,0,105,12500,73,35,104,0,102,0,81,6,80,6,105,2,59,0,52,21,94,0,92,0,119,430,133,18,79,52,79,20,72,51,53,0,25,0,25,0,53,0,28,0,61,0,56,51,24,0,64,554952283,102,9506000000,104,138925000000,85,5754093000,91,37,103,11965000,49,7,66,198,52,987,89,77589,64,54000,54,40000,105,200000000,52,0,124,475440,54,400,89,5018,35,0,110
Ivory Coast,29981758,52,12292521,49,7855221,52,569653,43,22000,105,0,114,5500,88,19,122,0,114,0,98,4,99,2,111,3,51,0,78,10,117,3,70,5,111,656,121,0,116,2,111,3,96,3,112,0,53,0,54,0,71,0,56,0,78,0,77,3,102,0,82,669600935,99,19311500000,89,202758000000,76,7583484000,84,29,111,10954000,53,5,77,25,101,660,102,81996,60,29000,61,60000,93,100000000,66,0,130,322463,67,515,81,3458,57,980,69
Madagascar,29452714,53,11192031,54,7952233,51,559602,44,13500,118,0,119,8100,84,5,135,0,123,0,108,0,139,0,135,0,118,0,91,5,130,0,117,6,108,158,140,0,120,9,107,0,123,6,104,0,65,0,65,0,82,0,67,0,89,0,88,4,98,0,89,112210000,139,3028500000,131,51255000000,119,2632000000,117,91,56,15830000,40,13,51,29,98,836,95,31640,94,0,127,19000,125,0,120,511000,84,587040,47,4828,25,0,139,600,80
Australia,26768598,54,11242811,53,9208398,47,294455,70,57350,68,32050,68,0,120,327,31,24,57,62,12,38,24,98,27,30,9,6,12,69,51,22,29,59,78,15648,33,0,98,48,83,0,99,44,58,0,13,2,5,6,18,3,12,7,20,0,48,10,76,3,38,55700000000,8,3427504300000,8,1584000000000,20,61703000000,39,2180,3,14501000,44,66,12,604,30,36064,6,873573,9,386000,30,1123000,20,2446000000,34,107624000,12,7741220,6,25760,6,0,138,2000,44
Niger,26342784,55,7902835,65,5294900,65,447827,50,25000,97,0,126,5000,98,26,108,0,131,2,66,7,77,0,139,2,66,0,105,13,111,1,77,0,138,456,132,0,131,0,134,0,129,0,137,0,137,0,137,0,137,0,137,0,137,0,137,0,137,0,137,336400000,119,3844000000,126,44561000000,127,1442772000,125,26,116,10237000,54,0,134,0,137,0,137,18949,114,6000,86,13000,134,150000000,58,457000,87,1267000,21,0,135,5834,28,300,94
North Korea,26298666,56,9467520,57,5312331,64,420779,52,1320000,4,560000,12,100000,26,861,12,368,5,114,5,1,125,173,14,0,126,0,107,205,23,20,31,4344,4,18288,28,1300,4,700,12,1500,4,207,13,0,78,0,78,13,8,0,79,2,45,4,28,155,4,1,53,4736000000,51,5500000000,119,72000000000,102,5500000000,93,83,62,15837000,39,10,56,264,48,7435,28,25554,101,0,135,17000,127,0,129,21747000,24,120538,94,2495,38,1607,97,2250,40
Syria,23865423,57,15273871,45,13245310,40,668232,35,170000,32,50000,58,50000,47,207,45,104,20,9,51,3,114,15,80,1,78,0,132,77,49,14,40,365,32,11148,39,90,38,641,16,204,22,27,74,0,104,0,105,0,108,0,105,0,108,0,109,16,66,4,37,291850000,124,4309500000,122,55935900000,116,341962500,138,39,99,6315000,71,3,97,24,103,2052,73,69873,69,75000,47,138000,69,2500000000,29,47000,104,187437,84,193,102,2363,77,900,71
Taiwan,23595274,58,12269542,50,1061787,129,306739,68,215000,24,2310000,3,55000,38,761,13,285,8,0,137,19,41,232,10,18,22,0,133,236,20,91,8,888,19,19921,23,488,12,1360,7,234,20,97,38,0,105,0,106,4,31,4,10,22,2,7,17,37,33,14,9,19740000000,23,209000000000,39,1257300000000,27,492635000000,7,53,82,11498000,52,8,62,465,37,1613,81,43206,86,800,96,1022000,22,2380000,92,66855000,15,35980,128,1566,57,0,145,0,138
Burkina Faso,23042199,59,8525614,61,6060098,62,368675,59,12000,122,0,103,4500,103,25,109,0,100,3,65,2,115,0,123,2,58,0,50,18,101,5,61,0,118,491,130,0,105,8,109,9,88,0,124,0,124,0,124,0,124,0,124,0,124,0,124,0,124,0,124,81280000,142,3145000000,130,57152000000,114,47138000,144,49,85,8577000,63,0,119,0,129,622,106,15304,120,0,114,36000,108,0,102,0,123,274200,73,0,121,3611,55,0,109
Mali,21990607,60,6817088,71,4288168,69,351850,61,40000,84,0,120,4800,102,43,93,9,80,12,45,7,75,4,107,1,73,0,92,10,118,8,52,10,106,570,126,0,122,10,106,20,74,0,133,0,133,0,133,0,133,0,133,0,133,0,133,0,133,0,133,650386000,100,4057500000,125,57235000000,113,647800000,133,30,110,8277000,65,0,130,0,135,593,107,139107,38,0,128,46000,102,0,121,0,133,1240192,23,0,131,7908,11,1800,45
Sri Lanka,21982608,61,10551652,55,8551235,50,307757,66,346000,17,90000,46,0,143,85,77,5,84,0,133,14,49,8,101,3,52,0,128,55,61,9,49,44,91,3190,81,0,140,96,65,28,56,270,8,0,100,0,101,0,105,0,101,5,35,0,106,59,22,0,110,1265400000,82,46409500000,64,287132000000,63,3450700000,109,18,122,8707000,62,6,75,96,70,1562,82,114093,44,0,142,121000,74,0,139,2084000,65,65610,116,1340,60,0,142,160,98
Zambia,20799116,62,7279691,68,4139024,70,374384,57,15150,115,0,144,1200,114,77,81,0,145,0,144,13,56,34,58,0,144,0,144,32,79,0,145,35,95,424,135,12,86,30,89,25,64,0,144,0,144,0,144,0,144,0,144,0,144,0,144,0,144,0,144,394240000,113,13200000000,96,76493000000,101,2861000000,115,119,42,7051000,67,0,144,2,120,3126,58,67671,70,0,145,34000,112,0,144,823000,76,752618,38,0,144,6043,22,0,144
Kazakhstan,20260006,63,9117003,59,6928922,56,283640,71,110000,46,135000,35,55000,35,198,47,63,32,25,29,19,39,26,67,0,107,0,80,65,57,12,42,350,34,7736,50,126,29,194,45,287,14,26,75,0,56,0,56,0,73,0,58,0,80,0,80,23,51,2,44,2048700000,72,91321500000,53,705520000000,39,35965000000,52,132,38,9587000,57,0,125,122,62,16636,16,96167,51,1955000,13,288000,44,30000000000,12,84852000,13,2724900,9,26,112,13364,5,43983,4
Chad,19093595,64,6873694,70,3856906,80,381872,56,33250,88,0,107,5000,94,40,96,0,104,7,53,7,74,8,98,2,60,0,54,16,103,3,69,90,72,3316,80,10,87,10,105,20,73,0,126,0,126,0,126,0,126,0,126,0,126,0,126,0,126,0,126,381350000,115,2038000000,139,32446000000,131,211591000,140,42,93,5806000,74,0,121,0,131,0,133,40000,87,124000,40,15000,129,1500000000,37,0,126,1284000,20,0,123,6406,21,12400,12
Senegal,18847519,65,7162057,69,4089912,74,395798,54,17000,111,0,132,0,139,40,98,0,137,0,125,5,90,23,71,1,76,0,119,20,98,5,62,0,141,1740,100,0,136,20,96,6,94,4,111,0,92,0,93,0,100,0,93,0,100,0,99,4,101,0,106,465150000,107,11326000000,101,77382000000,100,889295000,130,19,120,5257000,80,6,73,36,95,906,93,16665,117,9000,79,55000,98,0,133,502000,85,196722,83,531,80,2684,68,1000,65
Chile,18664652,66,8959033,60,7521855,55,298634,69,80000,58,40000,61,50000,41,277,35,45,37,0,83,32,27,92,29,21,20,5,17,87,41,0,95,386,30,8832,44,48,51,249,40,8,90,130,24,0,27,0,27,4,26,0,30,8,18,0,58,40,31,0,66,5032500000,48,214500000000,36,579201000000,44,46377000000,45,374,17,9848000,56,39,21,249,49,7282,29,77801,62,11000,75,405000,37,150000000,57,8637000,37,756102,37,6435,19,7801,12,12290,13
Ecuador,18309984,67,8422593,62,6738074,57,329580,64,41250,81,118000,40,1500,113,102,71,0,106,0,86,20,38,34,56,8,36,0,61,46,64,0,100,54,81,5204,64,5,93,106,62,24,66,30,70,0,34,0,34,2,37,0,37,2,42,6,20,5,94,0,70,2376000000,67,44898000000,68,260213000000,66,4442000000,102,310,21,8893000,61,6,69,154,56,965,91,43950,85,480000,29,225000,51,8273000000,16,21000,110,283560,72,2237,46,2237,81,1500,54
Guatemala,18255216,68,7484639,66,6279794,60,182552,76,106114,50,90000,45,35000,49,36,103,0,111,4,63,10,65,0,127,0,104,0,72,21,95,0,106,5,110,688,119,0,112,50,82,0,112,25,76,0,45,0,44,0,66,0,48,0,72,0,72,20,57,0,75,408635000,112,27500000000,79,223183000000,71,21311000000,61,58,77,7258000,66,3,94,9,113,800,96,17440,116,6000,84,115000,76,86110000,68,1296000,71,108889,101,400,90,1667,95,990,68
Romania,18148155,69,9437041,58,7731114,54,199630,74,81300,57,55000,56,15000,71,140,60,21,61,0,124,14,48,44,46,2,68,0,118,65,58,0,133,328,40,10774,41,0,135,720,11,243,19,20,82,0,90,0,90,0,98,0,91,3,39,7,15,3,104,5,26,9700000000,33,132000000000,45,772107000000,34,73000000000,35,82,63,8282000,64,11,55,127,60,10628,22,84185,58,67000,50,221000,52,600000000,41,19404000,25,238391,79,225,100,2844,64,1731,47
Netherlands,17772378,70,7997570,64,6486918,59,195496,75,41380,80,6765,85,5000,97,120,65,32,48,0,116,4,101,21,74,0,124,0,102,63,60,12,43,18,103,2755,88,46,55,0,132,2,97,64,48,0,74,0,74,3,33,0,75,6,32,0,92,4,99,4,35,27000000000,18,4779954300000,5,1240000000000,28,69830000000,37,45,89,9999000,55,18,40,1187,17,3055,59,139124,37,70000,48,872000,25,137747000,62,10610000,35,41543,125,451,84,1053,117,6237,24
Zimbabwe,17150352,71,6517134,72,3721626,84,360157,60,29000,91,0,145,21800,60,95,74,13,68,0,145,14,50,40,50,0,145,0,145,28,85,6,60,15,104,828,116,0,145,0,145,0,145,0,145,0,145,0,145,0,145,0,145,0,145,0,145,0,145,0,145,530800000,104,11000000000,103,58583000000,110,115530000,143,144,36,6561000,70,0,145,0,145,3427,56,97267,49,800,97,29000,116,0,145,4479000,50,390757,59,0,145,3229,60,0,145
Cambodia,17063669,72,8190561,63,5733393,63,307146,67,221000,23,0,104,10000,79,25,110,0,101,0,80,4,94,0,124,0,93,0,51,21,93,0,91,644,22,3627,77,30,66,430,29,463,10,20,81,0,24,0,24,0,52,0,27,0,60,0,55,20,55,0,63,860000000,92,13200000000,97,85900000000,97,17801000000,62,13,127,9175000,58,2,101,195,53,642,105,47263,83,0,115,73000,87,0,103,2215000,63,181035,85,443,85,2530,72,3700,31
Benin,14697052,73,5584880,77,3189260,90,308638,65,4750,137,0,100,0,124,5,133,0,96,0,75,0,128,0,120,0,87,0,43,5,129,0,85,0,116,92,144,0,101,16,98,0,103,2,113,0,19,0,20,0,48,0,22,0,57,0,52,2,106,0,60,98350000,140,4066500000,124,52510000000,118,698900000,132,10,133,4964000,84,1,107,6,115,438,112,16000,118,0,110,46000,101,8000000,90,45000,105,112622,96,121,105,2123,83,150,99
Somalia,13017273,74,2993973,103,1796384,111,130173,86,15000,116,0,135,2000,111,0,145,0,140,0,130,0,143,0,143,0,133,0,124,0,145,0,137,0,143,682,120,0,139,0,139,0,138,10,97,0,97,0,98,0,104,0,98,0,104,0,103,10,79,0,109,171002350,134,5830000000,117,26351000000,134,16747500,145,38,102,3277000,95,6,74,4,119,0,142,15000,121,0,141,6000,138,0,137,0,140,637657,44,3025,33,2385,76,0,135
South Sudan,12703714,75,6351857,73,4065188,75,330297,63,185000,29,0,136,0,142,20,119,0,141,0,132,5,91,0,144,0,135,0,126,15,107,6,57,30,100,1950,93,24,74,0,140,15,81,0,140,0,140,0,140,0,140,0,140,0,140,0,140,0,140,0,140,175300000,133,2475000000,136,20010000000,137,183615000,142,82,64,4471000,90,0,138,0,141,248,122,90200,55,146000,38,14000,133,3750000000,24,0,141,644329,42,0,140,6018,23,0,137
Bolivia,12311974,76,5417269,78,4112199,72,233928,72,40000,83,40000,60,0,126,64,86,0,98,0,77,15,45,19,75,0,89,0,45,33,75,0,87,54,80,890,113,0,103,106,61,0,105,67,44,0,20,0,21,0,49,0,23,0,58,0,53,50,27,0,61,550200000,103,11431000000,100,119785000000,90,1800000000,121,200,31,6114000,72,0,117,50,90,3690,52,90568,54,58000,53,87000,85,240900000,51,9000,114,1098581,27,0,119,7252,14,10000,15
Tunisia,12048847,77,6024424,74,5181004,66,204830,73,89800,56,0,138,12000,76,154,57,10,79,0,140,11,63,28,65,4,49,0,137,101,36,0,142,90,73,7913,47,0,143,85,68,0,144,58,52,0,108,0,108,0,111,0,108,0,110,0,111,51,25,0,114,1400000000,79,27084500000,81,153637000000,82,9240000000,79,14,126,4445000,91,16,46,72,80,2173,70,20000,111,35000,58,108000,79,425000000,47,2000,117,163610,88,1148,64,1495,106,0,140
Belgium,11977634,78,4910830,85,3880753,79,119776,89,25000,96,6400,86,0,122,108,69,43,39,0,73,7,73,38,51,0,86,0,41,20,97,0,83,0,114,4606,69,0,99,0,114,0,101,9,98,0,17,0,18,0,46,0,20,2,41,0,50,2,105,5,24,10200000000,31,1449264300000,15,751592000000,36,40813000000,49,49,84,5432000,77,7,65,198,51,3602,55,118414,42,11000,74,585000,31,0,98,4869000,49,30528,130,67,107,1297,108,2043,43
Jordan,11174024,79,3463947,97,2983464,94,145262,83,100500,52,65000,52,35000,51,274,36,44,38,6,57,13,52,66,42,13,28,0,79,155,27,44,15,1458,12,16624,32,358,16,80,69,56,42,27,73,0,55,0,55,0,72,0,57,0,79,0,79,27,44,0,83,2500000000,65,25646500000,84,106806000000,92,15715600000,66,17,125,3063000,102,1,109,34,96,509,109,7203,135,20,106,97000,82,1000000,93,479000,86,89342,106,26,111,1744,94,0,117
Cuba,10966038,80,5921661,75,4737328,68,142558,84,45500,75,40000,62,1145000,3,31,107,11,73,0,85,4,95,3,109,0,96,0,56,13,109,4,64,113,66,6864,56,60,44,130,55,15,80,19,85,0,30,0,30,0,55,0,33,1,48,1,41,6,90,4,30,4508784000,54,33066000000,75,141400000000,84,10442000000,76,123,40,5317000,78,34,27,65,82,8367,25,60000,75,34000,59,165000,61,124000000,63,2000,116,110860,100,3735,28,29,135,240,95
Czechia,10837890,81,5093808,81,4129236,71,97541,99,28000,92,4200,89,0,130,99,72,12,70,16,38,10,64,17,77,2,61,0,57,42,69,4,65,43,92,6340,60,50,47,0,119,16,78,0,127,0,127,0,127,0,127,0,127,0,127,0,127,0,127,0,127,6750000000,43,211200000000,37,519007000000,48,148379000000,21,243,27,5502000,75,0,122,0,132,9548,23,55744,81,4000,89,211000,53,15000000,82,40239000,16,78867,110,0,124,2046,85,664,78
Dominican Republic,10815857,82,4975294,83,4034315,76,97343,101,50000,73,0,108,30000,53,79,80,0,105,8,52,11,60,17,78,1,70,0,60,50,63,0,99,5,109,540,128,0,108,11,104,0,109,34,63,0,33,0,33,0,58,0,36,0,64,0,62,14,68,0,69,810800000,93,27500000000,78,261616000000,65,15547000000,67,32,108,5302000,79,17,43,40,92,496,110,19705,112,0,117,134000,70,0,105,2188000,64,48320,122,1288,62,376,130,0,111
Azerbaijan,10650239,83,5218617,80,3908638,78,159754,78,126400,42,300000,23,15000,66,154,56,12,69,18,36,3,107,35,54,0,83,0,37,86,43,16,34,497,27,7642,51,198,21,650,15,268,16,38,60,0,14,0,15,4,23,0,17,0,55,0,49,17,63,4,29,5000000000,49,16159500000,92,215896000000,73,13749000000,70,32,109,5473000,76,0,114,312,45,2944,60,24981,102,618000,27,105000,80,7000000000,19,60000,103,86600,107,713,73,2468,74,0,105
Portugal,10639726,84,5319863,79,4096295,73,127677,87,24000,100,211700,27,24700,58,115,67,28,52,0,122,19,40,23,70,14,26,3,24,31,81,0,132,34,96,10828,40,24,73,115,58,0,135,194,15,0,87,0,87,2,39,0,88,5,34,2,40,20,58,0,103,4627000000,52,399395000000,27,529901000000,47,53710000000,42,136,37,5140900,81,18,41,996,19,3622,54,136635,40,12932,72,191000,57,22440000,79,0,136,92090,105,1793,52,1224,110,764,76
Sweden,10589835,85,4235934,88,3558185,87,105898,94,24400,99,32900,67,25000,56,169,51,71,29,0,135,6,83,33,60,5,44,1,30,53,62,0,139,110,67,6795,57,26,68,0,142,0,141,308,5,0,103,0,104,4,30,0,104,0,107,7,16,179,3,8,15,13000000000,28,1002448700000,18,676353000000,41,60863000000,40,203,29,5825000,73,92,8,361,43,10910,21,573134,14,11000,77,283000,45,0,140,3396000,53,450295,55,3218,31,2211,82,2052,42
Greece,10461091,86,4916713,84,3985676,77,104611,95,142700,40,221350,26,55000,34,558,19,178,16,0,94,15,46,81,32,8,37,0,71,293,14,29,26,1344,14,61888,9,589,11,698,13,152,28,192,16,0,44,0,43,10,10,0,47,13,7,0,71,39,32,7,18,6500000000,44,550000000000,23,375780000000,54,13608000000,72,81,65,4645000,88,57,15,1215,16,2345,67,117000,43,5000,87,303000,42,10000000,88,13988000,29,131957,92,13676,11,1110,113,6,102
Tajikistan,10394063,87,4781269,86,3773045,82,176699,77,9500,126,600000,11,20000,62,25,111,0,143,0,138,1,126,4,108,0,138,0,134,20,99,6,58,38,94,1240,106,3,94,13,101,20,75,0,142,0,142,0,142,0,142,0,142,0,142,0,142,0,142,0,142,446000000,108,7150000000,112,46467000000,125,2748900000,116,19,119,2677000,109,0,140,0,142,680,101,30000,97,300,102,28000,118,12000000,87,2245000,62,144100,91,0,142,4130,51,200,96
United Arab Emirates,10032213,88,5818684,76,4945881,67,80258,105,65000,64,130000,38,12000,77,551,21,99,24,16,39,37,26,147,17,27,13,4,21,247,19,30,24,354,33,8707,46,165,22,99,64,49,45,181,18,0,113,0,112,0,115,0,113,0,114,11,7,34,37,2,48,2212360382,70,264000000000,33,719733000000,38,189491000000,19,42,95,6668000,69,20,38,655,29,0,144,4080,140,4146000,8,939000,23,97800000000,7,3273000,56,83600,109,1318,61,1066,116,0,142
Hungary,9855745,89,4632200,87,3794462,81,118269,90,41600,79,20000,77,15000,68,69,83,12,71,0,95,3,110,12,87,0,105,0,74,44,68,8,51,209,54,7797,49,24,71,295,35,0,114,0,129,0,129,0,129,0,129,0,129,0,129,0,129,0,129,0,129,4576000000,53,137500000000,43,388906000000,53,45719000000,47,109,47,5006000,82,0,124,1,122,7687,27,203601,27,36000,57,175000,59,12100000,85,6180000,45,103000,102,0,126,2106,84,1622,49
Honduras,9529188,90,4192843,89,3144632,92,95292,102,52225,70,60000,53,23000,59,40,97,4,86,7,54,10,66,10,92,1,72,0,73,8,121,0,107,11,105,614,125,0,113,32,87,0,113,98,37,0,46,0,45,0,67,0,49,0,73,0,73,93,14,0,76,413635000,109,8805500000,107,68854000000,105,7543000000,85,129,39,4676000,87,8,60,489,36,699,98,14742,122,20,105,67000,91,0,110,190000,92,112090,97,832,71,1575,101,465,86
Belarus,9501451,91,5035769,82,3724569,83,104516,96,63000,65,145000,33,55000,33,185,49,36,47,50,13,4,93,27,66,0,85,0,40,68,52,29,25,507,26,6916,55,357,17,215,42,206,21,0,121,0,121,0,121,0,121,0,121,0,121,0,121,0,121,0,121,1077900000,87,44000000000,71,254407000000,68,8118000000,83,46,88,4956000,85,0,115,4,118,5528,33,86600,56,30000,60,131000,71,198000000,53,778000,79,207600,81,0,117,3599,56,2500,38
Israel,9402617,92,3949099,91,3281513,89,131637,85,170000,33,465000,16,35000,50,611,16,240,10,38,17,13,51,159,16,19,21,14,5,147,29,48,14,1300,15,35985,15,352,18,171,47,183,25,62,49,0,52,0,52,5,22,0,55,0,77,7,14,46,29,0,81,30500000000,17,148500000000,42,471030000000,51,204661000000,17,37,104,4554000,89,5,76,41,91,1497,83,20391,109,15000,66,230000,48,12730000,84,6476000,43,21937,135,273,98,1068,115,0,116
Sierra Leone,9121049,93,2006631,121,1203978,127,45605,127,13000,120,0,133,0,140,1,141,0,138,0,126,0,142,0,142,0,131,0,121,1,139,0,134,0,142,150,142,0,137,0,138,0,136,7,103,0,94,0,95,0,102,0,95,0,102,0,101,7,89,0,107,228600000,129,2687000000,135,14633000000,139,495699000,135,8,136,2913000,104,3,96,584,32,0,140,11701,129,0,138,9000,136,0,134,0,139,71740,113,402,88,1093,114,800,75
Austria,8967982,94,4035592,90,3632033,86,98648,98,16000,112,125600,39,0,121,85,76,15,64,0,70,11,59,18,76,0,82,0,36,41,70,0,81,56,79,7322,52,30,65,0,113,0,100,0,120,0,120,0,120,0,120,0,120,0,120,0,120,0,120,0,120,5475750000,47,630000000000,21,590354000000,43,31212000000,55,61,76,4825000,86,0,113,1,121,6123,31,137039,39,18000,65,245000,47,35200000,75,5026000,48,83871,108,0,116,2524,73,358,91
Switzerland,8860574,95,3898653,93,3163225,91,97466,100,101584,51,49715,59,5000,100,146,58,43,42,0,136,16,44,44,47,3,53,0,131,40,71,0,140,205,55,6996,54,133,28,0,143,0,142,0,141,0,141,0,141,0,141,0,141,0,141,0,141,0,141,0,141,25039000000,20,2200000000000,13,733779000000,37,863892000000,3,62,75,4991000,83,0,139,17,105,5296,35,71557,66,300,101,193000,56,0,141,161000,97,41277,126,0,141,1770,93,1292,58
Laos,7953556,96,3499565,96,2521277,99,159071,79,100000,53,30000,70,120000,19,33,106,0,117,0,103,2,120,8,100,0,111,0,84,23,89,0,111,160,61,4380,71,40,58,87,67,64,40,36,62,0,59,0,59,0,76,0,61,0,83,0,83,36,34,0,86,135000000,138,16500000000,91,64173000000,108,1770000000,122,18,123,3174000,98,0,128,1,123,422,117,39568,88,0,123,24000,121,0,115,13691000,30,236800,80,0,129,5274,32,4600,27
Paraguay,7522549,97,3535598,95,3001497,93,150451,80,15650,113,168500,30,15000,70,39,99,0,135,0,121,11,62,13,86,1,75,0,112,14,108,0,131,0,140,1108,110,0,134,25,94,0,133,72,41,0,83,0,83,0,94,0,84,0,97,0,97,63,18,0,100,17595000000,24,14370000000,93,108022000000,91,9886000000,78,83,61,3469000,93,1,110,108,67,30,126,78811,61,2000,93,57000,97,0,132,1000,118,406752,58,0,137,4655,39,3100,35
Libya,7361263,98,3827857,94,3290485,88,125141,88,32000,89,0,117,100000,24,143,59,10,78,1,67,6,82,38,52,0,115,0,88,16,104,4,66,43,93,1816,98,15,81,28,90,25,61,5,108,0,63,0,63,0,80,0,65,0,87,1,42,1,110,1,52,3060000000,60,3322000000,129,121951000000,89,92427000000,32,66,72,2398000,113,14,50,96,69,2000,74,37000,90,1245000,17,230000,49,48363000000,9,0,132,1759540,16,1770,53,4339,46,0,123
Bulgaria,6782659,99,3187850,100,2611324,97,61044,118,37000,85,3000,91,0,129,65,85,10,76,5,60,6,79,21,73,0,92,0,49,27,86,4,63,90,71,4914,68,48,50,24,95,24,65,36,61,0,23,0,23,0,51,0,26,4,36,3,30,0,112,10,13,1373232000,80,27138500000,80,214061000000,74,46334000000,46,111,46,3103000,99,2,100,78,75,4029,45,19512,113,4000,88,101000,81,15000000,81,35970000,20,110880,99,354,94,1806,92,470,85
Nicaragua,6676948,100,3271705,98,2777610,95,146893,81,45000,76,0,125,5500,91,17,123,0,130,0,118,5,89,1,116,0,125,0,104,11,115,0,127,89,74,1869,94,0,130,0,133,0,128,23,79,0,76,0,76,0,90,0,77,0,94,0,94,23,52,0,97,92000000,141,9053000000,105,51088000000,120,5447000000,95,39,100,3264000,96,5,80,5,117,0,136,23897,104,200,103,36000,110,0,128,0,135,130370,93,910,67,1253,109,2220,41
Serbia,6652212,101,3259584,99,2574406,98,79827,106,25000,94,2000,93,600000,5,110,68,11,75,17,37,3,113,33,59,0,130,0,120,46,65,4,68,262,46,3683,76,90,37,150,51,98,37,20,83,0,93,0,94,0,101,0,94,0,101,0,100,7,88,5,27,2287461000,68,35200000000,74,162213000000,78,27569000000,56,43,90,3333000,94,0,136,0,139,3333,57,44248,84,13000,71,82000,86,77500000,69,38297000,17,77474,111,0,138,2322,79,587,81
El Salvador,6628702,102,3181777,101,2512278,100,145831,82,25000,95,10000,83,15000,67,52,88,0,107,15,41,4,97,10,90,0,98,0,63,30,82,0,101,0,122,1844,96,0,109,76,70,0,110,14,92,0,36,0,35,0,59,0,39,0,65,0,63,10,78,0,71,334620000,120,14258000000,94,71957000000,103,3799434000,104,27,113,2870000,106,3,92,5,116,13,127,9012,132,3,107,58000,95,0,106,500,119,21041,136,307,96,590,124,422,89
Eritrea,6343956,103,2220385,113,1598677,115,76127,108,120000,44,130000,37,0,131,20,117,1,92,0,87,5,86,1,114,0,99,0,64,13,110,6,56,65,76,860,115,23,75,75,71,22,68,23,77,0,37,0,36,0,60,0,40,0,66,0,64,18,61,0,72,198000000,132,635504500,145,9702000000,142,225014976,139,10,134,1800000,120,2,102,9,112,306,119,16000,119,0,118,4000,140,0,107,0,127,117600,95,2234,47,1840,89,0,112
Kyrgyzstan,6172101,104,3147772,102,2487357,101,117270,91,23000,103,300000,24,55000,36,7,129,0,116,0,102,0,135,0,130,0,110,0,83,7,124,2,72,215,53,2686,89,30,67,169,48,21,70,0,131,0,131,0,131,0,131,0,131,0,131,0,131,0,131,0,131,221800000,130,6728500000,113,45461000000,126,3237000000,110,28,112,3069000,100,0,127,0,134,424,116,34000,92,6000,85,31000,114,40000000,74,3352000,55,199951,82,0,128,4573,41,576,83
Republic of the Congo,6097665,105,2256136,112,1353682,120,115856,92,8500,129,0,130,2500,108,13,125,2,88,0,123,4,103,0,141,0,129,0,117,7,127,1,78,30,99,644,123,2,95,38,85,30,54,4,110,0,89,0,89,0,97,0,90,0,99,0,98,0,115,0,105,306400000,123,5741000000,118,38163000000,130,715391000,131,56,80,2461000,112,5,81,11,111,510,108,23324,105,267000,33,12000,135,2885000000,28,0,138,342000,62,169,103,5008,36,1120,62
Singapore,6028459,106,3918498,92,2628408,96,66313,112,51000,71,252500,25,12000,75,230,42,100,23,0,127,9,69,36,53,9,35,11,6,70,50,18,32,170,60,8998,42,48,52,89,66,24,67,50,55,0,95,0,96,6,21,0,96,6,33,6,23,12,73,4,36,15000000000,26,1713410600000,14,754758000000,35,359835000000,10,9,135,3619000,92,5,82,3202,7,0,141,3500,142,0,139,1470000,15,0,135,784000,78,719,145,193,101,0,136,0,134
Denmark,5973136,107,2628180,107,2126436,105,77651,107,20000,107,12000,82,51000,40,117,66,31,49,4,62,4,96,41,48,3,50,0,59,34,74,0,98,44,89,3856,75,19,78,0,120,8,91,50,54,0,32,0,32,0,57,0,35,9,14,0,61,9,81,6,20,7225466250,40,555500000000,22,428385000000,52,109371000000,28,99,53,3180000,97,69,10,715,27,2682,62,74558,65,63000,52,152000,65,441000000,46,1788000,66,43094,124,7314,16,140,133,400,90
Turkmenistan,5744151,108,2768681,105,2245963,103,109139,93,36500,86,0,139,3500,105,91,75,24,59,27,27,5,92,9,97,0,140,0,138,26,88,10,46,654,21,5016,67,73,40,450,28,164,27,16,90,0,110,0,109,0,112,0,110,0,111,0,112,16,67,0,115,1078020000,86,2134500000,138,94790000000,95,23415400000,58,23,118,2163000,115,0,141,73,78,5113,36,58592,77,272000,32,152000,66,600000000,42,0,144,488100,53,1768,54,4158,50,1300,56
Central African Republic,5650957,109,2203873,116,1254512,125,101717,97,10000,124,0,106,1000,115,6,132,0,103,6,55,0,131,0,125,0,94,0,53,0,140,0,94,0,120,228,138,0,107,0,118,0,107,0,125,0,125,0,125,0,125,0,125,0,125,0,125,0,125,0,125,45990000,143,666293000,144,5849000000,144,374405000,137,43,91,2114000,116,0,120,0,130,0,132,24000,103,0,116,2000,145,0,104,0,125,622984,45,0,122,5920,26,2800,37
Finland,5626414,110,2306830,111,1912981,109,56264,120,24000,101,870000,9,53800,39,163,53,54,36,0,90,11,61,77,34,1,71,0,67,27,87,0,103,200,56,11704,37,107,31,667,14,76,39,264,9,0,39,0,38,0,62,0,42,0,68,0,66,8,84,18,5,6779661000,42,660000000000,20,321126000000,57,16929000000,64,98,54,2880000,105,37,23,282,46,5918,32,454000,17,8000,80,175000,58,0,109,4141000,51,338145,63,1250,63,2563,71,8000,20
Slovakia,5563649,111,2837461,104,2353424,102,61200,117,19500,108,0,134,0,141,41,95,2,89,0,128,7,78,9,96,1,77,0,122,22,92,0,135,45,88,3074,82,35,64,9,108,25,63,0,139,0,139,0,139,0,139,0,139,0,139,0,139,0,139,0,139,2656000000,64,127600000000,46,213053000000,75,11288000000,75,114,45,2823000,107,0,137,0,140,3627,53,56926,80,7000,83,94000,83,9000000,89,5794000,46,49035,121,0,139,1587,100,172,97
Norway,5509733,112,2203893,115,1807192,110,71627,110,23250,102,0,128,40000,48,97,73,0,133,32,23,4,102,23,68,5,43,0,109,33,77,0,128,44,90,6552,59,42,57,0,135,0,130,43,59,0,79,0,79,6,20,0,80,4,37,6,22,18,62,5,25,9710000000,32,716144000000,19,499528000000,50,80459000000,34,145,35,3009000,103,141,5,1720,14,3848,49,94902,52,2020000,12,229000,50,8122200000,17,1201000,72,323802,66,25148,7,2566,70,1577,53
Liberia,5437249,113,2392390,109,1913912,108,65247,113,1500,141,0,116,5500,89,0,144,0,120,0,105,0,138,0,132,0,114,0,87,0,143,0,114,0,130,300,136,0,118,0,130,0,120,4,109,0,62,0,62,0,79,0,64,0,86,0,86,4,97,0,88,364800000,117,830923000,143,8884000000,143,599660000,134,99,52,2499000,110,4,86,4821,5,429,114,10600,130,0,125,4000,141,0,118,0,131,111369,98,579,76,1667,96,0,122
Lebanon,5364482,114,2092148,118,1775644,113,69738,111,60000,66,35000,65,65000,31,80,79,0,119,9,50,0,137,9,95,0,113,0,86,68,53,0,113,116,65,4538,70,12,83,353,32,11,85,64,47,0,61,0,61,0,78,0,63,0,85,0,85,61,21,0,87,768250325,97,36928000000,73,65818000000,107,26498095000,57,8,137,1771000,122,5,79,51,89,401,118,21705,107,0,124,174000,60,0,117,207000,91,10400,142,225,99,484,126,0,121
Ireland,5233461,115,2407392,108,1999182,106,57568,119,7765,131,1700,94,0,137,22,115,0,113,0,97,4,98,8,99,2,63,0,77,8,122,0,109,0,127,1712,101,0,115,0,126,0,116,8,101,0,51,0,51,0,70,0,54,0,76,0,75,8,85,0,80,1500000000,76,3300000000000,9,608463000000,42,12905000000,73,100,51,2766000,108,21,34,94,71,1688,79,99830,48,600,98,156000,63,0,112,1322000,70,70273,114,1448,58,443,129,956,70
New Zealand,5161211,116,2219321,114,1775457,114,61935,116,8670,128,3250,90,300,118,48,90,0,129,0,117,8,72,13,85,6,41,0,103,21,96,0,126,0,137,2114,91,0,129,31,88,0,127,8,102,0,75,0,75,0,89,0,76,2,44,0,93,4,100,0,96,3030000000,61,209683100000,38,254770000000,67,15487000000,68,202,30,3068000,101,22,32,117,64,4128,42,94000,53,12000,73,154000,64,40993000,73,2441000,60,268838,74,15134,9,0,137,0,128
Georgia,4900961,117,2744538,106,2225036,104,93118,103,55000,69,152500,31,0,133,61,87,0,109,5,61,2,117,10,91,0,103,0,69,44,67,11,44,123,64,3392,79,67,42,121,57,42,47,19,86,0,41,0,40,0,64,0,44,0,70,0,69,31,41,4,32,495629055,105,13488000000,95,83656000000,99,5002000000,98,19,121,1853000,119,3,93,26,99,1363,85,20295,110,300,100,32000,113,35000000,76,516000,83,69700,115,310,95,1814,91,0,114
Panama,4470241,118,2011608,120,1206965,126,53643,123,0,144,0,129,80000,29,38,102,0,134,0,120,13,53,0,140,2,67,0,111,23,90,0,130,0,139,262,137,0,133,0,136,0,132,30,71,0,82,0,82,0,93,0,83,0,96,0,96,27,45,0,99,917202000,90,1115532300000,17,159867000000,79,6757000000,87,76,66,2096000,117,12,53,8174,3,77,123,11978,128,0,137,146000,68,0,131,837000,75,75420,112,2490,39,687,121,800,74
Mauritania,4328040,119,1687936,125,1181555,128,82233,104,31540,90,66000,51,5000,95,24,113,0,124,4,64,7,76,7,102,2,65,0,93,4,132,0,119,25,101,628,124,0,123,75,72,0,124,6,105,0,67,0,67,0,83,0,69,0,90,0,89,6,92,0,90,261250000,127,3661000000,127,30395000000,132,2629290500,118,25,117,1179000,130,2,104,11,110,728,97,12253,126,0,129,29000,115,20000000,80,0,134,1030700,28,754,72,5002,37,1086,64
Croatia,4150116,120,2033557,119,1564594,116,53952,122,14325,117,20100,76,2000,109,67,84,10,77,0,84,0,132,28,63,0,95,0,55,37,72,0,97,45,87,2848,86,25,70,42,84,42,46,30,69,0,29,0,29,0,54,0,32,0,62,0,59,10,77,1,50,1176000000,83,55000000000,58,159305000000,80,3176000000,111,40,97,1744000,123,16,44,384,41,2617,64,26958,99,11000,76,70000,89,71000000,70,702000,81,56594,119,5835,20,2237,80,4714,26
Oman,3901992,121,1482757,129,1291559,124,50726,124,42600,78,100000,43,10000,82,128,64,29,51,10,49,9,68,45,45,4,48,0,110,31,80,0,129,150,63,4084,73,24,72,140,53,0,131,22,80,0,80,0,80,0,92,0,81,0,95,5,26,12,72,0,98,8200000000,36,50897000000,61,185960000000,77,17455000000,63,36,105,2316000,114,7,68,57,87,0,138,60230,74,1056000,19,211000,54,5375000000,21,31000,107,309500,69,2092,48,1561,103,0,130
Bosnia and Herzegovina,3798671,122,2355176,110,1956316,107,49383,125,12770,121,6000,87,0,127,22,114,0,99,0,78,0,130,0,122,0,90,0,46,22,91,0,88,45,85,720,118,0,104,457,27,79,38,0,115,0,21,0,22,0,50,0,24,0,59,0,54,0,111,0,62,216400000,131,7760500000,109,63769000000,109,9205000000,80,13,128,1369000,128,1,108,0,127,965,90,22926,106,0,112,36000,107,0,100,14766000,28,51197,120,20,113,1543,105,990,67
Moldova,3599528,123,2159717,117,1792565,112,71991,109,8500,130,67000,50,2000,110,3,137,0,125,0,109,1,124,0,136,0,119,0,95,2,136,0,121,0,134,500,129,9,88,67,75,11,86,0,134,0,134,0,134,0,134,0,134,0,134,0,134,0,134,0,134,1710000000,73,4565500000,121,38969000000,129,5453000000,94,11,132,1464000,125,0,131,75,76,1171,88,9352,131,0,130,22000,122,0,122,120000,99,33851,129,0,132,1885,88,558,84
Uruguay,3425330,124,1575652,127,1322177,122,54805,121,25000,98,0,141,5000,101,43,94,0,144,6,59,6,85,12,89,5,45,2,27,12,113,0,143,31,97,3042,83,6,92,70,74,4,95,14,95,0,114,0,114,0,116,0,114,0,116,0,116,2,109,2,49,772400000,96,49500000000,63,105096000000,93,16257000000,65,64,74,1775000,121,8,64,58,86,1673,80,77732,63,400,99,52000,99,0,143,18000,112,176215,86,660,74,1591,99,1600,52
Mongolia,3281676,125,1870555,122,1552233,117,62352,114,35000,87,135000,36,50000,42,7,131,0,126,0,110,3,111,2,112,0,120,0,96,2,137,0,122,420,29,2560,90,0,124,500,23,130,30,0,135,0,135,0,135,0,135,0,135,0,135,0,135,0,135,0,135,165110000,135,19542500000,88,56264000000,115,4782000000,100,35,107,1403000,126,0,132,318,44,1815,78,113200,45,15000,67,36000,109,0,123,6393000,44,1564116,18,0,133,8082,10,580,82
Kuwait,3138355,126,1726095,123,1449920,118,37660,129,72000,59,24000,75,7500,85,128,63,43,41,0,101,2,119,13,84,0,109,3,23,67,54,16,35,367,31,5636,62,74,39,0,128,27,57,123,26,0,58,0,58,0,75,0,60,0,82,0,82,106,11,0,85,6950000000,41,55000000000,57,219060000000,72,52619000000,43,6,139,2463000,111,6,71,176,55,0,135,5749,137,2910000,10,372000,38,101500000000,6,145000,98,17818,138,499,82,475,127,0,120
Albania,3107100,127,1522479,128,1292554,123,62142,115,6600,135,2000,92,500,116,19,120,0,94,0,69,0,127,0,118,0,80,0,33,19,100,0,79,46,84,1796,99,0,97,50,81,135,29,19,84,0,9,0,11,0,43,0,14,0,52,0,46,19,59,0,55,558862420,101,7312000000,110,49592000000,122,6455000000,88,3,145,1388000,127,3,90,67,81,424,115,3945,141,1400,94,2600,144,150000000,56,389000,88,28748,132,362,93,691,120,41,100
Armenia,2976765,128,1666988,126,1366335,119,44651,128,57500,67,210000,28,5000,93,71,82,4,85,15,40,3,106,13,83,0,81,0,35,36,73,20,30,109,68,1306,104,145,26,148,52,100,36,0,119,0,119,0,119,0,119,0,119,0,119,0,119,0,119,0,119,1700000000,74,9014000000,106,57728000000,111,3607000000,106,11,131,1356000,129,0,112,0,125,686,100,7700,134,0,109,14000,132,0,97,23000,108,29743,131,0,115,1570,102,0,104
Namibia,2803660,129,616805,138,400923,139,30840,131,13000,119,0,123,5000,96,34,105,11,74,0,114,3,112,14,82,0,122,0,100,7,126,2,74,4,112,2094,92,0,127,25,93,25,62,15,91,0,73,0,73,0,88,0,74,0,93,2,38,12,71,0,95,370500000,116,8800000000,108,29944000000,133,2956000000,114,255,25,989000,133,2,105,15,106,2628,63,48875,82,0,133,25000,120,0,126,32000,106,824292,33,1572,56,4220,48,0,126
Lithuania,2628186,130,1708321,124,1332490,121,36795,130,23000,104,104000,42,14150,72,9,128,0,121,0,106,5,87,0,133,0,116,0,89,4,131,0,115,0,131,1263,105,21,76,54,77,0,121,14,93,0,64,0,64,0,81,0,66,0,88,0,87,7,87,4,33,2388900000,66,44000000000,70,132712000000,88,6168000000,89,65,73,1510000,124,2,103,59,85,1911,75,84166,59,4000,90,68000,90,12000000,86,263000,90,65300,117,90,106,1545,104,441,88
Qatar,2552088,131,638022,137,490001,137,12760,139,66550,63,15000,81,5500,92,251,39,102,22,6,58,12,57,51,44,0,128,0,116,80,47,24,28,99,70,5024,66,46,56,12,103,16,79,115,29,0,88,0,88,0,96,0,89,0,98,4,29,105,13,0,104,9432000000,34,187000000000,40,304973000000,60,51539000000,44,8,138,2035000,118,6,72,123,61,0,139,7039,136,1815000,14,297000,43,25244000,78,0,137,11586,140,563,77,87,134,0,132
Gabon,2455105,132,932940,133,532758,136,46647,126,4800,136,0,110,2500,107,24,112,6,82,0,92,3,109,0,126,0,102,0,68,15,106,0,104,0,124,424,134,0,110,0,123,14,82,5,107,0,40,0,39,0,63,0,43,0,69,0,68,4,96,0,73,274820000,126,6280000000,115,48201000000,123,1568196000,124,40,98,763000,137,9,59,87,73,649,104,14300,123,204000,34,16000,128,2000000000,36,0,128,267667,75,885,68,3261,59,1600,50
Botswana,2450668,133,1029281,130,617568,135,24507,133,21000,106,0,102,0,128,45,92,11,72,0,79,9,67,9,94,0,91,0,47,16,102,0,89,45,86,1224,107,12,82,36,86,20,71,0,123,0,123,0,123,0,123,0,123,0,123,0,123,0,123,0,123,465600000,106,1853500000,140,46742000000,124,4756000000,101,122,41,1170000,131,0,118,0,128,888,94,31747,93,0,113,21000,124,0,101,2291000,61,581730,48,0,120,4347,45,0,108
North Macedonia,2135622,134,948216,132,783773,131,27763,132,9000,127,60000,54,3500,104,20,118,0,132,0,119,0,141,10,93,0,127,0,108,10,120,4,67,20,102,1108,109,0,132,150,50,17,77,0,138,0,138,0,138,0,138,0,138,0,138,0,138,0,138,0,138,388421700,114,11000000000,102,42444000000,128,5015000000,97,13,129,801000,136,0,135,0,138,699,99,14182,124,0,136,22000,123,0,130,5776000,47,25713,133,0,136,838,118,0,129
Slovenia,2097893,135,1006989,131,826570,130,22867,134,7300,134,26000,74,5000,99,39,100,0,139,0,129,4,104,23,72,0,132,0,123,16,105,0,136,54,82,1428,103,0,138,18,97,0,137,2,114,0,96,0,97,0,103,0,97,0,103,0,102,2,108,0,108,886860000,91,55000000000,59,102036000000,94,2370000000,120,42,92,1055000,132,2,106,8,114,1207,87,38985,89,0,140,45000,103,0,136,2553000,59,20273,137,47,109,1211,111,710,77
Kosovo,1977093,136,917371,134,743387,132,17794,135,10000,125,5000,88,500,117,0,143,0,115,0,100,0,134,0,129,0,108,0,82,0,142,0,110,0,128,737,117,0,117,0,127,0,118,0,130,0,130,0,130,0,130,0,130,0,130,0,130,0,130,0,130,260715150,128,2750000000,134,23794000000,136,1245000000,127,4,141,500300,139,0,126,0,133,437,113,2012,145,0,122,15000,130,0,114,8927000,36,10887,141,0,127,714,119,0,119
Latvia,1801246,137,810561,136,648449,134,16211,137,17250,110,36000,63,12500,74,7,130,0,118,0,104,0,136,0,131,0,112,0,85,7,125,0,112,0,129,1848,95,47,54,0,129,0,119,18,87,0,60,0,60,0,77,0,62,0,84,0,84,11,75,6,21,1138000000,84,44180400000,69,71154000000,104,4957000000,99,56,79,978000,134,5,78,83,74,2216,69,70244,68,2000,92,35000,111,0,116,20000,111,64589,118,498,83,1370,107,300,93
Bahrain,1566888,138,846120,135,720768,133,17236,136,18400,109,110000,41,1500,112,132,62,24,58,0,71,3,108,40,49,0,84,0,38,80,46,34,21,150,62,2764,87,38,61,26,91,17,76,64,45,0,15,0,16,0,45,0,18,2,40,2,34,50,26,0,58,1597200000,75,49500000000,62,85491000000,98,5118000000,96,3,143,855000,135,4,83,184,54,0,129,4122,139,189000,35,72000,88,186500000,54,0,121,760,144,161,104,0,144,0,106
Estonia,1193791,139,584958,139,456028,138,13132,138,7700,132,78800,49,10000,81,5,134,0,108,0,88,2,116,3,110,0,100,0,65,3,133,0,102,0,123,1685,102,36,62,0,121,0,111,8,100,0,38,0,37,0,61,0,41,0,67,0,65,4,95,4,31,1463360000,77,26400000000,82,57377000000,112,2593000000,119,26,115,752000,138,20,36,72,79,1441,84,58412,78,24000,62,28000,117,0,108,3000,115,45228,123,3794,27,657,123,335,92
Bhutan,884546,140,203446,140,122067,140,4423,141,7500,133,0,101,0,125,2,139,0,97,0,76,0,129,0,121,0,88,0,44,2,135,0,86,0,117,84,145,0,102,0,116,0,104,0,122,0,122,0,122,0,122,0,122,0,122,0,122,0,122,0,122,14000000,145,2757000000,133,10981000000,141,976260000,128,4,142,430000,140,0,116,0,126,0,131,12205,127,0,111,3000,142,0,99,325000,89,38394,127,0,118,1136,112,0,107
Luxembourg,671254,141,154388,142,92633,141,3356,143,1000,142,0,118,0,138,1,140,0,122,0,107,1,123,0,134,0,117,0,90,0,144,0,116,0,132,182,139,0,119,0,131,0,122,0,132,0,132,0,132,0,132,0,132,0,132,0,132,0,132,0,132,726092925,98,4730000000000,6,88533000000,96,2977000000,113,3,144,352000,141,0,129,147,59,271,120,2875,144,0,126,51000,100,0,119,62000,102,2586,143,0,130,327,131,37,101
Suriname,646758,142,142287,144,84079,144,3234,144,2000,139,0,137,200,119,3,138,0,142,0,134,0,144,0,145,0,137,0,130,3,134,0,138,0,144,650,122,0,141,0,141,0,140,17,88,0,102,0,103,0,107,0,103,0,106,0,108,17,64,0,112,144000000,137,2200000000,137,11824000000,140,1346000000,126,55,81,250000,143,4,89,13,108,0,143,4304,138,14000,69,15000,131,89000000,67,0,143,163820,87,386,92,1907,87,1200,60
Montenegro,599849,143,143964,143,85179,143,3599,142,2350,138,0,121,5500,90,11,126,0,127,0,111,0,140,0,137,0,121,0,97,11,114,0,123,0,135,471,131,0,125,12,102,12,83,14,94,0,69,0,69,0,85,0,70,0,91,0,90,2,107,0,92,148100000,136,2958500000,132,17115000000,138,1574000000,123,5,140,286000,142,4,87,18,104,250,121,7762,133,0,131,8000,137,0,124,1517000,68,13812,139,294,97,680,122,0,124
Beliz,415789,144,158000,141,90226,142,8732,140,1650,140,850,95,0,123,3,136,0,95,0,74,1,122,0,119,1,69,0,42,1,138,0,84,0,115,130,143,0,100,0,115,0,102,8,99,0,18,0,19,0,47,0,21,0,56,0,51,8,83,0,59,29538000,144,1248000000,141,5257000000,145,473729000,136,27,114,190000,145,2,99,774,25,0,130,3281,143,800,95,5000,139,6700000,91,0,122,22966,134,386,91,542,125,825,73
Iceland,364036,145,83728,145,50237,145,1820,145,0,145,0,112,0,136,0,142,0,112,0,96,0,133,0,128,0,106,0,75,0,141,0,108,0,126,150,141,0,114,0,125,0,115,0,116,0,47,0,46,0,68,0,50,0,74,0,74,0,114,0,77,312400000,121,22000000000,86,26155000000,135,5809000000,90,83,60,239000,144,43,20,39,93,0,134,12898,125,0,120,18000,126,0,111,188000,93,100250,103,4970,22,0,143,0,115
