country,total_population,total_military_manpower,fit_for_service,population_reaching_military_age_annually,active_personnel,reserve_personnel,paramilitary,total_military_aircraft,fighter_aircraft,attack_aircraft,transport_aircraft,trainer_aircraft,special_mission_aircraft,tanker_aircraft,total_military_helicopters,attack_helicopters,tanks,armored_fighting_vehicles,self_propelled_artillery,towed_artillery,rocket_projectors,total_naval_fleet,total_naval_fleet_tonnage_mt,aircraft_carriers,helicopter_carriers,submarines,destroyers,frigates,corvettes,coastal_patrol_craft,mine_warfare_craft,defense_budget_usd,external_debt_usd,purchasing_power_parity_usd,foreign_exchange_and_gold_reserves_usd,total_serviceable_airports,labour_force,major_ports_and_terminals,total_merchant_marine_fleet,railway_coverage_km,roadway_coverage_km,oil_production_bbl,oil_consumption_bbl,proven_oil_reserves_bbl,natural_gas_production_cum,natural_gas_consumption_cum,proven_natural_gas_reserves_cum,coal_production_cum,coal_consumption_mt,proven_coal_reserves_cum,total_land_area_sq_km,coastline_coverage_km,border_coverage_km,waterway_coverage_km,iso_code,manpower_potential_rank,manpower_index,land_power_index,air_power_index,naval_power_index,economic_power_index,power_category,total_military_assets,assets_per_capita,budget_to_gdp_ratio,overall_power_rank,power_index_rank_gap
United States,341963408,150463900,124816644,4445524,1328000,799500,0,13043,1790,889,918,2647,647,605,5843,1002,4640,391963,671,1212,641,440,4168037,11,9,70,81,0,26,0,8,895000000000.0,22303500000000.0,24662000000000.0,773426000000.0,15873,170549000,666,3533,293564,6586610,20879000,20245000,38212000000.0,1029000000000.0,914301000000.0,13402000000000.0,548849000,476044000,248941000000.0,9833517,19924,12002,41009,USA,3,0.201624066,1.0,1.0,0.657923497,0.753466086,High Power,410086,0.0011992101798213451,0.03629064958235342,3.0,0.0
Russia,140820810,69002197,46189226,1267387,1320000,2000000,250000,4292,833,689,456,611,141,19,1651,557,5750,131527,5168,8505,3005,419,1260447,1,0,63,10,12,83,123,47,126000000000.0,317651000000.0,5816000000000.0,597217000000.0,904,72408000,67,2910,85494,1283387,10727000,3684000,80000000000.0,617830000000.0,472239000000.0,47805000000000.0,508190000,310958000,162166000000.0,17098242,37653,22407,102000,RUS,9,0.078586299,0.385600048,0.345247419,0.551912568,0.187000972,Low Power,141988,0.0010082884766818199,0.021664374140302613,11.0,-2.0
China,1415043270,764123366,626864169,19810606,2035000,510000,625000,3309,1212,371,289,402,112,10,913,281,6800,144017,3490,1000,2750,754,2857143,3,4,61,50,47,72,150,36,266850000000.0,1218460000000.0,31227000000000.0,3450000000000.0,531,779246000,66,8314,150000,5200000,4984000,15148000,26023000000.0,225341000000.0,366160000000.0,6654000000000.0,4827000000,5313000000,143197000000.0,9596960,14500,22457,27700,CHN,1,1.0,0.395879642,0.255606978,1.0,1.0,High Power,154880,0.00010945248338589675,0.008545489480257469,1.0,0.0
India,1409128296,662290299,522786598,23955181,1455550,1155000,2527000,2229,513,130,270,351,74,6,899,80,4201,148594,100,3975,264,293,593603,2,0,18,13,14,18,135,0,75000000000.0,371021000000.0,13104000000000.0,627793000000.0,311,593729000,56,1859,65554,6371847,795000,5049000,4605000000.0,33170000000.0,58867000000.0,1381000000000.0,985671000,1200000000,111052000000.0,3287263,7000,13888,14500,IND,2,0.834733384,0.393566608,0.164400142,0.371584699,0.395013947,Low Power,155317,0.00011022204325957273,0.005723443223443223,2.0,0.0
South Korea,52081799,26040900,21353538,416654,600000,3100000,120000,1592,315,98,41,318,36,4,807,111,2236,58880,3270,4400,426,227,344786,0,2,22,13,17,5,35,14,46300000000.0,503520000000.0,2615000000000.0,420930000000.0,89,29611000,15,2149,3979,100428,38000,2452000,0.0,55127000.0,59480000000.0,7079000000.0,15595000,136413000,326000000.0,99720,2413,237,1600,KOR,28,0.039728206,0.173234463,0.121253115,0.304918033,0.088054892,Low Power,62935,0.001208387598131931,0.017705544933078392,22.0,6.0
United Kingdom,68459055,31491165,25192932,753050,184860,924000,0,631,113,31,29,203,28,9,266,37,227,38200,71,126,29,109,394043,2,0,9,6,8,0,26,7,71500540000.0,9593750000000.0,3700000000000.0,177915000000.0,1043,35275000,185,868,16390,394428,753000,1397000,2500000000.0,37758000000.0,70141000000.0,180661000000.0,1891000,8568000,26000000.0,243610,12429,443,3200,GBR,21,0.041711579,0.096653744,0.04756141,0.146448087,0.112875526,Low Power,39167,0.0005721230011135854,0.01932447027027027,21.0,0.0
France,68374591,30084820,23794358,752121,200000,26000,150000,976,226,0,119,141,44,16,448,68,215,110932,96,0,9,129,428765,1,3,9,11,11,0,20,17,55000000000.0,6992100000000.0,3764000000000.0,240792000000.0,689,31825000,66,553,27860,1053215,80000,1554000,61719000.0,20132000.0,37001000000.0,7787000000.0,2419000,12985000,160000000.0,643801,4853,4072,8501,FRA,22,0.038086567,0.278586518,0.074332503,0.175956284,0.116034728,Low Power,112252,0.0016417209720493977,0.01461211477151966,23.0,-1.0
Japan,123201945,52976836,42874277,1108818,247150,56000,25000,1443,217,38,55,401,141,10,596,119,521,31964,149,480,54,159,769882,0,4,24,42,6,0,6,22,57000000000.0,4679700000000.0,5761000000000.0,1295000000000.0,279,69349000,163,5229,27311,1218772,8000,3289000,44115000.0,2220000000.0,92843000000.0,20898000000.0,29141000,216332000,350000000.0,377915,29751,0,1770,JPN,11,0.068525587,0.082908358,0.111213955,0.252459016,0.203423822,Low Power,34087,0.0002766758268304936,0.0098941156049297,12.0,-1.0
Turkiye,84119531,42985080,36087279,1430032,355200,378700,150000,1083,201,0,84,287,28,7,508,111,2238,61173,1038,1707,296,182,325729,0,1,13,0,17,9,41,11,47000000000.0,294441000000.0,2936000000000.0,140858000000.0,115,35071000,54,1170,11497,67333,83000,1077000,366000000.0,379701000.0,2887000000.0,3794000000.0,88746000,123976000,11525000000.0,783562,7200,2816,1200,UNK,18,0.058426027,0.166317916,0.08501246,0.231693989,0.089246371,Low Power,64676,0.0007688583047378141,0.01600817438692098,16.0,2.0
Italy,60964931,27434219,22191235,548684,165500,18500,105000,729,89,67,30,162,23,8,392,37,200,73480,64,108,21,196,359417,2,0,8,3,10,0,19,10,30890000000.0,2750000000000.0,3097000000000.0,247396000000.0,636,25669000,123,1276,18475,487700,116000,1246000,497934000.0,3117000000.0,68735000000.0,45750000000.0,1618000,13127000,609999000.0,301340,7600,1836,2400,ITA,24,0.035472601,0.184914909,0.054538982,0.239344262,0.096442758,Low Power,74605,0.0012237363148988063,0.00997416855020988,24.0,0.0
Brazil,220051512,112226271,88680759,3520824,360000,340000,200000,513,43,38,109,133,25,0,191,0,294,22464,109,412,38,64,135737,0,1,4,0,6,2,23,3,26157300000.0,432224000000.0,4016000000000.0,355021000000.0,4919,108695000,45,888,29850,2000000,4221000,3027000,12715000000.0,22670000000.0,31654000000.0,363985000000.0,15644000,32787000,6596000000.0,8515770,7491,16145,50000,BRA,7,0.141938912,0.058221796,0.036525454,0.080874317,0.125691418,Low Power,23335,0.0001060433522492679,0.006513271912350598,6.0,1.0
Pakistan,252363571,108516336,85803614,4794908,654000,550000,500000,1399,328,90,64,565,27,4,373,57,2627,17516,662,2629,600,121,111715,0,0,8,0,9,9,69,3,7640000000.0,92426000000.0,1347000000000.0,13730000000.0,116,80990000,3,60,11881,264175,101000,473000,540000000.0,36937000000.0,46448000000.0,592219000000.0,12712000,34027000,3064000000.0,796095,1046,7257,0,PAK,5,0.138168178,0.060018594,0.103666785,0.150819672,0.039000694,Low Power,21663,8.58404401006039e-05,0.005671863400148478,7.0,-2.0
Indonesia,281562465,137965608,114595923,4786562,400000,400000,250000,459,41,34,70,112,17,1,214,15,331,20440,153,396,63,331,304168,0,0,4,0,7,25,211,12,10600000000.0,440000000000.0,3906000000000.0,146359000000.0,513,140931000,123,11422,8159,496607,865000,1728000,2480000000.0,57410000000.0,36061000000.0,1408000000000.0,659357000,202283000,34869000000.0,1904569,54716,2958,21579,IDN,4,0.183274885,0.0533752,0.033748665,0.373770492,0.116125374,Low Power,21561,7.657625813156593e-05,0.002713773681515617,4.0,0.0
Germany,84119100,38694786,30955829,841191,181600,34000,0,584,129,63,50,35,26,3,309,54,296,83260,134,0,33,61,228552,0,0,6,0,11,5,0,12,50000000000.0,6238610000000.0,5230000000000.0,322700000000.0,838,44784000,35,595,39379,830000,131000,2052000,115200000.0,4824000000.0,77516000000.0,23390000000.0,138981000,186725000,35900000000.0,357022,2389,3694,7300,DEU,19,0.049449035,0.209598966,0.045425418,0.085245902,0.160195929,Low Power,84201,0.0010009736195465714,0.009560229445506692,19.0,0.0
Israel,9402617,3949099,3281513,131637,170000,465000,35000,611,240,38,13,159,19,14,147,48,1300,35985,352,171,183,62,38238,0,0,5,0,0,7,46,0,30500000000.0,148500000000.0,471030000000.0,204661000000.0,37,4554000,5,41,1497,20391,15000,230000,12730000.0,22886000000.0,11510000000.0,176018000000.0,0,6476000,0.0,21937,273,1068,0,ISR,92,0.006143197,0.094994775,0.046920612,0.073224044,0.020047768,Low Power,37958,0.004036961199206561,0.06475171432817442,81.0,11.0
Iran,88386937,49496685,41541860,1414191,610000,350000,220000,551,188,21,87,103,10,6,128,13,1713,65825,392,2070,1517,107,223395,0,0,25,0,7,3,21,1,15450000000.0,4134926000.0,1440000000000.0,120600000000.0,173,29159000,18,965,8484,223485,3985000,2136000,208600000000.0,263280000000.0,244890000000.0,33987000000000.0,2791000,3531000,1203000000.0,1648195,2440,5894,850,IRN,17,0.067452166,0.179010783,0.040156639,0.151912568,0.044944922,Low Power,68196,0.0007715619786665986,0.010729166666666666,14.0,3.0
Spain,47280433,21748999,17635602,330963,133282,15150,78470,461,137,12,51,140,8,0,153,17,317,17626,95,287,0,152,215346,1,0,2,0,11,0,22,6,23397000000.0,2572740000000.0,2242000000000.0,103089000000.0,363,24108000,52,503,15489,683175,47000,1269000,150000000.0,41009000.0,32833000000.0,2549000000.0,1293000,8255000,1187000000.0,505370,4964,1953,1000,ESP,32,0.028177557,0.045711866,0.034033464,0.181420765,0.067626071,Low Power,18556,0.00039246679487897244,0.010435771632471008,28.0,4.0
Australia,26768598,11242811,9208398,294455,57350,32050,0,327,24,62,38,98,30,6,69,22,59,15648,0,48,0,44,185648,0,2,6,3,7,0,10,3,55700000000.0,3427500000000.0,1584000000000.0,61703000000.0,2180,14501000,66,604,36064,873573,386000,1123000,2446000000.0,153783000000.0,50188000000.0,3228000000000.0,465865000,107624000,150227000000.0,7741220,25760,0,2000,AUS,54,0.01469362,0.039271457,0.024848701,0.06557377,0.048532783,Low Power,16078,0.000600629140158928,0.03516414141414141,47.0,7.0
Egypt,111247248,45611372,38269053,1668709,440000,480000,300000,1093,238,90,61,345,11,0,348,100,3620,41012,1056,962,528,150,235989,0,2,8,0,13,7,62,17,5879500000.0,103750000000.0,1912000000000.0,33070000000.0,73,33431000,31,441,5085,65050,667000,851000,3300000000.0,64817000000.0,60089000000.0,1784000000000.0,289000,3083000,182000000.0,1001450,2450,2612,3500,EGY,15,0.062188386,0.118017357,0.08494126,0.186885246,0.055675317,Low Power,45875,0.00041236975138477135,0.00307505230125523,15.0,0.0
Ukraine,35661826,18187531,12731272,392280,900000,1200000,100000,324,70,36,24,73,3,0,136,39,1114,18920,658,615,279,89,28138,0,0,0,0,0,0,33,3,53700000000.0,132000000000.0,559981000000.0,40510000000.0,148,20312000,26,410,21733,169694,3000,248000,395000000.0,18725000000.0,22856000000.0,1104000000000.0,4248000,10953000,34375000000.0,603550,2782,5581,1672,UKR,43,0.023485859,0.053883917,0.025845497,0.09726776,0.018559421,Low Power,20447,0.0005733581897909546,0.09589611076090082,36.0,7.0
Poland,38746310,18985692,15576017,464956,202100,350000,50000,479,59,44,49,105,11,0,216,29,614,23138,677,0,196,62,0,0,0,1,0,2,2,3,26,48700000000.0,386947000000.0,1616000000000.0,193783000000.0,288,18387000,10,152,19461,420000,24000,722000,113000000.0,5551000000.0,20056000000.0,91492000000.0,116682000,123782000,28531000000.0,312685,440,2845,3997,POL,38,0.02554644,0.061499638,0.036169455,0.071038251,0.053028736,Low Power,24293,0.0006269758333116108,0.030136138613861385,32.0,6.0
Taiwan,23595274,12269542,1061787,306739,215000,2310000,55000,761,285,0,19,232,18,0,236,91,888,19921,488,1360,234,97,250414,0,0,4,4,22,7,37,14,19740000000.0,209000000000.0,1257300000000.0,492635000000.0,53,11498000,8,465,1613,43206,800,1022000,2380000.0,63747000.0,21157000000.0,6230000000.0,5608000,66855000,1000000.0,35980,1566,0,0,TWN,58,0.005619289,0.057154242,0.060662157,0.138797814,0.050486868,Low Power,21667,0.0009182771092211093,0.015700310188499166,89.0,-31.0
Vietnam,105758975,54994667,45053323,1797903,600000,5000000,250000,246,41,32,9,60,3,0,101,0,1374,11912,40,535,474,110,107813,0,0,9,0,9,16,35,8,8594000000.0,110000000000.0,1354000000000.0,97955500000.0,42,56149000,16,1973,2600,195468,187000,494000,4400000000.0,7676000000.0,7676000000.0,699426000000.0,43614000,83116000,3360000000.0,331210,3444,4616,47130,VNM,16,0.080404175,0.035712943,0.01751513,0.13989071,0.041639061,Low Power,13642,0.0001289914165677192,0.00634711964549483,9.0,7.0
Saudi Arabia,36544431,19003104,17468238,621255,257000,0,150000,917,283,81,49,202,16,22,264,34,840,19040,332,467,321,32,49727,0,0,0,0,7,9,9,3,74760000000.0,225610000000.0,1831000000000.0,457949000000.0,86,16934000,16,433,5410,221372,11113000,3649000,258600000000.0,121870000000.0,121870000000.0,9423000000000.0,0,164000,0.0,2149690,2640,4272,0,SAU,41,0.028084135,0.052415404,0.067710929,0.042622951,0.067489343,Low Power,20829,0.0005699637244317746,0.04083014746040415,29.0,12.0
Thailand,69920998,36358919,27968399,1118736,360850,200000,25000,493,72,20,54,135,26,0,258,7,635,16935,50,589,26,293,130988,0,1,0,0,7,6,49,5,5887883500.0,102694000000.0,1516000000000.0,224470000000.0,108,40814000,21,884,4127,180053,386000,1248000,252750000.0,30797000000.0,48898000000.0,138243000000.0,13642000,36030000,1063000000.0,513120,3219,5673,4000,THA,20,0.045250827,0.045486326,0.035599858,0.327868852,0.049819484,Low Power,18356,0.0002625248569821615,0.003883828166226913,20.0,0.0
Algeria,47022473,22570787,19185169,752360,325000,135000,150000,608,102,42,63,87,10,5,299,74,1485,26000,224,483,266,110,82880,0,0,6,0,8,8,75,2,25000000000.0,3335624000.0,699947000000.0,81217000000.0,85,13425000,17,119,4020,104000,1443000,428000,12200000000.0,100726000000.0,47963000000.0,4504000000000.0,0,167000,233000000.0,2381740,998,6734,0,DZA,33,0.031134748,0.071105119,0.048558206,0.135519126,0.022909201,Low Power,28203,0.0005997770470302572,0.03571699000067148,26.0,7.0
Sweden,10589835,4235934,3558185,105898,24400,32900,25000,169,71,0,6,33,5,1,53,0,110,6795,26,0,0,308,31673,0,0,4,0,0,7,179,8,13000000000.0,1002450000000.0,676353000000.0,60863000000.0,203,5825000,92,361,10910,573134,11000,283000,0.0,0.0,889924000.0,0.0,1115000,3396000,5000000.0,450295,3218,2211,2052,SWE,85,0.005664888,0.017158552,0.012032752,0.340983607,0.021307855,Low Power,7382,0.0006970835711793432,0.019220732369043977,88.0,-3.0
Canada,38794813,16681770,13500595,426743,68000,27000,5500,351,66,0,28,95,33,6,145,0,74,21704,0,0,0,73,119637,0,0,4,0,12,0,24,0,41000000000.0,2337380000000.0,2238000000000.0,117551000000.0,1425,22110000,284,716,4942,1042300,5692000,2454000,170300000000.0,187686000000.0,130316000000.0,2067130000000.0,43024000,17138000,6582000000.0,9984670,202080,8893,636,CAN,37,0.021522469,0.054365068,0.0249911,0.09726776,0.068429349,Low Power,22202,0.0005722930021598506,0.01831992850759607,40.0,-3.0
Singapore,6028459,3918498,2628408,66313,51000,252500,12000,230,100,0,9,36,9,11,70,18,170,8998,48,89,24,50,81340,0,0,6,0,6,6,12,4,15000000000.0,1713410000000.0,754758000000.0,359835000000.0,9,3619000,5,3202,0,3500,0,1470000,0.0,0.0,13724000000.0,0.0,0,784000,0.0,719,193,0,0,SGP,106,0.00457874,0.023167929,0.017657529,0.067759563,0.032166405,Low Power,9448,0.0015672330192508567,0.01987391985245602,96.0,10.0
Greece,10461091,4916713,3985676,104611,142700,221350,55000,558,178,0,15,81,8,0,293,29,1344,61888,589,698,152,192,216348,0,0,10,0,13,0,39,7,6500000000.0,550000000000.0,375780000000.0,13608000000.0,81,4645000,57,1215,2345,117000,5000,303000,10000000.0,3284000.0,5173000000.0,991090000.0,13703000,13988000,2876000000.0,131957,13676,1110,6,GRC,86,0.006831537,0.161854737,0.041794233,0.234972678,0.011166258,Low Power,63982,0.00611618807254425,0.01729735483527596,70.0,16.0
Nigeria,236747130,125475979,90437404,4261448,230000,0,50000,163,14,24,23,28,11,0,66,15,330,8962,40,339,37,133,0,0,0,0,0,1,0,109,2,3160000000.0,32455500000.0,1275000000000.0,41349000000.0,47,75721000,28,928,3798,195000,1541000,515000,36890000000.0,39951000000.0,20719000000.0,5761000000000.0,3043000,3044000,2144000000.0,923768,853,4477,8600,NGA,6,0.143983286,0.024117702,0.012673549,0.146448087,0.037602191,Low Power,9588,4.0498906998365726e-05,0.0024784313725490195,5.0,1.0
Mexico,130739927,61447766,49811912,2222579,412000,98655,120000,433,3,33,41,176,25,0,178,0,0,19658,20,70,0,167,0,0,0,0,5,1,3,140,0,7600000000.0,371359000000.0,2873000000000.0,214317000000.0,1485,60042000,35,674,23389,704884,2101000,1737000,5786000000.0,31422000000.0,90566000000.0,180322000000.0,7453000,18423000,1211000000.0,1964375,9330,4389,2900,MEX,10,0.079878631,0.049277897,0.030829477,0.189071038,0.08841802,Low Power,20258,0.0001549488397679769,0.002645318482422555,10.0,0.0
Argentina,46994384,20677529,17575900,704916,108000,0,20000,239,23,11,52,71,13,2,94,0,342,21724,55,172,26,44,122128,0,0,2,3,0,6,13,0,928897000.0,178940000000.0,1235000000000.0,23081000000.0,756,21906000,37,201,17866,281290,807000,706000,2483000000.0,43280000000.0,46228000000.0,396464000000.0,1318000,3391000,799999000.0,2780400,4989,11968,11000,ARG,34,0.028018452,0.055720812,0.017016732,0.053551913,0.035870582,Low Power,22349,0.00047556746355053827,0.0007521433198380567,30.0,4.0
North Korea,26298666,9467520,5312331,420779,1320000,560000,100000,861,368,114,1,173,0,0,205,20,4344,18288,1300,700,1500,207,143304,0,0,13,0,2,4,155,1,4736000000.0,5500000000.0,72000000000.0,5500000000.0,83,15837000,10,264,7435,25554,0,17000,0.0,0.0,0.0,0.0,21747000,21747000,10600000000.0,120538,2495,1607,2250,PRK,56,0.011348205,0.065276173,0.062726949,0.242622951,0.002188893,Low Power,23700,0.0009011863947775906,0.06577777777777778,56.0,0.0
Bangladesh,168697184,82661620,66129296,3205246,163000,0,6800000,214,42,0,17,86,4,0,65,0,320,11584,56,546,110,118,75280,0,0,2,0,7,6,61,5,4374000000.0,51965000000.0,1413000000000.0,21860000000.0,17,74914000,2,558,2460,369105,13000,160000,28000000.0,24620000000.0,30384000000.0,126293000000.0,754000,7514000,3260000000.0,148460,580,4413,8370,BGD,8,0.105253228,0.031405137,0.015236739,0.138797814,0.041028967,Low Power,12236,7.253233106724532e-05,0.0030955414012738855,8.0,0.0
Netherlands,17772378,7997570,6486918,195496,41380,6765,5000,120,32,0,4,21,0,0,63,12,18,2755,46,0,2,64,124962,0,0,3,0,6,0,4,4,27000000000.0,4779950000000.0,1240000000000.0,69830000000.0,45,9999000,18,1187,3055,139124,70000,872000,137747000.0,17774000000.0,33243000000.0,132608000000.0,1825000,10610000,3247000000.0,41543,451,1053,6237,NLD,70,0.010303859,0.00685891,0.009398362,0.079781421,0.038097954,Low Power,2957,0.00016638178638784298,0.021774193548387097,60.0,10.0
Myanmar,57527139,30489384,21975367,1035489,150000,20000,55000,317,58,26,30,119,5,0,83,9,445,5980,95,210,180,232,89240,0,0,3,0,6,3,146,2,2948000000.0,7253400000.0,290507000000.0,8590400000.0,73,22884000,7,101,5031,157000,7000,148000,139000000.0,16780000000.0,3788000000.0,637129000000.0,1268000,1453000,252000000.0,676578,1930,6522,12800,MMR,27,0.035107359,0.017105926,0.023211107,0.263387978,0.00848029,Low Power,6974,0.000121229738193655,0.010147776129318742,25.0,2.0
Norway,5509733,2203893,1807192,71627,23250,0,40000,97,0,32,4,23,5,0,33,0,44,6552,42,0,0,43,65692,0,0,6,0,4,6,18,5,9710000000.0,716144000000.0,499528000000.0,80459000000.0,145,3009000,141,1720,3848,94902,2020000,229000,8122200000.0,123727000000.0,4548000000.0,1544460000000.0,117000,1201000,2000000.0,323802,25148,2566,1577,NOR,112,0.002828601,0.016424295,0.006906372,0.057923497,0.016713471,Low Power,6736,0.0012225637794063705,0.01943834980221329,114.0,-2.0
Portugal,10639726,5319863,4096295,127677,24000,211700,24700,115,28,0,19,23,14,3,31,0,34,10828,24,115,0,194,38657,0,0,2,0,5,2,20,0,4627000000.0,399395000000.0,529901000000.0,53710000000.0,136,5140900,18,996,3622,136635,12932,191000,22440000.0,0.0,4500000000.0,72000000000.0,0,0,40000000.0,92090,1793,1224,764,PRT,84,0.006803364,0.027357954,0.008187967,0.219672131,0.016671711,Low Power,11171,0.0010499330527872616,0.008731819717267943,72.0,12.0
South Africa,60442647,27803618,14989776,1027525,71235,29350,50000,182,2,0,12,81,0,0,87,10,252,18692,49,134,101,49,40186,0,0,3,0,4,0,33,2,2266800000.0,58773000000.0,862981000000.0,62492000000.0,575,25158000,8,110,20986,750000,95000,601000,15000000.0,59128000.0,4487000000.0,0.0,245467000,176148000,9893000000.0,1219090,2798,5244,0,ZAF,25,0.02389753,0.04797478,0.013670345,0.061202186,0.026388951,Low Power,19175,0.00031724288977615425,0.0026267090468967452,35.0,-10.0
Philippines,118277063,50859137,41751803,2128987,150000,1200000,35000,202,0,25,26,23,8,0,122,2,10,11878,12,294,0,113,76313,0,0,0,0,2,1,58,0,4380000000.0,90200000000.0,1138000000000.0,103742000000.0,246,49477000,70,2203,77,216387,10000,453000,138500000.0,2251000000.0,2251000000.0,98543000000.0,14483000,37130000,361000000.0,300000,36289,0,3219,PHL,13,0.068405426,0.030347607,0.014524742,0.12568306,0.035501704,Low Power,12203,0.0001031730048961395,0.0038488576449912126,13.0,0.0
Malaysia,34564810,16245461,13480276,553037,113000,51600,100000,135,26,12,16,31,6,4,45,0,48,13506,0,196,36,100,67735,0,0,2,0,2,6,71,4,4800000000.0,247500000000.0,1152000000000.0,113438000000.0,102,17308000,35,1750,1851,144403,582000,717000,3600000000.0,75456000000.0,42499000000.0,1189000000000.0,3731000,35050000,226000000.0,329847,4675,2742,7200,MYS,45,0.021600772,0.034337152,0.009611962,0.113661202,0.036191954,Low Power,13789,0.0003989317458999485,0.004166666666666667,39.0,6.0
Iraq,42083436,17675043,14308368,715418,193000,0,100000,391,26,36,15,139,17,0,197,39,1025,37288,434,610,572,68,0,0,0,0,0,0,2,26,0,7923000000.0,45032500000.0,572939000000.0,112233000000.0,71,11812000,6,74,2272,59623,4437000,918000,145019000000.0,9860000000.0,19298000000.0,3729000000000.0,0,0,0.0,438317,58,3809,5279,IRQ,35,0.022961668,0.099851394,0.030615878,0.07431694,0.019672934,Low Power,38772,0.0009213126038472714,0.013828697295872685,37.0,-2.0
Switzerland,8860574,3898653,3163225,97466,101584,49715,5000,146,43,0,16,44,3,0,40,0,205,6996,133,0,0,0,0,0,0,0,0,0,0,0,0,25039000000.0,2200000000000.0,733779000000.0,863892000000.0,62,4991000,0,17,5296,71557,300,193000,0.0,0.0,3138000000.0,0.0,0,161000,0.0,41277,0,1770,1292,CHE,95,0.005186686,0.018168468,0.010395158,0.0,0.046280428,Low Power,7347,0.0008291787868370604,0.03412335321670421,91.0,4.0
Denmark,5973136,2628180,2126436,77651,20000,12000,51000,117,31,4,4,41,3,0,34,0,44,3856,19,0,8,50,121180,0,0,0,0,9,0,9,6,7225466250.0,555500000000.0,428385000000.0,109371000000.0,99,3180000,69,715,2682,74558,63000,152000,441000000.0,1879000000.0,2208000000.0,29534000000.0,0,1788000,0.0,43094,7314,140,400,DNK,107,0.003349756,0.009630541,0.008330367,0.064480874,0.01543362,Low Power,4067,0.0006808818684188675,0.016866758289856086,107.0,0.0
Colombia,49588357,24298295,19190694,843002,293200,35000,150000,436,16,24,86,72,23,1,257,0,0,3460,6,110,0,233,31090,0,0,4,0,7,2,217,0,10541500000.0,116780000000.0,978024000000.0,59041000000.0,662,26003000,14,153,2141,205379,800000,320000,2036000000.0,11290000000.0,11451000000.0,87782000000.0,58747000,7880000,4554000000.0,1138910,3208,6672,24725,COL,30,0.030934108,0.008750937,0.031043076,0.266666667,0.029819782,Low Power,4129,8.326551331394182e-05,0.01077836535708735,27.0,3.0
Chile,18664652,8959033,7521855,298634,80000,40000,50000,277,45,0,32,92,21,5,87,0,386,8832,48,249,8,130,176065,0,0,4,0,8,0,40,0,5032500000.0,214500000000.0,579201000000.0,46377000000.0,374,9848000,39,249,7282,77801,11000,405000,150000000.0,1200000000.0,6916000000.0,97976000000.0,499000,8637000,1181000000.0,756102,6435,7801,12290,CHL,66,0.012062462,0.023654092,0.019722321,0.155191257,0.017884499,Low Power,9625,0.0005156806566765885,0.008688693562338463,55.0,11.0
Finland,5626414,2306830,1912981,56264,24000,870000,53800,163,54,0,11,77,1,0,27,0,200,11704,107,667,76,264,19434,0,0,0,0,0,0,8,18,6779661000.0,660000000000.0,321126000000.0,16929000000.0,98,2880000,37,282,5918,454000,8000,175000,0.0,0.0,1157000000.0,0.0,808000,4141000,0.0,338145,1250,2563,8000,FIN,110,0.004380241,0.031750964,0.011605554,0.28852459,0.009705007,Low Power,12331,0.002191626851490132,0.021112152239307937,99.0,11.0
Peru,32600249,15648120,12681497,619405,120000,385000,60000,256,15,22,38,72,12,0,111,16,240,6560,12,290,49,71,170344,0,0,4,0,7,8,13,0,3420000000.0,59400000000.0,517644000000.0,71394000000.0,166,18529000,20,111,1855,18699,118000,210000,858890000.0,12270000000.0,7185000000.0,300159000000.0,153000,712000,1567000000.0,1285216,2414,7062,8808,PER,47,0.020872445,0.017709871,0.019366323,0.089617486,0.016792496,Low Power,7127,0.00021861796208979875,0.006606857222338132,42.0,5.0
Venezuela,31250306,15625153,12812625,625006,109000,8000,220000,229,30,0,49,75,3,1,88,10,172,8802,48,100,36,34,0,0,0,1,0,1,0,25,0,4093120000.0,110330000000.0,295975000000.0,10095500000.0,502,11548000,31,272,447,96189,761000,367000,303806000000.0,17696000000.0,17696000000.0,5674000000000.0,197000,82000,730999000.0,912050,2800,5267,7100,VEN,49,0.020464297,0.022739404,0.017016732,0.039344262,0.008712644,Low Power,9237,0.0002955811056698133,0.013829276121294028,43.0,6.0
Romania,18148155,9437041,7731114,199630,81300,55000,15000,140,21,0,14,44,2,0,65,0,328,10774,0,720,243,20,0,0,0,0,0,3,7,3,5,9700000000.0,132000000000.0,772107000000.0,73000000000.0,82,8282000,11,127,10628,84185,67000,221000,600000000.0,9501000000.0,10055000000.0,105480000000.0,18160000,19404000,291000000.0,238391,225,2844,1731,ROU,69,0.012420857,0.030024333,0.00996796,0.025136612,0.024301464,Low Power,11262,0.0006205589493808049,0.012563025591012645,53.0,16.0
Ethiopia,118550298,56904143,35327989,2726657,162000,0,0,103,25,0,8,34,0,0,33,7,338,7256,35,309,40,0,0,0,0,0,0,0,0,0,0,2097575000.0,25761000000.0,354604000000.0,3131288000.0,57,61664000,0,12,659,120171,0,110000,428000.0,0.0,0.0,24919000000.0,8000,660000,0.0,1104300,0,5925,0,ETH,12,0.056310875,0.019782329,0.007831969,0.0,0.010134286,Low Power,7697,6.492602827535701e-05,0.005915260403153941,17.0,-5.0
Czechia,10837890,5093808,4129236,97541,28000,4200,0,99,12,16,10,17,2,0,42,4,43,6340,50,0,16,0,0,0,0,0,0,0,0,0,0,6750000000.0,211200000000.0,519007000000.0,148379000000.0,243,5502000,0,0,9548,55744,4000,211000,15000000.0,224725000.0,7602000000.0,3964000000.0,37423000,40239000,3595000000.0,78867,0,2046,664,CZE,81,0.00653236,0.015950662,0.007333571,0.0,0.019130288,Low Power,6482,0.0005980868969882514,0.013005604934037499,76.0,5.0
United Arab Emirates,10032213,5818684,4945881,80258,65000,130000,12000,551,99,16,37,147,27,4,247,30,354,8707,165,99,49,181,44188,0,0,0,0,0,11,34,2,2212360382.0,264000000000.0,719733000000.0,189491000000.0,42,6668000,20,655,0,4080,4146000,939000,97800000000.0,56683000000.0,66091000000.0,6091000000.0,0,3273000,0.0,83600,1318,1066,0,ARE,88,0.008088618,0.023280699,0.041367035,0.197814208,0.025922313,Low Power,9793,0.0009761555102548162,0.0030738626435080785,67.0,21.0
Hungary,9855745,4632200,3794462,118269,41600,20000,15000,69,12,0,3,12,0,0,44,8,209,7797,24,295,0,0,0,0,0,0,0,0,0,0,0,4576000000.0,137500000000.0,388906000000.0,45719000000.0,109,5006000,0,1,7687,203601,36000,175000,12100000.0,1523000000.0,9485000000.0,3738000000.0,5450000,6180000,2909000000.0,103000,0,2106,1622,HUN,89,0.006047145,0.02065191,0.005482378,0.0,0.012405965,Low Power,8075,0.0008193190874966834,0.01176633942392249,84.0,5.0
Angola,37202061,7440412,3720206,372021,107000,0,10000,298,71,12,31,66,2,0,116,15,309,5500,25,575,113,31,0,0,0,0,0,0,0,29,0,1101360000.0,45774500000.0,265868000000.0,13942000000.0,106,15223000,21,64,2761,26000,1175000,127000,7783000000.0,5514000000.0,1397000000.0,343002000000.0,0,0,0.0,1246700,1600,5369,1300,AGO,40,0.006001296,0.0161336,0.022285511,0.033879781,0.00787539,Low Power,6138,0.00016499085897418427,0.004142506807889629,85.0,-45.0
Kazakhstan,20260006,9117003,6928922,283640,110000,135000,55000,198,63,25,19,26,0,0,65,12,350,7736,126,194,287,26,0,0,0,0,0,0,0,23,2,2048700000.0,91321500000.0,705520000000.0,35965000000.0,132,9587000,0,122,16636,96167,1955000,288000,30000000000.0,27011000000.0,22623000000.0,2407000000000.0,118195000,84852000,25605000000.0,2724900,26,13364,43983,KAZ,63,0.011318954,0.021574116,0.01495194,0.028415301,0.021116593,Low Power,8310,0.00041016769689011936,0.0029038156253543487,57.0,6.0
Uzbekistan,36520593,18990708,15959499,730412,48000,0,20000,192,58,13,13,7,0,0,101,34,340,2970,147,236,108,0,0,0,0,0,0,0,0,0,0,2803500000.0,19652500000.0,319174000000.0,34558000000.0,74,14270000,0,0,4642,86496,64000,91000,594000000.0,47500000000.0,43227000000.0,1841000000000.0,5356000,7396000,1375000000.0,447400,420,6893,1100,UZB,42,0.025354788,0.009314786,0.016091136,0.0,0.010039909,Low Power,3502,9.589110450643559e-05,0.008783610193812779,33.0,9.0
Morocco,37387585,17946041,15254135,635589,195800,150000,50000,260,83,0,31,75,4,2,78,0,903,7877,396,153,129,111,0,0,0,0,0,6,1,105,0,13400000000.0,45645000000.0,337480000000.0,36328000000.0,49,12284000,12,94,2067,57300,25,318000,684000.0,82595000.0,243201000.0,1444000000.0,0,11940000,96000000.0,715550,1835,2363,0,MAR,39,0.024707202,0.023491203,0.018511926,0.127868852,0.010917819,Low Power,9151,0.0002447603930556092,0.039706056655209196,34.0,5.0
Azerbaijan,10650239,5218617,3908638,159754,126400,300000,15000,154,12,18,3,35,0,0,86,16,497,7642,198,650,268,38,0,0,0,4,0,0,0,17,4,5000000000.0,16159500000.0,215896000000.0,13749000000.0,32,5473000,0,312,2944,24981,618000,105000,7000000000.0,34175000000.0,11759000000.0,1699000000000.0,0,60000,0.0,86600,713,2468,0,AZE,83,0.006808199,0.022982486,0.012103952,0.045901639,0.006551152,Low Power,8331,0.0007822359667233759,0.023159298921703042,71.0,12.0
Belgium,11977634,4910830,3880753,119776,25000,6400,0,108,43,0,7,38,0,0,20,0,0,4606,0,0,0,9,10190,0,0,0,0,2,0,2,5,10200000000.0,1449260000000.0,751592000000.0,40813000000.0,49,5432000,7,198,3602,118414,11000,585000,0.0,13436000.0,15347000000.0,0.0,1270000,4869000,4100000000.0,30528,67,1297,2043,BEL,78,0.006136269,0.011332112,0.007689569,0.012021858,0.022807335,Low Power,4723,0.00039431827688172805,0.013571192881244079,82.0,-4.0
Bulgaria,6782659,3187850,2611324,61044,37000,3000,0,65,10,5,6,21,0,0,27,4,90,4914,48,24,24,36,0,0,0,0,0,4,3,0,10,1373232000.0,27138500000.0,214061000000.0,46334000000.0,111,3103000,2,78,4029,19512,4000,101000,15000000.0,20837000.0,2801000000.0,5663000000.0,35516000,35970000,2366000000.0,110880,354,1806,470,BGR,99,0.004132915,0.012570074,0.00491278,0.043715847,0.007327475,Low Power,5105,0.0007526546742214226,0.006415143346989877,100.0,-1.0
Serbia,6652212,3259584,2574406,79827,25000,2000,600000,110,11,17,3,33,0,0,46,4,262,3683,90,150,98,20,0,0,0,0,0,0,0,7,5,2287461000.0,35200000000.0,162213000000.0,27569000000.0,43,3333000,0,0,3333,44248,13000,82000,77500000.0,353376000.0,2939000000.0,48139000000.0,35129000,38297000,7514000000.0,77474,0,2322,587,SRB,101,0.004053599,0.010522676,0.008116768,0.021857923,0.005332552,Low Power,4075,0.0006125781920359724,0.014101588651957611,102.0,-1.0
Syria,23865423,15273871,13245310,668232,170000,50000,50000,207,104,9,3,15,1,0,77,14,365,11148,90,641,204,27,0,0,0,0,0,0,0,16,4,291850000.0,4309500000.0,55935900000.0,341962500.0,39,6315000,3,24,2052,69873,75000,138000,2500000000.0,3085000000.0,3084000000.0,240693000000.0,0,47000,0.0,187437,193,2363,900,SYR,57,0.021315457,0.03098413,0.015735137,0.029508197,0.001454271,Low Power,11747,0.0004922183864078169,0.005217579407857923,41.0,16.0
Ecuador,18309984,8422593,6738074,329580,41250,118000,1500,102,0,0,20,34,8,0,46,0,54,5204,5,106,24,30,0,0,0,2,0,2,6,5,0,2376000000.0,44898000000.0,260213000000.0,4442000000.0,310,8893000,6,154,965,43950,480000,225000,8273000000.0,309778000.0,309778000.0,10902000000.0,0,21000,24000000.0,283560,2237,2237,1500,ECU,67,0.010879463,0.013304331,0.007262371,0.03715847,0.007478106,Low Power,5390,0.00029437491589288115,0.009130981157743849,58.0,9.0
Democratic Republic of the Congo,115403027,39237029,31389623,2538867,166580,31000,10000,46,1,6,6,1,0,0,32,8,105,916,8,60,25,16,0,0,0,0,0,0,0,16,0,796560000.0,4994000000.0,154012000000.0,3898125000.0,272,35983000,3,24,4007,152373,19000,26000,180000000.0,380000.0,380000.0,991090000.0,0,23000,987999000.0,2344858,37,10481,15000,UNK,14,0.050109666,0.002581175,0.003844785,0.017486339,0.004377641,Low Power,1083,9.384502539955039e-06,0.00517206451445342,18.0,-4.0
Cuba,10966038,5921661,4737328,142558,45500,40000,1145000,31,11,0,4,3,0,0,13,4,113,6864,60,130,15,19,0,0,0,0,0,1,1,6,4,4508784000.0,33066000000.0,141400000000.0,10442000000.0,123,5317000,34,65,8367,60000,34000,165000,124000000.0,659434000.0,659434000.0,70792000000.0,0,2000,0.0,110860,3735,29,240,CUB,80,0.007583258,0.017787557,0.00249199,0.021857923,0.00431021,Low Power,7027,0.0006407966122313273,0.031886732673267325,68.0,12.0
Austria,8967982,4035592,3632033,98648,16000,125600,0,85,15,0,11,18,0,0,41,0,56,7322,30,0,0,0,0,0,0,0,0,0,0,0,0,5475750000.0,630000000000.0,590354000000.0,31212000000.0,61,4825000,0,1,6123,137039,18000,245000,35200000.0,618209000.0,8136000000.0,5040000000.0,1271000,5026000,0.0,83871,0,2524,358,AUT,94,0.005916172,0.018353912,0.006051976,0.0,0.017782354,Low Power,7463,0.0008321827586183826,0.00927536698319991,86.0,8.0
Sri Lanka,21982608,10551652,8551235,307757,346000,90000,0,85,5,0,14,8,3,0,55,9,44,3190,0,96,28,270,27136,0,0,0,0,5,0,59,0,1265400000.0,46409500000.0,287132000000.0,3450700000.0,18,8707000,6,96,1562,114093,0,121000,0.0,0.0,0.0,0.0,0,2084000,0.0,65610,1340,0,160,LKA,61,0.014200161,0.00820463,0.006692773,0.300546448,0.008188422,Low Power,3589,0.00016326543238181747,0.004407032305699121,49.0,12.0
Belarus,9501451,5035769,3724569,104516,63000,145000,55000,185,36,50,4,27,0,0,68,29,507,6916,357,215,206,0,0,0,0,0,0,0,0,0,0,1077900000.0,44000000000.0,254407000000.0,8118000000.0,46,4956000,0,4,5528,86600,30000,131000,198000000.0,73929000.0,16683000000.0,2832000000.0,0,778000,0.0,207600,0,3599,2500,BLR,91,0.006168709,0.020341166,0.015236739,0.0,0.007379987,Low Power,7608,0.0008007198058486015,0.0042369117201963786,80.0,11.0
Slovakia,5563649,2837461,2353424,61200,19500,0,0,41,2,0,7,9,1,0,22,0,45,3074,35,9,25,0,0,0,0,0,0,0,0,0,0,2656000000.0,127600000000.0,213053000000.0,11288000000.0,114,2823000,0,0,3627,56926,7000,94000,9000000.0,52556000.0,60424000.0,14158000000.0,2343000,5794000,19000000.0,49035,0,1587,172,SVK,111,0.00369056,0.00777861,0.002919188,0.0,0.00633225,Low Power,3160,0.0005679725662060996,0.012466381604577265,105.0,6.0
Qatar,2552088,638022,490001,12760,66550,15000,5500,251,102,6,12,51,0,0,80,24,99,5024,46,12,16,115,0,0,0,0,0,0,4,105,0,9432000000.0,187000000000.0,304973000000.0,51539000000.0,8,2035000,6,123,0,7039,1815000,297000,25244000.0,169595000000.0,41515000000.0,23861000000000.0,0,0,0.0,11586,563,87,0,QAT,131,0.000828325,0.012813155,0.019579922,0.12568306,0.010309199,Low Power,5489,0.002150787903865384,0.03092732799296987,136.0,-5.0
Sudan,50467278,26747657,17108407,1312149,92000,85000,17500,165,37,27,13,15,0,0,64,35,224,2900,100,287,192,6,0,0,0,0,0,0,0,6,0,342000000.0,37846000000.0,136039000000.0,206763700.0,41,13590000,4,14,7251,31000,68000,127000,1250000000.0,0.0,0.0,84951000000.0,0,0,0.0,1861484,853,6819,4068,SDN,29,0.027385279,0.009069198,0.014239943,0.006557377,0.003744552,Low Power,3295,6.528982997656422e-05,0.002513984960195238,31.0,-2.0
Croatia,4150116,2033557,1564594,53952,14325,20100,2000,67,10,0,0,28,0,0,37,0,45,2848,25,42,42,30,0,0,0,0,0,0,0,10,1,1176000000.0,55000000000.0,159305000000.0,3176000000.0,40,1744000,16,384,2617,26958,11000,70000,71000000.0,741456000.0,2502000000.0,24919000000.0,0,702000,0.0,56594,5835,2237,4714,HRV,120,0.002460888,0.007312495,0.004770381,0.032786885,0.004519329,Low Power,2990,0.0007204617895017874,0.007382065848529551,119.0,1.0
Jordan,11174024,3463947,2983464,145262,100500,65000,35000,274,44,6,13,66,13,0,155,44,1458,16624,358,80,56,27,0,0,0,0,0,0,0,27,0,2500000000.0,25646500000.0,106806000000.0,15715600000.0,17,3063000,1,34,509,7203,20,97000,1000000.0,187262000.0,4382000000.0,6031000000.0,0,479000,0.0,89342,26,1744,0,JOR,79,0.004923624,0.046340871,0.022641509,0.029508197,0.003413505,Low Power,18383,0.0016451548699018366,0.02340692470460461,95.0,-16.0
Libya,7361263,3827857,3290485,125141,32000,0,100000,143,10,1,6,38,0,0,16,4,43,1816,15,28,25,5,0,0,0,0,0,0,1,1,1,3060000000.0,3322000000.0,121951000000.0,92427000000.0,66,2398000,14,96,2000,37000,1245000,230000,48363000000.0,11832000000.0,9212000000.0,1505000000000.0,0,0,0.0,1759540,1770,4339,0,LBY,98,0.005199335,0.00461855,0.010466358,0.005464481,0.006058652,Low Power,2007,0.00027264343088950906,0.0250920451656813,90.0,8.0
Turkmenistan,5744151,2768681,2245963,109139,36500,0,3500,91,24,27,5,9,0,0,26,10,654,5016,73,450,164,16,0,0,0,0,0,0,0,16,0,1078020000.0,2134500000.0,94790000000.0,23415400000.0,23,2163000,0,73,5113,58592,272000,152000,600000000.0,86472000000.0,41561000000.0,11327000000000.0,0,0,800000000.0,488100,1768,4158,1300,TKM,108,0.003546825,0.01572011,0.007191171,0.017486339,0.003249266,Low Power,5777,0.0010057186867127972,0.011372718641206878,106.0,2.0
Albania,3107100,1522479,1292554,62142,6600,2000,500,19,0,0,0,0,0,0,19,0,46,1796,0,50,135,19,0,0,0,0,0,0,0,19,0,558862420.0,7312000000.0,49592000000.0,6455000000.0,3,1388000,3,67,424,3945,1400,2600,150000000.0,50623000.0,50623000.0,5692000000.0,379000,389000,522000000.0,28748,362,691,41,ALB,127,0.001987605,0.004869149,0.001352795,0.020765027,0.001455306,Low Power,1880,0.0006050658169997747,0.011269205113728021,125.0,2.0
Kuwait,3138355,1726095,1449920,37660,72000,24000,7500,128,43,0,2,13,0,3,67,16,367,5636,74,0,27,123,0,0,0,0,0,0,0,106,0,6950000000.0,55000000000.0,219060000000.0,52619000000.0,6,2463000,6,176,0,5749,2910000,372000,101500000000.0,19285000000.0,26083000000.0,1784000000000.0,0,145000,0.0,17818,499,475,0,KWT,126,0.002376518,0.015086093,0.010252759,0.13442623,0.007810064,Low Power,6254,0.0019927637249450747,0.03172646763443805,120.0,6.0
Bolivia,12311974,5417269,4112199,233928,40000,40000,0,64,0,0,15,19,0,0,33,0,54,890,0,106,0,67,0,0,0,0,0,0,0,50,0,550200000.0,11431000000.0,119785000000.0,1800000000.0,200,6114000,0,50,3690,90568,58000,87000,240900000.0,13760000000.0,3055000000.0,302990000000.0,0,9000,1000000.0,1098581,0,7252,10000,BOL,76,0.00658124,0.002420792,0.004556782,0.073224044,0.00333089,Low Power,1075,8.731337476833528e-05,0.004593229536252452,75.0,1.0
Bahrain,1566888,846120,720768,17236,18400,110000,1500,132,24,0,3,40,0,0,80,34,150,2764,38,26,17,64,0,0,0,0,0,2,2,50,0,1597200000.0,49500000000.0,85491000000.0,5118000000.0,3,855000,4,184,0,4122,189000,72000,186500000.0,18005000000.0,17924000000.0,81382000000.0,0,0,0.0,760,161,0,0,BHR,138,0.001269436,0.007294953,0.011819153,0.072131148,0.00247426,Low Power,3110,0.0019848259735220385,0.018682668351054497,132.0,6.0
Oman,3901992,1482757,1291559,50726,42600,100000,10000,128,29,10,9,45,4,0,31,0,150,4084,24,140,0,22,0,0,0,0,0,0,5,12,0,8200000000.0,50897000000.0,185960000000.0,17455000000.0,36,2316000,7,57,0,60230,1056000,211000,5375000000.0,40754000000.0,27364000000.0,651287000000.0,0,31000,0.0,309500,2092,1561,0,OMN,121,0.002198939,0.010810865,0.009113564,0.024043716,0.005891986,Low Power,4384,0.0011235287002126094,0.04409550440955044,122.0,-1.0
Kenya,58246378,21551160,14037377,931942,50000,0,25000,156,17,0,21,31,2,0,85,2,188,4128,18,53,0,23,0,0,0,0,0,0,0,7,0,1307383850.0,30514500000.0,314063000000.0,7342000000.0,370,25502000,4,26,3819,161452,0,119000,0.0,0.0,0.0,0.0,0,1168000,0.0,580367,536,3457,0,KEN,26,0.02230387,0.010783299,0.011249555,0.025136612,0.009071822,Low Power,4495,7.717218056030884e-05,0.004162807621400802,38.0,-12.0
Chad,19093595,6873694,3856906,381872,33250,0,5000,40,0,7,7,8,2,0,16,3,90,3316,10,10,20,0,0,0,0,0,0,0,0,0,0,381350000.0,2038000000.0,32446000000.0,211591000.0,42,5806000,0,0,0,40000,124000,15000,1500000000.0,0.0,0.0,0.0,0,0,0.0,1284000,0,6406,12400,TCD,64,0.006101318,0.008425157,0.003061588,0.0,0.000780772,Low Power,3446,0.00018047937017622926,0.01175337483819269,83.0,-19.0
Yemen,32140443,12213368,9031464,610668,66700,0,20000,84,27,12,2,15,0,0,30,7,0,550,0,15,10,33,0,0,0,0,0,0,1,12,1,810375000.0,6343500000.0,67003300000.0,923361750.0,36,6883000,10,30,0,71300,15000,60000,3000000000.0,189432000.0,189432000.0,478555000000.0,0,165000,0.0,527968,1906,1601,0,YEM,48,0.014376418,0.001230444,0.006479174,0.036065574,0.001802525,Low Power,667,2.0752669774962343e-05,0.012094553551839984,48.0,0.0
New Zealand,5161211,2219321,1775457,61935,8670,3250,300,48,0,0,8,13,6,0,21,0,0,2114,0,31,0,8,0,0,0,0,0,2,0,4,0,3030000000.0,209683000000.0,254770000000.0,15487000000.0,202,3068000,22,117,4128,94000,12000,154000,40993000.0,3770000000.0,3819000000.0,31149000000.0,3036000,2441000,7575000000.0,268838,15134,0,0,NZL,116,0.002760174,0.005164857,0.003417586,0.010928962,0.007657165,Low Power,2170,0.00042044396169813633,0.011893080032970915,116.0,0.0
Paraguay,7522549,3535598,3001497,150451,15650,168500,15000,39,0,0,11,13,1,0,14,0,0,1108,0,25,0,72,0,0,0,0,0,0,0,63,0,17595000000.0,14370000000.0,108022000000.0,9886000000.0,83,3469000,1,108,30,78811,2000,57000,0.0,0.0,0.0,0.0,0,1000,0.0,406752,0,4655,3100,PRY,97,0.004981911,0.002628789,0.002776789,0.078688525,0.003713504,Low Power,1219,0.0001620461362232403,0.16288348669715427,94.0,3.0
Lithuania,2628186,1708321,1332490,36795,23000,104000,14150,9,0,0,5,0,0,0,4,0,0,1263,21,54,0,14,0,0,0,0,0,0,0,7,4,2388900000.0,44000000000.0,132712000000.0,6168000000.0,65,1510000,2,59,1911,84166,4000,68000,12000000.0,0.0,1601000000.0,0.0,0,263000,0.0,65300,90,1545,441,LTU,130,0.002239188,0.003142518,0.000640797,0.015300546,0.003878536,Low Power,1286,0.0004893108783016118,0.01800063294954488,121.0,9.0
Mozambique,33350954,14674420,7770772,533615,11200,0,3000,22,8,0,4,1,1,0,8,2,30,872,0,52,6,33,0,0,0,0,0,0,0,33,0,412400000.0,12100000000.0,50631000000.0,3515000000.0,92,15191000,11,36,4787,31083,0,40000,0.0,5388000000.0,1347000000.0,2832000000000.0,9015000,11000,1792000000.0,799380,2470,4783,460,MOZ,46,0.012285096,0.002195252,0.001708793,0.036065574,0.001396703,Low Power,957,2.869483133825797e-05,0.00814520748158243,54.0,-8.0
Tunisia,12048847,6024424,5181004,204830,89800,0,12000,154,10,0,11,28,4,0,101,0,90,7913,0,85,0,58,0,0,0,0,0,0,0,51,0,1400000000.0,27084500000.0,153637000000.0,9240000000.0,14,4445000,16,72,2173,20000,35000,108000,425000000.0,1323000000.0,5153000000.0,65129000000.0,0,2000,0.0,163610,1148,1495,0,TUN,77,0.008295055,0.020057989,0.010964756,0.063387978,0.004537075,Low Power,8215,0.0006818079771450331,0.009112388291882814,66.0,11.0
Armenia,2976765,1666988,1366335,44651,57500,210000,5000,71,4,15,3,13,0,0,36,20,109,1306,145,148,100,0,0,0,0,0,0,0,0,0,0,1700000000.0,9014000000.0,57728000000.0,3607000000.0,11,1356000,0,0,686,7700,0,14000,0.0,0.0,2861000000.0,0.0,60,23000,317000000.0,29743,0,1570,0,ARM,128,0.002516208,0.004320336,0.006479174,0.0,0.001639321,Low Power,1486,0.0004991996345025556,0.029448447893569846,118.0,10.0
Tanzania,67462121,12143182,6678750,607159,27000,80000,6500,39,14,0,6,7,0,0,12,0,62,1072,0,0,0,12,0,0,0,0,0,0,0,10,0,1406745334.0,18983500000.0,234050000000.0,5693050000.0,206,31219000,8,381,4097,145203,0,58000,0.0,1808000000.0,1808000000.0,6513000000.0,2511000,802000,1410000000.0,947300,1424,4161,0,TZA,23,0.010702181,0.002631295,0.002776789,0.013114754,0.006737333,Low Power,1185,1.7565412744731224e-05,0.006010447912839137,59.0,-36.0
Cameroon,30966105,10528476,6224187,495458,40000,0,12500,35,0,0,6,6,2,0,21,0,0,430,18,52,20,51,0,0,0,0,0,0,0,51,0,554952283.0,9506000000.0,138925000000.0,5754093000.0,37,11965000,7,198,987,77589,54000,40000,200000000.0,2595000000.0,877058000.0,135071000000.0,0,0,0.0,475440,400,5018,0,CMR,51,0.00987346,0.001092614,0.00249199,0.055737705,0.003992026,Low Power,516,1.6663380815895314e-05,0.00399461783696239,62.0,-11.0
Georgia,4900961,2744538,2225036,93118,55000,152500,0,61,0,5,2,10,0,0,44,11,123,3392,67,121,42,19,0,0,0,0,0,0,0,31,4,495629055.0,13488000000.0,83656000000.0,5002000000.0,19,1853000,3,26,1363,20295,300,32000,35000000.0,8760000.0,2796000000.0,8495000000.0,256000,516000,900999000.0,69700,310,1814,0,GEO,117,0.003785279,0.00917445,0.005126379,0.020765027,0.00238689,Low Power,3595,0.0007335296077646813,0.005924608575595295,104.0,13.0
Cambodia,17063669,8190561,5733393,307146,221000,0,10000,25,0,0,4,0,0,0,21,0,644,3627,30,430,463,20,0,0,0,0,0,0,0,20,0,860000000.0,13200000000.0,85900000000.0,17801000000.0,13,9175000,2,195,642,47263,0,73000,0.0,0.0,0.0,0.0,113000,2215000,0.0,181035,443,2530,3700,KHM,72,0.009381222,0.012805637,0.001779993,0.021857923,0.00282788,Low Power,4316,0.00025293505165858526,0.010011641443538999,64.0,8.0
Slovenia,2097893,1006989,826570,22867,7300,26000,5000,39,0,0,4,23,0,0,16,0,54,1428,0,18,0,2,0,0,0,0,0,0,0,2,0,886860000.0,55000000000.0,102036000000.0,2370000000.0,42,1055000,2,8,1207,38985,0,45000,0.0,3863000.0,840902000.0,0.0,2358000,2553000,95000000.0,20273,47,1211,710,SVN,135,0.001286441,0.00354849,0.002776789,0.002185792,0.002848828,Low Power,1523,0.0007259664816079753,0.00869163824532518,130.0,5.0
Ireland,5233461,2407392,1999182,57568,7765,1700,0,22,0,0,4,8,2,0,8,0,0,1712,0,0,0,8,0,0,0,0,0,0,0,8,0,1500000000.0,3300000000000.0,608463000000.0,12905000000.0,100,2766000,21,94,1688,99830,600,156000,0.0,1447000000.0,5280000000.0,9911000000.0,0,1322000,40000000.0,70273,1448,443,956,IRL,115,0.003111754,0.004079761,0.001566394,0.008743169,0.017662893,Low Power,1742,0.0003328581219961322,0.002465227959629427,108.0,7.0
Mongolia,3281676,1870555,1552233,62352,35000,135000,50000,7,0,0,3,2,0,0,2,0,420,2560,0,500,130,0,0,0,0,0,0,0,0,0,0,165110000.0,19542500000.0,56264000000.0,4782000000.0,35,1403000,0,318,1815,113200,15000,36000,0.0,0.0,0.0,0.0,28276000,6393000,2520000000.0,1564116,0,8082,580,MNG,125,0.002656665,0.00883614,0.000498398,0.0,0.001587117,Low Power,2987,0.0009102056388260145,0.002934558509881985,117.0,8.0
Latvia,1801246,810561,648449,16211,17250,36000,12500,7,0,0,0,0,0,0,7,0,0,1848,47,0,0,18,0,0,0,0,0,0,0,11,6,1138000000.0,44180400000.0,71154000000.0,4957000000.0,56,978000,5,83,2216,70244,2000,35000,0.0,0.0,828214000.0,0.0,0,20000,0.0,64589,498,1370,300,LVA,137,0.00103512,0.004538358,0.000498398,0.019672131,0.002046155,Low Power,1873,0.0010398357581363122,0.015993478933018522,134.0,3.0
Uruguay,3425330,1575652,1322177,54805,25000,0,5000,43,0,6,6,12,5,2,12,0,31,3042,6,70,4,14,0,0,0,0,0,0,0,2,2,772400000.0,49500000000.0,105096000000.0,16257000000.0,64,1775000,8,58,1673,77732,400,52000,0.0,0.0,86037000.0,0.0,0,18000,0.0,176215,660,1591,1600,URY,124,0.002060732,0.0076909,0.003061588,0.015300546,0.003330609,Low Power,3130,0.0009137805700472656,0.0073494709598842965,124.0,0.0
Honduras,9529188,4192843,3144632,95292,52225,60000,23000,40,4,7,10,10,1,0,8,0,11,614,0,32,0,98,0,0,0,0,0,0,0,93,0,413635000.0,8805500000.0,68854000000.0,7543000000.0,129,4676000,8,489,699,14742,20,67000,0.0,0.0,0.0,0.0,0,190000,0.0,112090,832,1575,465,HND,90,0.005095058,0.001435935,0.002847989,0.107103825,0.002033608,Low Power,763,8.006978139165687e-05,0.006007421500566416,92.0,-2.0
Ivory Coast,29981758,12292521,7855221,569653,22000,0,5500,19,0,0,4,2,3,0,10,3,5,656,0,2,3,3,0,0,0,0,0,0,0,3,0,669600935.0,19311500000.0,202758000000.0,7583484000.0,29,10954000,5,25,660,81996,29000,60000,100000000.0,2635000000.0,2635000000.0,28317000000.0,0,0,0.0,322463,515,3458,980,UNK,52,0.012436439,0.001458489,0.001566394,0.003278689,0.005874701,Low Power,683,2.27805187407623e-05,0.0033024637005691516,52.0,0.0
Guatemala,18255216,7484639,6279794,182552,106114,90000,35000,36,0,4,10,0,0,0,21,0,5,688,0,50,0,25,0,0,0,0,0,0,0,20,0,408635000.0,27500000000.0,223183000000.0,21311000000.0,58,7258000,3,9,800,17440,6000,115000,86110000.0,3276000.0,2986000.0,0.0,0,1296000,0.0,108889,400,1667,990,GTM,68,0.010209867,0.001651451,0.00256319,0.027322404,0.006844747,Low Power,754,4.13032636809118e-05,0.001830941424750093,61.0,7.0
Mali,21990607,6817088,4288168,351850,40000,0,4800,43,9,12,7,4,1,0,10,8,10,570,0,10,20,0,0,0,0,0,0,0,0,0,0,650386000.0,4057500000.0,57235000000.0,647800000.0,30,8277000,0,0,593,139107,0,46000,0.0,0.0,0.0,0.0,0,0,0.0,1240192,0,7908,1800,MLI,60,0.006797283,0.001318154,0.003631185,0.0,0.00151047,Low Power,623,2.8330277558959606e-05,0.01136343146675985,73.0,-13.0
Kyrgyzstan,6172101,3147772,2487357,117270,23000,300000,55000,7,0,0,0,0,0,0,7,2,215,2686,30,169,21,0,0,0,0,0,0,0,0,0,0,221800000.0,6728500000.0,45461000000.0,3237000000.0,28,3069000,0,0,424,34000,6000,31000,40000000.0,31026000.0,438000000.0,5663000000.0,3637000,3352000,28499000000.0,199951,0,4573,576,KGZ,104,0.004385606,0.007610709,0.000640797,0.0,0.001235315,Low Power,2908,0.0004711523677269701,0.004878907195178285,98.0,6.0
Laos,7953556,3499565,2521277,159071,100000,30000,120000,33,0,0,2,8,0,0,23,0,160,4380,40,87,64,36,0,0,0,0,0,0,0,36,0,135000000.0,16500000000.0,64173000000.0,1770000000.0,18,3174000,0,1,422,39568,0,24000,0.0,0.0,0.0,0.0,14845000,13691000,62000000.0,236800,0,5274,4600,LAO,96,0.00413284,0.011645362,0.002349591,0.039344262,0.001726418,Low Power,4609,0.0005794892246939608,0.002103688467112337,101.0,-5.0
Estonia,1193791,584958,456028,13132,7700,78800,10000,5,0,0,2,3,0,0,3,0,0,1685,36,0,0,8,0,0,0,0,0,0,0,4,4,1463360000.0,26400000000.0,57377000000.0,2593000000.0,26,752000,20,72,1441,58412,24000,28000,0.0,0.0,354912000.0,0.0,0,3000,0.0,45228,3794,657,335,EST,139,0.00078221,0.004102315,0.000355999,0.008743169,0.001593478,Low Power,1698,0.001422359525243531,0.025504296146539554,137.0,2.0
Tajikistan,10394063,4781269,3773045,176699,9500,600000,20000,25,0,0,1,4,0,0,20,6,38,1240,3,13,20,0,0,0,0,0,0,0,0,0,0,446000000.0,7150000000.0,46467000000.0,2748900000.0,19,2677000,0,0,680,30000,300,28000,12000000.0,18476000.0,85567000.0,5663000000.0,2175000,2245000,4075000000.0,144100,0,4130,200,TJK,87,0.006883684,0.003082375,0.002207191,0.0,0.001256555,Low Power,1303,0.00012536002523748412,0.009598209481997978,69.0,18.0
Zambia,20799116,7279691,4139024,374384,15150,0,1200,77,0,0,13,34,0,0,32,0,35,424,12,30,25,0,0,0,0,0,0,0,0,0,0,394240000.0,13200000000.0,76493000000.0,2861000000.0,119,7051000,0,2,3126,67671,0,34000,0.0,0.0,0.0,0.0,831000,823000,944999000.0,752618,0,6043,0,ZMB,62,0.006520821,0.00110765,0.005482378,0.0,0.002117688,Low Power,536,2.5770326008086113e-05,0.005153935654242872,77.0,-15.0
Ghana,34589092,14873310,9961658,622604,15500,0,0,19,0,0,2,5,2,0,10,0,0,1824,0,6,6,28,0,0,0,0,0,0,0,27,0,308500000.0,22550000000.0,229639000000.0,3624000000.0,11,14887000,4,52,947,65725,174000,110000,660000000.0,3192000000.0,3912000000.0,22653000000.0,0,85000,0.0,238533,539,2420,1293,GHA,44,0.015773068,0.004390504,0.001352795,0.030601093,0.006520426,Low Power,1871,5.409219762114599e-05,0.0013434129220210853,45.0,-1.0
Zimbabwe,17150352,6517134,3721626,360157,29000,0,21800,95,13,0,14,40,0,0,28,6,15,828,0,0,0,0,0,0,0,0,0,0,0,0,0,530800000.0,11000000000.0,58583000000.0,115530000.0,144,6561000,0,0,3427,97267,800,29000,0.0,0.0,0.0,0.0,3877000,4479000,502000000.0,390757,0,3229,0,ZWE,71,0.005879616,0.001902051,0.007191171,0.0,0.001530395,Low Power,938,5.469275499418321e-05,0.009060648993735383,87.0,-16.0
North Macedonia,2135622,948216,783773,27763,9000,60000,3500,20,0,0,0,10,0,0,10,4,20,1108,0,150,17,0,0,0,0,0,0,0,0,0,0,388421700.0,11000000000.0,42444000000.0,5015000000.0,13,801000,0,0,699,14182,0,22000,0.0,0.0,274928000.0,0.0,5075000,5776000,332000000.0,25713,0,838,0,MKD,134,0.001275164,0.003034761,0.001708793,0.0,0.001204621,Low Power,1148,0.0005375483114521203,0.00915139242295731,131.0,3.0
South Sudan,12703714,6351857,4065188,330297,185000,0,0,20,0,0,5,0,0,0,15,6,30,1950,24,0,15,0,0,0,0,0,0,0,0,0,0,175300000.0,2475000000.0,20010000000.0,183615000.0,82,4471000,0,0,248,90200,146000,14000,3750000000.0,0.0,0.0,0.0,0,0,0.0,644329,0,6018,0,SSD,75,0.00667338,0.004849101,0.001851193,0.0,0.00041813,Low Power,2000,0.00015743427473257032,0.008760619690154922,74.0,1.0
Uganda,49283041,16756234,9905891,985661,45000,0,10000,51,6,0,0,12,0,0,30,6,259,3862,6,26,12,0,0,0,0,0,0,0,0,0,0,985400000.0,11818000000.0,135668000000.0,3506500000.0,39,18881000,0,0,1244,20544,0,43000,2500000000.0,0.0,0.0,14158000000.0,0,0,800000000.0,241038,0,2729,0,UGA,31,0.015731332,0.010226968,0.004058384,0.0,0.003846794,Low Power,4172,8.465386703714165e-05,0.007263319279417401,46.0,-15.0
Lebanon,5364482,2092148,1775644,69738,60000,35000,65000,80,0,9,0,9,0,0,68,0,116,4538,12,353,11,64,0,0,0,0,0,0,0,61,0,768250325.0,36928000000.0,65818000000.0,26498095000.0,8,1771000,5,51,401,21705,0,174000,0.0,0.0,0.0,0.0,0,207000,0.0,10400,225,484,0,LBN,114,0.002892478,0.012394654,0.005695977,0.069945355,0.002499395,Low Power,4798,0.0008944013606532747,0.011672343811723237,111.0,3.0
Namibia,2803660,616805,400923,30840,13000,0,5000,34,11,0,3,14,0,0,7,2,4,2094,0,25,25,15,0,0,0,0,0,0,2,12,0,370500000.0,8800000000.0,29944000000.0,2956000000.0,255,989000,2,15,2628,48875,0,25000,0.0,0.0,0.0,62297000000.0,0,32000,350000000.0,824292,1572,4220,0,NAM,129,0.000577867,0.005172375,0.00256319,0.016393443,0.000787399,Low Power,2147,0.0007657847242532975,0.012373096446700508,139.0,-10.0
Luxembourg,671254,154388,92633,3356,1000,0,0,1,0,0,1,0,0,0,0,0,0,182,0,0,0,0,0,0,0,0,0,0,0,0,0,726092925.0,4730000000000.0,88533000000.0,2977000000.0,3,352000,0,147,271,2875,0,51000,0.0,0.0,594240000.0,0.0,0,62000,0.0,2586,0,327,37,LUX,141,6.9e-05,0.000245588,7.12e-05,0.0,0.002475116,Low Power,183,0.0002726240737485363,0.008201381688184068,141.0,0.0
Afghanistan,40121552,15647405,8826741,842553,0,0,80000,9,0,0,3,0,0,0,6,1,0,5202,0,0,0,0,0,0,0,0,0,0,0,0,0,290000000.0,1142500000.0,54772700000.0,8852092000.0,67,8921000,0,0,0,34903,0,2700,0.0,80200000.0,80200000.0,49554000000.0,4885000,1545000,66000000.0,652230,0,5987,1200,AFG,36,0.013945149,0.012825685,0.000711997,0.0,0.001664502,Low Power,5211,0.00012988031968454261,0.005294608445448189,50.0,-14.0
Niger,26342784,7902835,5294900,447827,25000,0,5000,26,0,2,7,0,2,0,13,1,0,456,0,0,0,0,0,0,0,0,0,0,0,0,0,336400000.0,3844000000.0,44561000000.0,1442772000.0,26,10237000,0,0,0,18949,6000,13000,150000000.0,29509000.0,29858000.0,0.0,457000,457000,90000000.0,1267000,0,5834,300,NER,55,0.008373065,0.00093223,0.001922392,0.0,0.00116148,Low Power,482,1.829723084697502e-05,0.007549202217185432,65.0,-10.0
Eritrea,6343956,2220385,1598677,76127,120000,130000,0,20,1,0,5,1,0,0,13,6,65,860,23,75,22,23,0,0,0,0,0,0,0,18,0,198000000.0,635504500.0,9702000000.0,225014976.0,10,1800000,2,9,306,16000,0,4000,0.0,0.0,0.0,0.0,0,0,0.0,117600,2234,1840,0,ERI,103,0.002857574,0.002408262,0.001851193,0.025136612,0.000124928,Low Power,968,0.0001525861780882465,0.02040816326530612,113.0,-10.0
Republic of the Congo,6097665,2256136,1353682,115856,8500,0,2500,13,2,0,4,0,0,0,7,1,30,644,2,38,30,4,0,0,0,0,0,0,0,0,0,306400000.0,5741000000.0,38163000000.0,715391000.0,56,2461000,5,11,510,23324,267000,12000,2885000000.0,423000000.0,423000000.0,283990000000.0,0,0,0.0,342000,169,5008,1120,COG,105,0.002084574,0.001653957,0.000996796,0.004371585,0.000956679,Low Power,691,0.00011332206672554166,0.00802871891622776,123.0,-18.0
Botswana,2450668,1029281,617568,24507,21000,0,0,45,11,0,9,9,0,0,16,0,45,1224,12,36,20,0,0,0,0,0,0,0,0,0,0,465600000.0,1853500000.0,46742000000.0,4756000000.0,122,1170000,0,0,888,31747,0,21000,0.0,0.0,0.0,0.0,2634000,2291000,1660000000.0,581730,0,4347,0,BWA,133,0.00093481,0.003140012,0.003203987,0.0,0.001322434,Low Power,1314,0.0005361803394013388,0.009961062855675837,135.0,-2.0
Mauritania,4328040,1687936,1181555,82233,31540,66000,5000,24,0,4,7,7,2,0,4,0,25,628,0,75,0,6,0,0,0,0,0,0,0,6,0,261250000.0,3661000000.0,30395000000.0,2629290500.0,25,1179000,2,11,728,12253,0,29000,20000000.0,0.0,0.0,28317000000.0,0,0,0.0,1030700,754,5002,1086,MRT,119,0.001952555,0.001613861,0.001708793,0.006557377,0.00078783,Low Power,683,0.00015780815334423895,0.008595163678236551,126.0,-7.0
Dominican Republic,10815857,4975294,4034315,97343,50000,0,30000,79,0,8,11,17,1,0,50,0,5,540,0,11,0,34,0,0,0,0,0,0,0,14,0,810800000.0,27500000000.0,261616000000.0,15547000000.0,32,5302000,17,40,496,19705,0,134000,0.0,0.0,2440000000.0,0.0,0,2188000,0.0,48320,1288,376,0,DOM,82,0.006409821,0.00118283,0.005624778,0.03715847,0.007791311,Low Power,658,6.0836603146657725e-05,0.0030991988257598924,79.0,3.0
Senegal,18847519,7162057,4089912,395798,17000,0,0,40,0,0,5,23,1,0,20,5,0,1740,0,20,6,4,0,0,0,0,0,0,0,4,0,465150000.0,11326000000.0,77382000000.0,889295000.0,19,5257000,6,36,906,16665,9000,55000,0.0,54646000.0,54498000.0,0.0,0,502000,0.0,196722,531,2684,1000,SEN,65,0.006445726,0.004215085,0.003203987,0.004371585,0.002088728,Low Power,1784,9.465436803645085e-05,0.006011087849887571,78.0,-13.0
Nepal,31122387,15249970,11733140,778060,95000,0,15000,15,0,0,5,0,0,0,10,0,0,1108,0,14,0,0,0,0,0,0,0,0,0,0,0,409100000.0,5838500000.0,144310000000.0,12456000000.0,51,8937000,0,0,59,27990,0,62000,0.0,0.0,0.0,0.0,15000,1095000,8000000.0,147181,0,3159,0,NPL,50,0.018714127,0.002601223,0.001067996,0.0,0.004333804,Low Power,1123,3.608335054762991e-05,0.0028348693784214537,44.0,6.0
Montenegro,599849,143964,85179,3599,2350,0,5500,11,0,0,0,0,0,0,11,0,0,471,0,12,12,14,0,0,0,0,0,0,0,2,0,148100000.0,2958500000.0,17115000000.0,1574000000.0,5,286000,4,18,250,7762,0,8000,0.0,0.0,0.0,0.0,1734000,1517000,337000000.0,13812,294,680,0,MNE,143,5.93e-05,0.001029964,0.000783197,0.015300546,0.000374286,Low Power,496,0.000826874763482143,0.008653228162430616,143.0,0.0
El Salvador,6628702,3181777,2512278,145831,25000,10000,15000,52,0,15,4,10,0,0,30,0,0,1844,0,76,0,14,0,0,0,0,0,0,0,10,0,334620000.0,14258000000.0,71957000000.0,3799434000.0,27,2870000,3,5,13,9012,3,58000,0.0,0.0,226472.0,0.0,0,500,0.0,21041,307,590,422,SLV,102,0.003967594,0.004601008,0.003702385,0.015300546,0.002013012,Low Power,1910,0.00028814087584567836,0.004650277248912545,103.0,-1.0
Burkina Faso,23042199,8525614,6060098,368675,12000,0,4500,25,0,3,2,0,2,0,18,5,0,491,0,8,9,0,0,0,0,0,0,0,0,0,0,81280000.0,3145000000.0,57152000000.0,47138000.0,49,8577000,0,0,622,15304,0,36000,0.0,0.0,0.0,0.0,0,0,0.0,274200,0,3611,0,BFA,59,0.009568246,0.001062542,0.002135991,0.0,0.001474613,Low Power,516,2.239369601833575e-05,0.0014221724524076148,63.0,-4.0
Madagascar,29452714,11192031,7952233,559602,13500,0,8100,5,0,0,0,0,0,0,5,0,6,158,0,9,0,6,0,0,0,0,0,0,0,4,0,112210000.0,3028500000.0,51255000000.0,2632000000.0,91,15830000,13,29,836,31640,0,19000,0.0,0.0,0.0,0.0,0,511000,150000000.0,587040,4828,0,600,MDG,53,0.012577077,0.000223034,0.000355999,0.006557377,0.001380698,Low Power,175,5.941727475437408e-06,0.002189249829284948,51.0,2.0
Nicaragua,6676948,3271705,2777610,146893,45000,0,5500,17,0,0,5,1,0,0,11,0,89,1869,0,0,0,23,0,0,0,0,0,0,0,23,0,92000000.0,9053000000.0,51088000000.0,5447000000.0,39,3264000,5,5,0,23897,200,36000,0.0,0.0,0.0,0.0,0,0,0.0,130370,910,1253,2220,NIC,100,0.004405075,0.004696236,0.001210395,0.025136612,0.001455911,Low Power,1998,0.00029923851436314914,0.001800814281240213,97.0,3.0
Bosnia and Herzegovina,3798671,2355176,1956316,49383,12770,6000,0,22,0,0,0,0,0,0,22,0,45,720,0,457,79,0,0,0,0,0,0,0,0,0,0,216400000.0,7760500000.0,63769000000.0,9205000000.0,13,1369000,1,0,965,22926,0,36000,0.0,0.0,225824000.0,0.0,14114000,14766000,2264000000.0,51197,20,1543,990,BIH,122,0.003058428,0.003049797,0.001566394,0.0,0.001929989,Low Power,787,0.0002071777208397358,0.003393498408317521,109.0,13.0
Gabon,2455105,932940,532758,46647,4800,0,2500,24,6,0,3,0,0,0,15,0,0,424,0,0,14,5,0,0,0,0,0,0,0,4,0,274820000.0,6280000000.0,48201000000.0,1568196000.0,40,763000,9,87,649,14300,204000,16000,2000000000.0,463000000.0,463000000.0,25995000000.0,0,0,0.0,267667,885,3261,1600,GAB,132,0.000774313,0.000887122,0.001708793,0.005464481,0.001267492,Low Power,453,0.0001845134933129133,0.005701541461795398,138.0,-6.0
Moldova,3599528,2159717,1792565,71991,8500,67000,2000,3,0,0,1,0,0,0,2,0,0,500,9,67,11,0,0,0,0,0,0,0,0,0,0,1710000000.0,4565500000.0,38969000000.0,5453000000.0,11,1464000,0,75,1171,9352,0,22000,0.0,10000.0,2344000000.0,0.0,0,120000,0.0,33851,0,1885,558,MDA,123,0.00288838,0.001260516,0.000213599,0.0,0.001155522,Low Power,503,0.0001397405437601819,0.04388103364212579,112.0,11.0
Iceland,364036,83728,50237,1820,0,0,0,0,0,0,0,0,0,0,0,0,0,150,0,0,0,0,0,0,0,0,0,0,0,0,0,312400000.0,22000000000.0,26155000000.0,5809000000.0,83,239000,43,39,0,12898,0,18000,0.0,0.0,0.0,0.0,0,188000,0.0,100250,4970,0,0,ISL,145,0.0,0.000165396,0.0,0.0,0.000758946,Low Power,150,0.0004120471601709721,0.011944178933282356,145.0,0.0
Panama,4470241,2011608,1206965,53643,0,0,80000,38,0,0,13,0,2,0,23,0,0,262,0,0,0,30,0,0,0,0,0,0,0,27,0,917202000.0,1115530000000.0,159867000000.0,6757000000.0,76,2096000,12,8174,77,11978,0,146000,0.0,0.0,389611000.0,0.0,0,837000,0.0,75420,2490,687,800,PAN,118,0.001837946,0.000446067,0.002705589,0.032786885,0.004630503,Low Power,330,7.382152326910339e-05,0.005737281615342754,129.0,-11.0
Beliz,415789,158000,90226,8732,1650,850,0,3,0,0,1,0,1,0,1,0,0,130,0,0,0,8,0,0,0,0,0,0,0,8,0,29538000.0,1248000000.0,5257000000.0,473729000.0,27,190000,2,774,0,3281,800,5000,6700000.0,0.0,0.0,0.0,0,0,0.0,22966,386,542,825,UNK,144,6.75e-05,0.000115276,0.000213599,0.008743169,0.0,Low Power,141,0.0003391143103833916,0.005618793988967092,142.0,2.0
Liberia,5437249,2392390,1913912,65247,1500,0,5500,0,0,0,0,0,0,0,0,0,0,300,0,0,0,4,0,0,0,0,0,0,0,4,0,364800000.0,830923000.0,8884000000.0,599660000.0,99,2499000,4,4821,429,10600,0,4000,0.0,0.0,0.0,0.0,0,0,0.0,111369,579,1667,0,LBR,113,0.002963611,0.000541295,0.0,0.004371585,0.000117012,Low Power,304,5.5910626862959556e-05,0.041062584421431784,110.0,3.0
Suriname,646758,142287,84079,3234,2000,0,200,3,0,0,0,0,0,0,3,0,0,650,0,0,0,17,0,0,0,0,0,0,0,17,0,144000000.0,2200000000.0,11824000000.0,1346000000.0,55,250000,4,13,0,4304,14000,15000,89000000.0,7109000.0,6967000.0,0.0,0,0,0.0,163820,386,1907,1200,SUR,142,5.7e-05,0.001418394,0.000213599,0.018579235,0.000216203,Low Power,670,0.001035936161593672,0.012178619756427604,144.0,-2.0
Sierra Leone,9121049,2006631,1203978,45605,13000,0,0,1,0,0,0,0,0,0,1,0,0,150,0,0,0,7,0,0,0,0,0,0,0,7,0,228600000.0,2687000000.0,14633000000.0,495699000.0,8,2913000,3,584,0,11701,0,9000,0.0,0.0,0.0,0.0,0,0,0.0,71740,402,1093,800,SLE,93,0.001853856,0.000165396,7.12e-05,0.007650273,0.000274687,Low Power,158,1.732256892820113e-05,0.015622223740859701,128.0,-35.0
Kosovo,1977093,917371,743387,17794,10000,5000,500,0,0,0,0,0,0,0,0,0,0,737,0,0,0,0,0,0,0,0,0,0,0,0,0,260715150.0,2750000000.0,23794000000.0,1245000000.0,4,500300,0,0,437,2012,0,15000,0.0,0.0,0.0,0.0,9074000,8927000,1564000000.0,10887,0,714,0,UNK,136,0.001125193,0.001636415,0.0,0.0,0.000559259,Low Power,737,0.00037276951564746825,0.01095718038160881,133.0,3.0
Somalia,13017273,2993973,1796384,130173,15000,0,2000,0,0,0,0,0,0,0,0,0,0,682,0,0,0,10,0,0,0,0,0,0,0,10,0,171002350.0,5830000000.0,26351000000.0,16747500.0,38,3277000,6,4,0,15000,0,6000,0.0,0.0,0.0,5663000000.0,0,0,0.0,637657,3025,2385,0,SOM,74,0.002798319,0.001498585,0.0,0.010928962,0.000594723,Low Power,692,5.316013576729934e-05,0.006489406474137604,115.0,-41.0
Central African Republic,5650957,2203873,1254512,101717,10000,0,1000,6,0,6,0,0,0,0,0,0,0,228,0,0,0,0,0,0,0,0,0,0,0,0,0,45990000.0,666293000.0,5849000000.0,374405000.0,43,2114000,0,0,0,24000,0,2000,0.0,0.0,0.0,0.0,0,0,3000000.0,622984,0,5920,2800,CAF,109,0.001929384,0.000360863,0.000427198,0.0,1.46e-05,Low Power,234,4.140891533947259e-05,0.00786288254402462,127.0,-18.0
Benin,14697052,5584880,3189260,308638,4750,0,0,5,0,0,0,0,0,0,5,0,0,92,0,16,0,2,0,0,0,0,0,0,0,2,0,98350000.0,4066500000.0,52510000000.0,698900000.0,10,4964000,1,6,438,16000,0,46000,8000000.0,0.0,182131000.0,1133000000.0,0,45000,0.0,112622,121,2123,150,BEN,73,0.004995199,6.01e-05,0.000355999,0.002185792,0.001360892,Low Power,99,6.736044752376191e-06,0.0018729765758903065,93.0,-20.0
Bhutan,884546,203446,122067,4423,7500,0,0,2,0,0,0,0,0,0,2,0,0,84,0,0,0,0,0,0,0,0,0,0,0,0,0,14000000.0,2757000000.0,10981000000.0,976260000.0,4,430000,0,0,0,12205,0,3000,0.0,0.0,0.0,0.0,177000,325000,0.0,38394,0,1136,0,BTN,140,0.000126049,0.0,0.000142399,0.0,0.000177771,Low Power,86,9.722501712743034e-05,0.0012749294235497677,140.0,0.0
